time,open,high,low,close,volume
2026-08-19T04:20:00+00:00,1.15723,1.15739,1.15717,1.15733,508
2026-08-19T04:25:00+00:00,1.15733,1.15740,1.15727,1.15736,419
2026-08-19T04:30:00+00:00,1.15736,1.15756,1.15736,1.15752,420
2026-08-19T04:35:00+00:00,1.15752,1.15769,1.15751,1.15768,352
2026-08-19T04:40:00+00:00,1.15769,1.15776,1.15767,1.15767,411
2026-08-19T04:45:00+00:00,1.15768,1.15774,1.15761,1.15763,304
2026-08-19T04:50:00+00:00,1.15763,1.15764,1.15752,1.15761,404
2026-08-19T04:55:00+00:00,1.15761,1.15779,1.15760,1.15771,325
2026-08-19T05:00:00+00:00,1.15771,1.15777,1.15765,1.15777,372
2026-08-19T05:05:00+00:00,1.15776,1.15804,1.15775,1.15803,263
2026-08-19T05:10:00+00:00,1.15803,1.15804,1.15786,1.15791,278
2026-08-19T05:15:00+00:00,1.15791,1.15850,1.15775,1.15826,1293
2026-08-19T05:20:00+00:00,1.15826,1.15853,1.15811,1.15832,673
2026-08-19T05:25:00+00:00,1.15832,1.15837,1.15813,1.15821,586
2026-08-19T05:30:00+00:00,1.15821,1.15830,1.15807,1.15813,425
2026-08-19T05:35:00+00:00,1.15813,1.15841,1.15813,1.15831,424
2026-08-19T05:40:00+00:00,1.15831,1.15850,1.15823,1.15846,334
2026-08-19T05:45:00+00:00,1.15846,1.15872,1.15844,1.15848,488
2026-08-19T05:50:00+00:00,1.15848,1.15851,1.15808,1.15820,397
2026-08-19T05:55:00+00:00,1.15819,1.15824,1.15804,1.15824,478
2026-08-19T06:00:00+00:00,1.15824,1.15845,1.15821,1.15836,321
2026-08-19T06:05:00+00:00,1.15836,1.15836,1.15817,1.15826,222
2026-08-19T06:10:00+00:00,1.15826,1.15848,1.15824,1.15843,331
2026-08-19T06:15:00+00:00,1.15844,1.15849,1.15836,1.15838,240
2026-08-19T06:20:00+00:00,1.15838,1.15839,1.15831,1.15833,167
2026-08-19T06:25:00+00:00,1.15833,1.15842,1.15833,1.15837,304
2026-08-19T06:30:00+00:00,1.15837,1.15842,1.15821,1.15823,330
2026-08-19T06:35:00+00:00,1.15822,1.15827,1.15820,1.15822,212
2026-08-19T06:40:00+00:00,1.15822,1.15827,1.15816,1.15826,266
2026-08-19T06:45:00+00:00,1.15827,1.15834,1.15822,1.15831,232
2026-08-19T06:50:00+00:00,1.15831,1.15835,1.15820,1.15821,280
2026-08-19T06:55:00+00:00,1.15820,1.15820,1.15810,1.15812,312
2026-08-19T07:00:00+00:00,1.15812,1.15826,1.15810,1.15814,342
2026-08-19T07:05:00+00:00,1.15814,1.15815,1.15810,1.15813,277
2026-08-19T07:10:00+00:00,1.15813,1.15837,1.15808,1.15835,338
2026-08-19T07:15:00+00:00,1.15835,1.15837,1.15830,1.15836,244
2026-08-19T07:20:00+00:00,1.15836,1.15842,1.15830,1.15836,235
2026-08-19T07:25:00+00:00,1.15836,1.15838,1.15830,1.15833,299
2026-08-19T07:30:00+00:00,1.15833,1.15859,1.15833,1.15847,576
2026-08-19T07:35:00+00:00,1.15847,1.15853,1.15832,1.15833,280
2026-08-19T07:40:00+00:00,1.15833,1.15834,1.15821,1.15833,342
2026-08-19T07:45:00+00:00,1.15833,1.15848,1.15828,1.15843,311
2026-08-19T07:50:00+00:00,1.15843,1.15846,1.15837,1.15843,276
2026-08-19T07:55:00+00:00,1.15843,1.15868,1.15840,1.15857,521
2026-08-19T08:00:00+00:00,1.15857,1.15872,1.15856,1.15861,333
2026-08-19T08:05:00+00:00,1.15861,1.15861,1.15845,1.15847,301
2026-08-19T08:10:00+00:00,1.15847,1.15864,1.15846,1.15862,315
2026-08-19T08:15:00+00:00,1.15862,1.15876,1.15859,1.15868,290
2026-08-19T08:20:00+00:00,1.15869,1.15874,1.15863,1.15867,282
2026-08-19T08:25:00+00:00,1.15867,1.15870,1.15856,1.15863,212
2026-08-19T08:30:00+00:00,1.15863,1.15873,1.15853,1.15871,273
2026-08-19T08:35:00+00:00,1.15872,1.15874,1.15858,1.15869,271
2026-08-19T08:40:00+00:00,1.15869,1.15878,1.15861,1.15875,228
2026-08-19T08:45:00+00:00,1.15875,1.15884,1.15863,1.15879,267
2026-08-19T08:50:00+00:00,1.15880,1.15889,1.15871,1.15876,250
2026-08-19T08:55:00+00:00,1.15876,1.15894,1.15873,1.15885,240
2026-08-19T09:00:00+00:00,1.15885,1.15903,1.15877,1.15899,413
2026-08-19T09:05:00+00:00,1.15899,1.15909,1.15887,1.15907,521
2026-08-19T09:10:00+00:00,1.15907,1.15915,1.15898,1.15898,356
2026-08-19T09:15:00+00:00,1.15898,1.15950,1.15895,1.15948,525
2026-08-19T09:20:00+00:00,1.15948,1.15982,1.15942,1.15974,408
2026-08-19T09:25:00+00:00,1.15974,1.15987,1.15959,1.15978,504
2026-08-19T09:30:00+00:00,1.15978,1.15983,1.15946,1.15952,723
2026-08-19T09:35:00+00:00,1.15951,1.15960,1.15946,1.15955,553
2026-08-19T09:40:00+00:00,1.15955,1.15972,1.15950,1.15959,656
2026-08-19T09:45:00+00:00,1.15959,1.15968,1.15945,1.15967,590
2026-08-19T09:50:00+00:00,1.15967,1.15973,1.15951,1.15961,592
2026-08-19T09:55:00+00:00,1.15961,1.15963,1.15941,1.15945,831
2026-08-19T10:00:00+00:00,1.15945,1.15964,1.15940,1.15942,755
2026-08-19T10:05:00+00:00,1.15942,1.15957,1.15930,1.15938,624
2026-08-19T10:10:00+00:00,1.15938,1.15943,1.15918,1.15933,512
2026-08-19T10:15:00+00:00,1.15933,1.15942,1.15915,1.15934,387
2026-08-19T10:20:00+00:00,1.15934,1.15951,1.15929,1.15937,433
2026-08-19T10:25:00+00:00,1.15937,1.15948,1.15933,1.15947,351
2026-08-19T10:30:00+00:00,1.15947,1.15966,1.15944,1.15964,456
2026-08-19T10:35:00+00:00,1.15964,1.15973,1.15959,1.15967,415
2026-08-19T10:40:00+00:00,1.15967,1.15970,1.15930,1.15940,423
2026-08-19T10:45:00+00:00,1.15939,1.15950,1.15939,1.15946,349
2026-08-19T10:50:00+00:00,1.15946,1.15967,1.15937,1.15961,434
2026-08-19T10:55:00+00:00,1.15961,1.15977,1.15955,1.15965,469
2026-08-19T11:00:00+00:00,1.15965,1.15974,1.15955,1.15971,687
2026-08-19T11:05:00+00:00,1.15972,1.16011,1.15967,1.16008,677
2026-08-19T11:10:00+00:00,1.16008,1.16046,1.16008,1.16035,702
2026-08-19T11:15:00+00:00,1.16035,1.16054,1.16029,1.16035,540
2026-08-19T11:20:00+00:00,1.16036,1.16036,1.15994,1.16003,686
2026-08-19T11:25:00+00:00,1.16002,1.16004,1.15971,1.15984,542
2026-08-19T11:30:00+00:00,1.15984,1.15989,1.15966,1.15981,564
2026-08-19T11:35:00+00:00,1.15981,1.15986,1.15970,1.15978,386
2026-08-19T11:40:00+00:00,1.15978,1.16033,1.15976,1.16021,602
2026-08-19T11:45:00+00:00,1.16021,1.16032,1.16012,1.16023,476
2026-08-19T11:50:00+00:00,1.16024,1.16024,1.15999,1.16005,546
2026-08-19T11:55:00+00:00,1.16006,1.16007,1.15970,1.15981,542
2026-08-19T12:00:00+00:00,1.15981,1.16007,1.15964,1.16001,565
2026-08-19T12:05:00+00:00,1.16001,1.16002,1.15986,1.15987,438
2026-08-19T12:10:00+00:00,1.15987,1.16006,1.15981,1.15996,428
2026-08-19T12:15:00+00:00,1.15996,1.16016,1.15984,1.16010,505
2026-08-19T12:20:00+00:00,1.16010,1.16046,1.16000,1.16042,461
2026-08-19T12:25:00+00:00,1.16041,1.16048,1.16025,1.16041,419
2026-08-19T12:30:00+00:00,1.16041,1.16052,1.16035,1.16050,411
2026-08-19T12:35:00+00:00,1.16050,1.16066,1.16038,1.16041,382
2026-08-19T12:40:00+00:00,1.16040,1.16056,1.16038,1.16050,307
2026-08-19T12:45:00+00:00,1.16050,1.16066,1.16044,1.16066,429
2026-08-19T12:50:00+00:00,1.16066,1.16082,1.16062,1.16066,331
2026-08-19T12:55:00+00:00,1.16066,1.16073,1.16056,1.16064,586
2026-08-19T13:00:00+00:00,1.16064,1.16066,1.16051,1.16057,545
2026-08-19T13:05:00+00:00,1.16057,1.16076,1.16052,1.16070,394
2026-08-19T13:10:00+00:00,1.16070,1.16105,1.16066,1.16096,421
2026-08-19T13:15:00+00:00,1.16096,1.16108,1.16085,1.16101,422
2026-08-19T13:20:00+00:00,1.16102,1.16115,1.16094,1.16105,373
2026-08-19T13:25:00+00:00,1.16105,1.16106,1.16084,1.16104,315
2026-08-19T13:30:00+00:00,1.16104,1.16109,1.16096,1.16106,379
2026-08-19T13:35:00+00:00,1.16106,1.16110,1.16094,1.16101,277
2026-08-19T13:40:00+00:00,1.16101,1.16115,1.16099,1.16110,380
2026-08-19T13:45:00+00:00,1.16110,1.16119,1.16104,1.16105,323
2026-08-19T13:50:00+00:00,1.16105,1.16106,1.16072,1.16073,513
2026-08-19T13:55:00+00:00,1.16074,1.16075,1.16056,1.16065,357
2026-08-19T14:00:00+00:00,1.16065,1.16086,1.16059,1.16061,376
2026-08-19T14:05:00+00:00,1.16061,1.16069,1.16032,1.16034,466
2026-08-19T14:10:00+00:00,1.16035,1.16060,1.16028,1.16056,525
2026-08-19T14:15:00+00:00,1.16056,1.16062,1.16050,1.16052,398
2026-08-19T14:20:00+00:00,1.16052,1.16062,1.16043,1.16060,335
2026-08-19T14:25:00+00:00,1.16060,1.16067,1.16044,1.16047,409
2026-08-19T14:30:00+00:00,1.16047,1.16062,1.16035,1.16061,401
2026-08-19T14:35:00+00:00,1.16061,1.16063,1.16016,1.16025,587
2026-08-19T14:40:00+00:00,1.16025,1.16029,1.15993,1.16008,518
2026-08-19T14:45:00+00:00,1.16007,1.16055,1.16006,1.16047,529
2026-08-19T14:50:00+00:00,1.16046,1.16053,1.16029,1.16042,500
2026-08-19T14:55:00+00:00,1.16042,1.16047,1.16022,1.16028,565
2026-08-19T15:00:00+00:00,1.16028,1.16047,1.16024,1.16032,701
2026-08-19T15:05:00+00:00,1.16032,1.16060,1.16030,1.16048,437
2026-08-19T15:10:00+00:00,1.16048,1.16057,1.16043,1.16057,507
2026-08-19T15:15:00+00:00,1.16056,1.16080,1.16055,1.16079,394
2026-08-19T15:20:00+00:00,1.16079,1.16101,1.16073,1.16084,741
2026-08-19T15:25:00+00:00,1.16084,1.16091,1.16055,1.16066,553
2026-08-19T15:30:00+00:00,1.16066,1.16199,1.16058,1.16190,2120
2026-08-19T15:35:00+00:00,1.16190,1.16298,1.16160,1.16251,2921
2026-08-19T15:40:00+00:00,1.16251,1.16290,1.16215,1.16290,2233
2026-08-19T15:45:00+00:00,1.16290,1.16381,1.16255,1.16377,2121
2026-08-19T15:50:00+00:00,1.16377,1.16409,1.16312,1.16408,2009
2026-08-19T15:55:00+00:00,1.16408,1.16435,1.16354,1.16357,1835
2026-08-19T16:00:00+00:00,1.16357,1.16429,1.16355,1.16416,1927
2026-08-19T16:05:00+00:00,1.16415,1.16471,1.16391,1.16469,1785
2026-08-19T16:10:00+00:00,1.16469,1.16502,1.16454,1.16485,1845
2026-08-19T16:15:00+00:00,1.16485,1.16494,1.16449,1.16483,1735
2026-08-19T16:20:00+00:00,1.16483,1.16501,1.16469,1.16471,1591
2026-08-19T16:25:00+00:00,1.16471,1.16527,1.16441,1.16526,1963
2026-08-19T16:30:00+00:00,1.16526,1.16591,1.16526,1.16544,1960
2026-08-19T16:35:00+00:00,1.16544,1.16564,1.16480,1.16559,2164
2026-08-19T16:40:00+00:00,1.16559,1.16571,1.16499,1.16555,1719
2026-08-19T16:45:00+00:00,1.16555,1.16571,1.16520,1.16524,1647
2026-08-19T16:50:00+00:00,1.16524,1.16580,1.16497,1.16580,2118
2026-08-19T16:55:00+00:00,1.16580,1.16596,1.16546,1.16564,2216
2026-08-19T17:00:00+00:00,1.16564,1.16594,1.16537,1.16585,2060
2026-08-19T17:05:00+00:00,1.16585,1.16601,1.16564,1.16587,1586
2026-08-19T17:10:00+00:00,1.16587,1.16680,1.16584,1.16641,1344
2026-08-19T17:15:00+00:00,1.16641,1.16680,1.16631,1.16670,1744
2026-08-19T17:20:00+00:00,1.16670,1.16689,1.16629,1.16649,1827
2026-08-19T17:25:00+00:00,1.16649,1.16721,1.16649,1.16720,1712
2026-08-19T17:30:00+00:00,1.16720,1.16751,1.16704,1.16709,1401
2026-08-19T17:35:00+00:00,1.16709,1.16772,1.16708,1.16768,1414
2026-08-19T17:40:00+00:00,1.16768,1.16770,1.16734,1.16765,1346
2026-08-19T17:45:00+00:00,1.16764,1.16765,1.16662,1.16669,1282
2026-08-19T17:50:00+00:00,1.16669,1.16685,1.16617,1.16617,1663
2026-08-19T17:55:00+00:00,1.16618,1.16665,1.16607,1.16633,1901
2026-08-19T18:00:00+00:00,1.16634,1.16649,1.16603,1.16635,1694
2026-08-19T18:05:00+00:00,1.16634,1.16657,1.16608,1.16609,1345
2026-08-19T18:10:00+00:00,1.16609,1.16646,1.16591,1.16643,1195
2026-08-19T18:15:00+00:00,1.16643,1.16660,1.16608,1.16617,1083
2026-08-19T18:20:00+00:00,1.16616,1.16640,1.16570,1.16574,1402
2026-08-19T18:25:00+00:00,1.16574,1.16610,1.16568,1.16602,1244
2026-08-19T18:30:00+00:00,1.16602,1.16640,1.16594,1.16636,846
2026-08-19T18:35:00+00:00,1.16637,1.16681,1.16634,1.16658,895
2026-08-19T18:40:00+00:00,1.16658,1.16676,1.16633,1.16673,977
2026-08-19T18:45:00+00:00,1.16673,1.16680,1.16637,1.16648,723
2026-08-19T18:50:00+00:00,1.16648,1.16649,1.16610,1.16617,914
2026-08-19T18:55:00+00:00,1.16617,1.16639,1.16609,1.16638,776
2026-08-19T19:00:00+00:00,1.16638,1.16666,1.16637,1.16662,1068
2026-08-19T19:05:00+00:00,1.16662,1.16698,1.16642,1.16697,895
2026-08-19T19:10:00+00:00,1.16697,1.16718,1.16686,1.16704,682
2026-08-19T19:15:00+00:00,1.16704,1.16717,1.16661,1.16668,737
2026-08-19T19:20:00+00:00,1.16668,1.16701,1.16663,1.16693,516
2026-08-19T19:25:00+00:00,1.16693,1.16709,1.16667,1.16676,838
2026-08-19T19:30:00+00:00,1.16676,1.16714,1.16672,1.16704,826
2026-08-19T19:35:00+00:00,1.16704,1.16707,1.16683,1.16693,518
2026-08-19T19:40:00+00:00,1.16693,1.16700,1.16682,1.16690,553
2026-08-19T19:45:00+00:00,1.16690,1.16709,1.16683,1.16693,521
2026-08-19T19:50:00+00:00,1.16693,1.16718,1.16693,1.16711,529
2026-08-19T19:55:00+00:00,1.16710,1.16721,1.16682,1.16684,553
2026-08-19T20:00:00+00:00,1.16684,1.16723,1.16677,1.16679,1015
2026-08-19T20:05:00+00:00,1.16679,1.16687,1.16645,1.16660,968
2026-08-19T20:10:00+00:00,1.16660,1.16670,1.16638,1.16654,854
2026-08-19T20:15:00+00:00,1.16654,1.16655,1.16628,1.16637,619
2026-08-19T20:20:00+00:00,1.16638,1.16649,1.16632,1.16646,600
2026-08-19T20:25:00+00:00,1.16646,1.16646,1.16622,1.16640,496
2026-08-19T20:30:00+00:00,1.16640,1.16646,1.16614,1.16628,468
2026-08-19T20:35:00+00:00,1.16628,1.16631,1.16608,1.16612,413
2026-08-19T20:40:00+00:00,1.16612,1.16640,1.16610,1.16618,511
2026-08-19T20:45:00+00:00,1.16617,1.16622,1.16608,1.16609,544
2026-08-19T20:50:00+00:00,1.16609,1.16618,1.16593,1.16599,508
2026-08-19T20:55:00+00:00,1.16599,1.16609,1.16585,1.16591,456
2026-08-19T21:00:00+00:00,1.16591,1.16691,1.16587,1.16690,1435
2026-08-19T21:05:00+00:00,1.16690,1.16708,1.16646,1.16684,1617
2026-08-19T21:10:00+00:00,1.16684,1.16714,1.16680,1.16694,807
2026-08-19T21:15:00+00:00,1.16693,1.16697,1.16659,1.16680,689
2026-08-19T21:20:00+00:00,1.16680,1.16680,1.16619,1.16623,630
2026-08-19T21:25:00+00:00,1.16623,1.16623,1.16599,1.16611,756
2026-08-19T21:30:00+00:00,1.16611,1.16669,1.16608,1.16664,746
2026-08-19T21:35:00+00:00,1.16664,1.16699,1.16664,1.16697,683
2026-08-19T21:40:00+00:00,1.16696,1.16743,1.16696,1.16720,881
2026-08-19T21:45:00+00:00,1.16720,1.16736,1.16713,1.16735,633
2026-08-19T21:50:00+00:00,1.16735,1.16742,1.16715,1.16741,553
2026-08-19T21:55:00+00:00,1.16741,1.16752,1.16730,1.16735,773
2026-08-19T22:00:00+00:00,1.16735,1.16747,1.16704,1.16707,686
2026-08-19T22:05:00+00:00,1.16707,1.16768,1.16698,1.16762,704
2026-08-19T22:10:00+00:00,1.16762,1.16764,1.16729,1.16735,598
2026-08-19T22:15:00+00:00,1.16735,1.16761,1.16734,1.16753,583
2026-08-19T22:20:00+00:00,1.16751,1.16760,1.16745,1.16756,362
2026-08-19T22:25:00+00:00,1.16756,1.16786,1.16753,1.16778,522
2026-08-19T22:30:00+00:00,1.16778,1.16792,1.16771,1.16775,851
2026-08-19T22:35:00+00:00,1.16775,1.16776,1.16728,1.16745,935
2026-08-19T22:40:00+00:00,1.16745,1.16753,1.16731,1.16735,516
2026-08-19T22:45:00+00:00,1.16735,1.16741,1.16719,1.16737,472
2026-08-19T22:50:00+00:00,1.16737,1.16771,1.16734,1.16770,505
2026-08-19T22:55:00+00:00,1.16770,1.16779,1.16753,1.16772,703
2026-08-19T23:00:00+00:00,1.16772,1.16783,1.16767,1.16777,334
2026-08-19T23:05:00+00:00,1.16777,1.16779,1.16761,1.16773,181
2026-08-19T23:10:00+00:00,1.16774,1.16774,1.16756,1.16758,255
2026-08-19T23:15:00+00:00,1.16758,1.16762,1.16753,1.16756,124
2026-08-19T23:20:00+00:00,1.16756,1.16772,1.16756,1.16772,109
2026-08-19T23:25:00+00:00,1.16772,1.16777,1.16751,1.16754,172
2026-08-19T23:30:00+00:00,1.16754,1.16779,1.16752,1.16775,264
2026-08-19T23:35:00+00:00,1.16775,1.16782,1.16770,1.16781,193
2026-08-19T23:40:00+00:00,1.16781,1.16787,1.16778,1.16784,126
2026-08-19T23:45:00+00:00,1.16784,1.16791,1.16778,1.16791,86
2026-08-19T23:50:00+00:00,1.16791,1.16791,1.16780,1.16781,144
2026-08-19T23:55:00+00:00,1.16781,1.16783,1.16770,1.16771,252
2026-08-20T00:00:00+00:00,1.16771,1.16771,1.16743,1.16762,31
2026-08-20T00:05:00+00:00,1.16762,1.16771,1.16762,1.16762,10
2026-08-20T00:10:00+00:00,1.16762,1.16763,1.16760,1.16760,8
2026-08-20T00:15:00+00:00,1.16760,1.16760,1.16744,1.16758,9
2026-08-20T00:20:00+00:00,1.16758,1.16758,1.16758,1.16758,5
2026-08-20T00:25:00+00:00,1.16758,1.16758,1.16757,1.16758,7
2026-08-20T00:30:00+00:00,1.16758,1.16758,1.16757,1.16758,11
2026-08-20T00:35:00+00:00,1.16758,1.16758,1.16758,1.16758,5
2026-08-20T00:40:00+00:00,1.16758,1.16758,1.16751,1.16753,18
2026-08-20T00:45:00+00:00,1.16754,1.16769,1.16754,1.16767,36
2026-08-20T00:50:00+00:00,1.16767,1.16791,1.16767,1.16787,38
2026-08-20T00:55:00+00:00,1.16787,1.16790,1.16766,1.16766,27
2026-08-20T01:00:00+00:00,1.16766,1.16804,1.16764,1.16798,290
2026-08-20T01:05:00+00:00,1.16798,1.16800,1.16793,1.16798,190
2026-08-20T01:10:00+00:00,1.16798,1.16800,1.16778,1.16790,384
2026-08-20T01:15:00+00:00,1.16790,1.16793,1.16778,1.16778,210
2026-08-20T01:20:00+00:00,1.16778,1.16783,1.16776,1.16779,267
2026-08-20T01:25:00+00:00,1.16779,1.16780,1.16774,1.16777,293
2026-08-20T01:30:00+00:00,1.16777,1.16782,1.16763,1.16768,336
2026-08-20T01:35:00+00:00,1.16768,1.16775,1.16761,1.16770,207
2026-08-20T01:40:00+00:00,1.16770,1.16771,1.16760,1.16769,114
2026-08-20T01:45:00+00:00,1.16769,1.16770,1.16760,1.16763,116
2026-08-20T01:50:00+00:00,1.16763,1.16768,1.16756,1.16759,309
2026-08-20T01:55:00+00:00,1.16759,1.16762,1.16749,1.16751,296
2026-08-20T02:00:00+00:00,1.16751,1.16764,1.16742,1.16761,400
2026-08-20T02:05:00+00:00,1.16761,1.16775,1.16760,1.16762,272
2026-08-20T02:10:00+00:00,1.16762,1.16764,1.16753,1.16756,146
2026-08-20T02:15:00+00:00,1.16756,1.16759,1.16747,1.16750,88
2026-08-20T02:20:00+00:00,1.16750,1.16754,1.16744,1.16748,150
2026-08-20T02:25:00+00:00,1.16748,1.16751,1.16738,1.16746,137
2026-08-20T02:30:00+00:00,1.16746,1.16753,1.16736,1.16736,136
2026-08-20T02:35:00+00:00,1.16736,1.16749,1.16735,1.16747,173
2026-08-20T02:40:00+00:00,1.16747,1.16747,1.16729,1.16730,138
2026-08-20T02:45:00+00:00,1.16730,1.16741,1.16726,1.16734,199
2026-08-20T02:50:00+00:00,1.16734,1.16740,1.16732,1.16736,261
2026-08-20T02:55:00+00:00,1.16736,1.16743,1.16731,1.16743,326
2026-08-20T03:00:00+00:00,1.16743,1.16799,1.16743,1.16789,1019
2026-08-20T03:05:00+00:00,1.16789,1.16795,1.16745,1.16748,519
2026-08-20T03:10:00+00:00,1.16748,1.16776,1.16744,1.16771,354
2026-08-20T03:15:00+00:00,1.16771,1.16795,1.16766,1.16783,520
2026-08-20T03:20:00+00:00,1.16783,1.16784,1.16740,1.16745,433
2026-08-20T03:25:00+00:00,1.16745,1.16754,1.16740,1.16750,464
2026-08-20T03:30:00+00:00,1.16750,1.16775,1.16748,1.16759,473
2026-08-20T03:35:00+00:00,1.16759,1.16776,1.16750,1.16752,468
2026-08-20T03:40:00+00:00,1.16753,1.16760,1.16746,1.16750,489
2026-08-20T03:45:00+00:00,1.16750,1.16750,1.16726,1.16734,312
2026-08-20T03:50:00+00:00,1.16734,1.16741,1.16723,1.16740,546
2026-08-20T03:55:00+00:00,1.16740,1.16758,1.16734,1.16744,514
2026-08-20T04:00:00+00:00,1.16744,1.16749,1.16708,1.16710,809
2026-08-20T04:05:00+00:00,1.16710,1.16723,1.16700,1.16717,810
2026-08-20T04:10:00+00:00,1.16717,1.16726,1.16702,1.16724,631
2026-08-20T04:15:00+00:00,1.16724,1.16762,1.16724,1.16759,776
2026-08-20T04:20:00+00:00,1.16760,1.16788,1.16759,1.16787,866
2026-08-20T04:25:00+00:00,1.16787,1.16801,1.16769,1.16792,379
2026-08-20T04:30:00+00:00,1.16793,1.16828,1.16747,1.16799,1289
2026-08-20T04:35:00+00:00,1.16799,1.16821,1.16790,1.16808,1050
2026-08-20T04:40:00+00:00,1.16808,1.16809,1.16781,1.16783,546
2026-08-20T04:45:00+00:00,1.16784,1.16796,1.16750,1.16751,786
2026-08-20T04:50:00+00:00,1.16751,1.16754,1.16736,1.16748,755
2026-08-20T04:55:00+00:00,1.16747,1.16765,1.16741,1.16764,854
2026-08-20T05:00:00+00:00,1.16765,1.16839,1.16754,1.16811,1062
2026-08-20T05:05:00+00:00,1.16811,1.16826,1.16779,1.16779,916
2026-08-20T05:10:00+00:00,1.16779,1.16786,1.16767,1.16772,591
2026-08-20T05:15:00+00:00,1.16772,1.16772,1.16740,1.16742,528
2026-08-20T05:20:00+00:00,1.16742,1.16762,1.16728,1.16757,515
2026-08-20T05:25:00+00:00,1.16757,1.16762,1.16749,1.16754,579
2026-08-20T05:30:00+00:00,1.16755,1.16764,1.16749,1.16756,588
2026-08-20T05:35:00+00:00,1.16756,1.16761,1.16742,1.16759,337
2026-08-20T05:40:00+00:00,1.16760,1.16783,1.16755,1.16761,398
2026-08-20T05:45:00+00:00,1.16761,1.16770,1.16753,1.16753,305
2026-08-20T05:50:00+00:00,1.16753,1.16758,1.16747,1.16752,384
2026-08-20T05:55:00+00:00,1.16752,1.16754,1.16740,1.16750,515
2026-08-20T06:00:00+00:00,1.16749,1.16760,1.16743,1.16748,510
2026-08-20T06:05:00+00:00,1.16748,1.16753,1.16742,1.16748,410
2026-08-20T06:10:00+00:00,1.16748,1.16789,1.16744,1.16780,524
2026-08-20T06:15:00+00:00,1.16780,1.16781,1.16756,1.16771,390
2026-08-20T06:20:00+00:00,1.16771,1.16802,1.16770,1.16798,352
2026-08-20T06:25:00+00:00,1.16798,1.16801,1.16768,1.16770,504
2026-08-20T06:30:00+00:00,1.16770,1.16785,1.16769,1.16778,485
2026-08-20T06:35:00+00:00,1.16778,1.16778,1.16754,1.16768,515
2026-08-20T06:40:00+00:00,1.16768,1.16783,1.16763,1.16779,311
2026-08-20T06:45:00+00:00,1.16779,1.16791,1.16777,1.16782,391
2026-08-20T06:50:00+00:00,1.16782,1.16796,1.16778,1.16795,307
2026-08-20T06:55:00+00:00,1.16796,1.16798,1.16789,1.16795,366
2026-08-20T07:00:00+00:00,1.16794,1.16800,1.16791,1.16791,309
2026-08-20T07:05:00+00:00,1.16791,1.16800,1.16783,1.16798,278
2026-08-20T07:10:00+00:00,1.16798,1.16803,1.16793,1.16793,324
2026-08-20T07:15:00+00:00,1.16794,1.16797,1.16782,1.16786,326
2026-08-20T07:20:00+00:00,1.16786,1.16790,1.16769,1.16770,293
2026-08-20T07:25:00+00:00,1.16770,1.16777,1.16766,1.16771,395
2026-08-20T07:30:00+00:00,1.16771,1.16777,1.16763,1.16770,204
2026-08-20T07:35:00+00:00,1.16769,1.16776,1.16761,1.16771,320
2026-08-20T07:40:00+00:00,1.16771,1.16775,1.16759,1.16759,374
2026-08-20T07:45:00+00:00,1.16760,1.16764,1.16756,1.16761,279
2026-08-20T07:50:00+00:00,1.16761,1.16769,1.16761,1.16763,156
2026-08-20T07:55:00+00:00,1.16763,1.16774,1.16717,1.16729,529
2026-08-20T08:00:00+00:00,1.16729,1.16754,1.16728,1.16751,429
2026-08-20T08:05:00+00:00,1.16751,1.16754,1.16742,1.16744,259
2026-08-20T08:10:00+00:00,1.16744,1.16747,1.16729,1.16739,429
2026-08-20T08:15:00+00:00,1.16739,1.16743,1.16723,1.16734,264
2026-08-20T08:20:00+00:00,1.16734,1.16751,1.16731,1.16746,323
2026-08-20T08:25:00+00:00,1.16746,1.16747,1.16713,1.16715,371
2026-08-20T08:30:00+00:00,1.16715,1.16736,1.16710,1.16719,531
2026-08-20T08:35:00+00:00,1.16719,1.16725,1.16711,1.16713,641
2026-08-20T08:40:00+00:00,1.16713,1.16718,1.16703,1.16707,472
2026-08-20T08:45:00+00:00,1.16707,1.16727,1.16702,1.16723,490
2026-08-20T08:50:00+00:00,1.16723,1.16728,1.16707,1.16711,419
2026-08-20T08:55:00+00:00,1.16710,1.16774,1.16709,1.16761,742
2026-08-20T09:00:00+00:00,1.16761,1.16778,1.16737,1.16743,702
2026-08-20T09:05:00+00:00,1.16743,1.16763,1.16733,1.16760,396
2026-08-20T09:10:00+00:00,1.16760,1.16803,1.16757,1.16793,827
2026-08-20T09:15:00+00:00,1.16793,1.16800,1.16784,1.16788,567
2026-08-20T09:20:00+00:00,1.16788,1.16790,1.16768,1.16777,642
2026-08-20T09:25:00+00:00,1.16777,1.16786,1.16765,1.16771,576
2026-08-20T09:30:00+00:00,1.16771,1.16779,1.16761,1.16772,521
2026-08-20T09:35:00+00:00,1.16772,1.16800,1.16771,1.16798,556
2026-08-20T09:40:00+00:00,1.16798,1.16802,1.16797,1.16800,238
2026-08-20T09:45:00+00:00,1.16800,1.16876,1.16798,1.16850,1054
2026-08-20T09:50:00+00:00,1.16850,1.16854,1.16830,1.16850,537
2026-08-20T09:55:00+00:00,1.16850,1.16884,1.16849,1.16879,693
2026-08-20T10:00:00+00:00,1.16879,1.16883,1.16818,1.16831,851
2026-08-20T10:05:00+00:00,1.16831,1.16838,1.16809,1.16815,987
2026-08-20T10:10:00+00:00,1.16815,1.16835,1.16810,1.16818,774
2026-08-20T10:15:00+00:00,1.16818,1.16833,1.16801,1.16820,764
2026-08-20T10:20:00+00:00,1.16821,1.16821,1.16788,1.16799,659
2026-08-20T10:25:00+00:00,1.16799,1.16803,1.16782,1.16797,737
2026-08-20T10:30:00+00:00,1.16797,1.16861,1.16797,1.16859,982
2026-08-20T10:35:00+00:00,1.16859,1.16881,1.16853,1.16880,682
2026-08-20T10:40:00+00:00,1.16880,1.16935,1.16875,1.16905,845
2026-08-20T10:45:00+00:00,1.16905,1.16913,1.16866,1.16874,623
2026-08-20T10:50:00+00:00,1.16874,1.16894,1.16858,1.16893,802
2026-08-20T10:55:00+00:00,1.16893,1.16935,1.16889,1.16926,991
2026-08-20T11:00:00+00:00,1.16927,1.16939,1.16907,1.16919,666
2026-08-20T11:05:00+00:00,1.16919,1.16940,1.16909,1.16938,767
2026-08-20T11:10:00+00:00,1.16938,1.16950,1.16934,1.16945,608
2026-08-20T11:15:00+00:00,1.16945,1.16948,1.16907,1.16915,593
2026-08-20T11:20:00+00:00,1.16915,1.16946,1.16915,1.16935,648
2026-08-20T11:25:00+00:00,1.16935,1.16945,1.16900,1.16912,817
2026-08-20T11:30:00+00:00,1.16912,1.16914,1.16888,1.16912,966
2026-08-20T11:35:00+00:00,1.16912,1.16943,1.16906,1.16940,698
2026-08-20T11:40:00+00:00,1.16939,1.16997,1.16939,1.16975,737
2026-08-20T11:45:00+00:00,1.16976,1.16985,1.16948,1.16958,734
2026-08-20T11:50:00+00:00,1.16958,1.16995,1.16953,1.16985,728
2026-08-20T11:55:00+00:00,1.16986,1.16998,1.16965,1.16985,886
2026-08-20T12:00:00+00:00,1.16986,1.16994,1.16961,1.16964,679
2026-08-20T12:05:00+00:00,1.16965,1.16996,1.16955,1.16994,601
2026-08-20T12:10:00+00:00,1.16994,1.17048,1.16994,1.17040,764
2026-08-20T12:15:00+00:00,1.17040,1.17069,1.17036,1.17052,733
2026-08-20T12:20:00+00:00,1.17052,1.17097,1.17051,1.17061,880
2026-08-20T12:25:00+00:00,1.17061,1.17076,1.17048,1.17063,791
2026-08-20T12:30:00+00:00,1.17063,1.17074,1.17044,1.17044,820
2026-08-20T12:35:00+00:00,1.17045,1.17049,1.17012,1.17012,781
2026-08-20T12:40:00+00:00,1.17012,1.17059,1.17012,1.17046,669
2026-08-20T12:45:00+00:00,1.17046,1.17047,1.17007,1.17017,502
2026-08-20T12:50:00+00:00,1.17018,1.17073,1.17014,1.17071,773
2026-08-20T12:55:00+00:00,1.17071,1.17080,1.17051,1.17069,763
2026-08-20T13:00:00+00:00,1.17070,1.17075,1.17040,1.17066,700
2026-08-20T13:05:00+00:00,1.17066,1.17097,1.17059,1.17097,572
2026-08-20T13:10:00+00:00,1.17098,1.17106,1.17081,1.17081,657
2026-08-20T13:15:00+00:00,1.17081,1.17100,1.17081,1.17088,564
2026-08-20T13:20:00+00:00,1.17088,1.17090,1.17049,1.17064,591
2026-08-20T13:25:00+00:00,1.17064,1.17095,1.17053,1.17089,651
2026-08-20T13:30:00+00:00,1.17089,1.17090,1.17069,1.17075,493
2026-08-20T13:35:00+00:00,1.17075,1.17089,1.17040,1.17042,714
2026-08-20T13:40:00+00:00,1.17042,1.17044,1.17023,1.17025,602
2026-08-20T13:45:00+00:00,1.17025,1.17028,1.16995,1.17007,709
2026-08-20T13:50:00+00:00,1.17007,1.17013,1.16946,1.16952,729
2026-08-20T13:55:00+00:00,1.16952,1.16975,1.16943,1.16971,722
2026-08-20T14:00:00+00:00,1.16971,1.16982,1.16952,1.16958,672
2026-08-20T14:05:00+00:00,1.16957,1.16958,1.16924,1.16928,689
2026-08-20T14:10:00+00:00,1.16928,1.16929,1.16903,1.16905,678
2026-08-20T14:15:00+00:00,1.16905,1.16912,1.16888,1.16907,547
2026-08-20T14:20:00+00:00,1.16907,1.16940,1.16901,1.16937,717
2026-08-20T14:25:00+00:00,1.16937,1.16968,1.16912,1.16913,683
2026-08-20T14:30:00+00:00,1.16913,1.16954,1.16901,1.16954,850
2026-08-20T14:35:00+00:00,1.16954,1.16958,1.16929,1.16941,876
2026-08-20T14:40:00+00:00,1.16941,1.16949,1.16874,1.16878,894
2026-08-20T14:45:00+00:00,1.16878,1.16882,1.16835,1.16865,1185
2026-08-20T14:50:00+00:00,1.16866,1.16874,1.16826,1.16843,876
2026-08-20T14:55:00+00:00,1.16843,1.16860,1.16827,1.16846,1116
2026-08-20T15:00:00+00:00,1.16846,1.16859,1.16817,1.16829,1442
2026-08-20T15:05:00+00:00,1.16829,1.16832,1.16778,1.16809,1555
2026-08-20T15:10:00+00:00,1.16809,1.16855,1.16809,1.16839,1487
2026-08-20T15:15:00+00:00,1.16839,1.16876,1.16834,1.16864,1243
2026-08-20T15:20:00+00:00,1.16864,1.16901,1.16858,1.16882,1108
2026-08-20T15:25:00+00:00,1.16882,1.16888,1.16854,1.16864,713
2026-08-20T15:30:00+00:00,1.16866,1.16878,1.16788,1.16792,1098
2026-08-20T15:35:00+00:00,1.16792,1.16843,1.16791,1.16833,1453
2026-08-20T15:40:00+00:00,1.16833,1.16888,1.16818,1.16883,1240
2026-08-20T15:45:00+00:00,1.16883,1.16891,1.16850,1.16885,934
2026-08-20T15:50:00+00:00,1.16885,1.16896,1.16846,1.16847,938
2026-08-20T15:55:00+00:00,1.16847,1.16903,1.16847,1.16886,1103
2026-08-20T16:00:00+00:00,1.16886,1.16947,1.16886,1.16924,1344
2026-08-20T16:05:00+00:00,1.16924,1.16942,1.16902,1.16912,1181
2026-08-20T16:10:00+00:00,1.16912,1.16930,1.16867,1.16876,1227
2026-08-20T16:15:00+00:00,1.16876,1.16901,1.16863,1.16893,1176
2026-08-20T16:20:00+00:00,1.16894,1.16908,1.16863,1.16880,1032
2026-08-20T16:25:00+00:00,1.16880,1.16880,1.16843,1.16869,1199
2026-08-20T16:30:00+00:00,1.16870,1.16886,1.16825,1.16833,1745
2026-08-20T16:35:00+00:00,1.16834,1.16875,1.16834,1.16836,1471
2026-08-20T16:40:00+00:00,1.16836,1.16839,1.16815,1.16829,1151
2026-08-20T16:45:00+00:00,1.16829,1.16837,1.16758,1.16759,1467
2026-08-20T16:50:00+00:00,1.16759,1.16805,1.16759,1.16787,1166
2026-08-20T16:55:00+00:00,1.16787,1.16810,1.16749,1.16753,1285
2026-08-20T17:00:00+00:00,1.16753,1.16795,1.16746,1.16754,1501
2026-08-20T17:05:00+00:00,1.16754,1.16759,1.16740,1.16743,1158
2026-08-20T17:10:00+00:00,1.16743,1.16758,1.16720,1.16721,1113
2026-08-20T17:15:00+00:00,1.16721,1.16750,1.16708,1.16748,1261
2026-08-20T17:20:00+00:00,1.16749,1.16809,1.16747,1.16786,1140
2026-08-20T17:25:00+00:00,1.16785,1.16799,1.16751,1.16788,1117
2026-08-20T17:30:00+00:00,1.16788,1.16817,1.16788,1.16816,952
2026-08-20T17:35:00+00:00,1.16816,1.16827,1.16804,1.16811,1050
2026-08-20T17:40:00+00:00,1.16811,1.16824,1.16798,1.16816,820
2026-08-20T17:45:00+00:00,1.16816,1.16849,1.16814,1.16846,897
2026-08-20T17:50:00+00:00,1.16846,1.16852,1.16823,1.16840,1182
2026-08-20T17:55:00+00:00,1.16840,1.16842,1.16803,1.16829,1691
2026-08-20T18:00:00+00:00,1.16829,1.16938,1.16800,1.16895,3431
2026-08-20T18:05:00+00:00,1.16895,1.16896,1.16775,1.16805,2515
2026-08-20T18:10:00+00:00,1.16805,1.16849,1.16783,1.16837,1886
2026-08-20T18:15:00+00:00,1.16837,1.16844,1.16810,1.16828,1489
2026-08-20T18:20:00+00:00,1.16829,1.16847,1.16777,1.16789,1453
2026-08-20T18:25:00+00:00,1.16789,1.16843,1.16764,1.16843,1301
2026-08-20T18:30:00+00:00,1.16843,1.16854,1.16796,1.16797,1276
2026-08-20T18:35:00+00:00,1.16797,1.16811,1.16770,1.16779,1070
2026-08-20T18:40:00+00:00,1.16779,1.16795,1.16723,1.16734,1197
2026-08-20T18:45:00+00:00,1.16733,1.16779,1.16723,1.16759,1329
2026-08-20T18:50:00+00:00,1.16759,1.16781,1.16748,1.16768,1107
2026-08-20T18:55:00+00:00,1.16768,1.16800,1.16768,1.16790,937
2026-08-20T19:00:00+00:00,1.16789,1.16801,1.16778,1.16788,1302
2026-08-20T19:05:00+00:00,1.16788,1.16794,1.16758,1.16781,710
2026-08-20T19:10:00+00:00,1.16781,1.16792,1.16739,1.16745,651
2026-08-20T19:15:00+00:00,1.16745,1.16767,1.16730,1.16760,682
2026-08-20T19:20:00+00:00,1.16760,1.16761,1.16740,1.16756,778
2026-08-20T19:25:00+00:00,1.16756,1.16761,1.16723,1.16726,842
2026-08-20T19:30:00+00:00,1.16726,1.16729,1.16696,1.16720,932
2026-08-20T19:35:00+00:00,1.16720,1.16732,1.16692,1.16702,716
2026-08-20T19:40:00+00:00,1.16702,1.16722,1.16697,1.16703,739
2026-08-20T19:45:00+00:00,1.16703,1.16733,1.16700,1.16730,867
2026-08-20T19:50:00+00:00,1.16730,1.16735,1.16702,1.16708,455
2026-08-20T19:55:00+00:00,1.16708,1.16744,1.16706,1.16732,875
2026-08-20T20:00:00+00:00,1.16732,1.16751,1.16727,1.16744,773
2026-08-20T20:05:00+00:00,1.16744,1.16747,1.16714,1.16723,537
2026-08-20T20:10:00+00:00,1.16723,1.16723,1.16705,1.16713,486
2026-08-20T20:15:00+00:00,1.16713,1.16723,1.16705,1.16709,680
2026-08-20T20:20:00+00:00,1.16709,1.16719,1.16700,1.16713,488
2026-08-20T20:25:00+00:00,1.16713,1.16736,1.16712,1.16735,409
2026-08-20T20:30:00+00:00,1.16735,1.16742,1.16715,1.16730,515
2026-08-20T20:35:00+00:00,1.16730,1.16738,1.16717,1.16718,519
2026-08-20T20:40:00+00:00,1.16718,1.16726,1.16705,1.16723,388
2026-08-20T20:45:00+00:00,1.16722,1.16735,1.16718,1.16730,387
2026-08-20T20:50:00+00:00,1.16730,1.16740,1.16728,1.16738,320
2026-08-20T20:55:00+00:00,1.16738,1.16746,1.16724,1.16744,376
2026-08-20T21:00:00+00:00,1.16744,1.16753,1.16729,1.16748,621
2026-08-20T21:05:00+00:00,1.16748,1.16759,1.16729,1.16736,489
2026-08-20T21:10:00+00:00,1.16736,1.16740,1.16716,1.16725,666
2026-08-20T21:15:00+00:00,1.16725,1.16726,1.16707,1.16725,540
2026-08-20T21:20:00+00:00,1.16725,1.16732,1.16721,1.16721,312
2026-08-20T21:25:00+00:00,1.16721,1.16731,1.16713,1.16721,333
2026-08-20T21:30:00+00:00,1.16721,1.16736,1.16720,1.16734,283
2026-08-20T21:35:00+00:00,1.16734,1.16747,1.16733,1.16739,312
2026-08-20T21:40:00+00:00,1.16739,1.16749,1.16734,1.16737,377
2026-08-20T21:45:00+00:00,1.16737,1.16753,1.16735,1.16750,298
2026-08-20T21:50:00+00:00,1.16750,1.16762,1.16741,1.16760,283
2026-08-20T21:55:00+00:00,1.16760,1.16765,1.16749,1.16760,555
2026-08-20T22:00:00+00:00,1.16760,1.16761,1.16732,1.16738,468
2026-08-20T22:05:00+00:00,1.16738,1.16746,1.16737,1.16743,400
2026-08-20T22:10:00+00:00,1.16742,1.16765,1.16739,1.16764,409
2026-08-20T22:15:00+00:00,1.16764,1.16769,1.16756,1.16764,334
2026-08-20T22:20:00+00:00,1.16764,1.16773,1.16758,1.16770,522
2026-08-20T22:25:00+00:00,1.16770,1.16775,1.16760,1.16760,220
2026-08-20T22:30:00+00:00,1.16760,1.16776,1.16756,1.16761,564
2026-08-20T22:35:00+00:00,1.16761,1.16774,1.16757,1.16768,286
2026-08-20T22:40:00+00:00,1.16768,1.16769,1.16751,1.16754,255
2026-08-20T22:45:00+00:00,1.16754,1.16765,1.16747,1.16763,385
2026-08-20T22:50:00+00:00,1.16763,1.16774,1.16763,1.16770,348
2026-08-20T22:55:00+00:00,1.16772,1.16786,1.16762,1.16779,516
2026-08-20T23:00:00+00:00,1.16779,1.16792,1.16779,1.16782,262
2026-08-20T23:05:00+00:00,1.16782,1.16788,1.16765,1.16769,184
2026-08-20T23:10:00+00:00,1.16769,1.16775,1.16768,1.16772,105
2026-08-20T23:15:00+00:00,1.16772,1.16773,1.16766,1.16767,202
2026-08-20T23:20:00+00:00,1.16767,1.16768,1.16760,1.16765,39
2026-08-20T23:25:00+00:00,1.16765,1.16778,1.16763,1.16769,127
2026-08-20T23:30:00+00:00,1.16769,1.16778,1.16769,1.16776,126
2026-08-20T23:35:00+00:00,1.16776,1.16784,1.16775,1.16783,63
2026-08-20T23:40:00+00:00,1.16783,1.16792,1.16782,1.16788,90
2026-08-20T23:45:00+00:00,1.16788,1.16798,1.16788,1.16797,196
2026-08-20T23:50:00+00:00,1.16797,1.16797,1.16778,1.16778,613
2026-08-20T23:55:00+00:00,1.16778,1.16792,1.16778,1.16781,159
2026-08-21T00:00:00+00:00,1.16781,1.16786,1.16765,1.16781,64
2026-08-21T00:05:00+00:00,1.16781,1.16792,1.16774,1.16779,37
2026-08-21T00:10:00+00:00,1.16779,1.16789,1.16771,1.16771,24
2026-08-21T00:15:00+00:00,1.16771,1.16775,1.16767,1.16771,33
2026-08-21T00:20:00+00:00,1.16771,1.16776,1.16770,1.16776,20
2026-08-21T00:25:00+00:00,1.16776,1.16787,1.16772,1.16786,24
2026-08-21T00:30:00+00:00,1.16786,1.16789,1.16778,1.16780,41
2026-08-21T00:35:00+00:00,1.16780,1.16786,1.16778,1.16785,32
2026-08-21T00:40:00+00:00,1.16782,1.16786,1.16778,1.16779,44
2026-08-21T00:45:00+00:00,1.16779,1.16782,1.16777,1.16780,42
2026-08-21T00:50:00+00:00,1.16780,1.16781,1.16775,1.16777,36
2026-08-21T00:55:00+00:00,1.16777,1.16778,1.16770,1.16773,55
2026-08-21T01:00:00+00:00,1.16773,1.16823,1.16773,1.16819,106
2026-08-21T01:05:00+00:00,1.16819,1.16819,1.16809,1.16809,11
2026-08-21T01:10:00+00:00,1.16809,1.16819,1.16807,1.16815,222
2026-08-21T01:15:00+00:00,1.16815,1.16823,1.16808,1.16812,203
2026-08-21T01:20:00+00:00,1.16812,1.16819,1.16812,1.16819,168
2026-08-21T01:25:00+00:00,1.16819,1.16840,1.16819,1.16833,172
2026-08-21T01:30:00+00:00,1.16833,1.16833,1.16818,1.16820,175
2026-08-21T01:35:00+00:00,1.16820,1.16825,1.16819,1.16825,111
2026-08-21T01:40:00+00:00,1.16825,1.16826,1.16819,1.16819,75
2026-08-21T01:45:00+00:00,1.16819,1.16829,1.16819,1.16828,106
2026-08-21T01:50:00+00:00,1.16828,1.16844,1.16828,1.16833,147
2026-08-21T01:55:00+00:00,1.16833,1.16835,1.16827,1.16832,160
2026-08-21T02:00:00+00:00,1.16832,1.16861,1.16832,1.16859,258
2026-08-21T02:05:00+00:00,1.16859,1.16859,1.16838,1.16844,213
2026-08-21T02:10:00+00:00,1.16845,1.16856,1.16844,1.16854,287
2026-08-21T02:15:00+00:00,1.16855,1.16870,1.16852,1.16870,144
2026-08-21T02:20:00+00:00,1.16870,1.16871,1.16868,1.16869,143
2026-08-21T02:25:00+00:00,1.16869,1.16869,1.16855,1.16859,89
2026-08-21T02:30:00+00:00,1.16858,1.16871,1.16843,1.16846,156
2026-08-21T02:35:00+00:00,1.16846,1.16859,1.16846,1.16853,259
2026-08-21T02:40:00+00:00,1.16853,1.16871,1.16853,1.16865,191
2026-08-21T02:45:00+00:00,1.16865,1.16875,1.16858,1.16874,150
2026-08-21T02:50:00+00:00,1.16873,1.16874,1.16863,1.16868,276
2026-08-21T02:55:00+00:00,1.16868,1.16880,1.16865,1.16875,259
2026-08-21T03:00:00+00:00,1.16875,1.16884,1.16855,1.16864,729
2026-08-21T03:05:00+00:00,1.16864,1.16865,1.16843,1.16854,477
2026-08-21T03:10:00+00:00,1.16853,1.16891,1.16851,1.16888,475
2026-08-21T03:15:00+00:00,1.16888,1.16897,1.16873,1.16891,481
2026-08-21T03:20:00+00:00,1.16891,1.16895,1.16880,1.16884,394
2026-08-21T03:25:00+00:00,1.16884,1.16897,1.16868,1.16879,415
2026-08-21T03:30:00+00:00,1.16879,1.16881,1.16855,1.16866,520
2026-08-21T03:35:00+00:00,1.16866,1.16882,1.16855,1.16862,345
2026-08-21T03:40:00+00:00,1.16862,1.16864,1.16839,1.16850,294
2026-08-21T03:45:00+00:00,1.16850,1.16857,1.16841,1.16853,359
2026-08-21T03:50:00+00:00,1.16853,1.16863,1.16842,1.16848,424
2026-08-21T03:55:00+00:00,1.16848,1.16854,1.16830,1.16832,530
2026-08-21T04:00:00+00:00,1.16832,1.16854,1.16829,1.16839,803
2026-08-21T04:05:00+00:00,1.16839,1.16853,1.16834,1.16849,427
2026-08-21T04:10:00+00:00,1.16849,1.16874,1.16837,1.16866,637
2026-08-21T04:15:00+00:00,1.16866,1.16896,1.16859,1.16884,669
2026-08-21T04:20:00+00:00,1.16884,1.16907,1.16880,1.16898,489
2026-08-21T04:25:00+00:00,1.16898,1.16912,1.16883,1.16909,567
2026-08-21T04:30:00+00:00,1.16908,1.16930,1.16908,1.16922,516
2026-08-21T04:35:00+00:00,1.16923,1.16927,1.16893,1.16894,473
2026-08-21T04:40:00+00:00,1.16894,1.16899,1.16885,1.16890,470
2026-08-21T04:45:00+00:00,1.16891,1.16907,1.16888,1.16904,338
2026-08-21T04:50:00+00:00,1.16904,1.16908,1.16880,1.16888,368
2026-08-21T04:55:00+00:00,1.16888,1.16905,1.16888,1.16904,438
2026-08-21T05:00:00+00:00,1.16904,1.16915,1.16892,1.16895,374
2026-08-21T05:05:00+00:00,1.16894,1.16906,1.16880,1.16905,424
2026-08-21T05:10:00+00:00,1.16905,1.16925,1.16901,1.16923,316
2026-08-21T05:15:00+00:00,1.16923,1.16926,1.16910,1.16917,218
2026-08-21T05:20:00+00:00,1.16917,1.16969,1.16912,1.16966,574
2026-08-21T05:25:00+00:00,1.16966,1.16969,1.16940,1.16947,304
2026-08-21T05:30:00+00:00,1.16947,1.16966,1.16943,1.16948,256
2026-08-21T05:35:00+00:00,1.16948,1.16955,1.16945,1.16950,224
2026-08-21T05:40:00+00:00,1.16950,1.16967,1.16946,1.16966,228
2026-08-21T05:45:00+00:00,1.16966,1.17003,1.16966,1.16999,324
2026-08-21T05:50:00+00:00,1.16999,1.17009,1.16983,1.16994,461
2026-08-21T05:55:00+00:00,1.16994,1.16997,1.16958,1.16959,376
2026-08-21T06:00:00+00:00,1.16960,1.16975,1.16954,1.16956,327
2026-08-21T06:05:00+00:00,1.16956,1.16980,1.16950,1.16972,421
2026-08-21T06:10:00+00:00,1.16972,1.16984,1.16968,1.16979,295
2026-08-21T06:15:00+00:00,1.16979,1.16982,1.16964,1.16969,236
2026-08-21T06:20:00+00:00,1.16969,1.16976,1.16961,1.16961,306
2026-08-21T06:25:00+00:00,1.16961,1.16961,1.16947,1.16947,343
2026-08-21T06:30:00+00:00,1.16947,1.16951,1.16936,1.16945,262
2026-08-21T06:35:00+00:00,1.16945,1.16945,1.16919,1.16925,396
2026-08-21T06:40:00+00:00,1.16925,1.16933,1.16917,1.16929,346
2026-08-21T06:45:00+00:00,1.16930,1.16933,1.16918,1.16920,260
2026-08-21T06:50:00+00:00,1.16921,1.16934,1.16915,1.16933,357
2026-08-21T06:55:00+00:00,1.16934,1.16946,1.16931,1.16942,274
2026-08-21T07:00:00+00:00,1.16942,1.16943,1.16929,1.16941,326
2026-08-21T07:05:00+00:00,1.16941,1.16954,1.16938,1.16942,422
2026-08-21T07:10:00+00:00,1.16943,1.16948,1.16935,1.16938,310
2026-08-21T07:15:00+00:00,1.16938,1.16949,1.16934,1.16948,306
2026-08-21T07:20:00+00:00,1.16948,1.16948,1.16929,1.16933,223
2026-08-21T07:25:00+00:00,1.16933,1.16934,1.16923,1.16931,200
2026-08-21T07:30:00+00:00,1.16930,1.16937,1.16923,1.16933,213
2026-08-21T07:35:00+00:00,1.16933,1.16934,1.16923,1.16923,218
2026-08-21T07:40:00+00:00,1.16924,1.16927,1.16910,1.16919,242
2026-08-21T07:45:00+00:00,1.16919,1.16927,1.16914,1.16915,195
2026-08-21T07:50:00+00:00,1.16915,1.16922,1.16911,1.16919,186
2026-08-21T07:55:00+00:00,1.16918,1.16936,1.16918,1.16931,184
2026-08-21T08:00:00+00:00,1.16931,1.16931,1.16911,1.16926,331
2026-08-21T08:05:00+00:00,1.16926,1.16928,1.16920,1.16923,277
2026-08-21T08:10:00+00:00,1.16923,1.16932,1.16923,1.16925,235
2026-08-21T08:15:00+00:00,1.16925,1.16934,1.16918,1.16920,418
2026-08-21T08:20:00+00:00,1.16920,1.16921,1.16913,1.16918,221
2026-08-21T08:25:00+00:00,1.16919,1.16920,1.16907,1.16912,243
2026-08-21T08:30:00+00:00,1.16912,1.16935,1.16902,1.16933,364
2026-08-21T08:35:00+00:00,1.16933,1.16961,1.16930,1.16958,436
2026-08-21T08:40:00+00:00,1.16959,1.16967,1.16943,1.16967,347
2026-08-21T08:45:00+00:00,1.16967,1.16975,1.16955,1.16974,390
2026-08-21T08:50:00+00:00,1.16974,1.16994,1.16967,1.16973,559
2026-08-21T08:55:00+00:00,1.16973,1.16990,1.16964,1.16979,554
2026-08-21T09:00:00+00:00,1.16979,1.16985,1.16935,1.16941,861
2026-08-21T09:05:00+00:00,1.16941,1.16945,1.16923,1.16932,665
2026-08-21T09:10:00+00:00,1.16932,1.16933,1.16917,1.16921,350
2026-08-21T09:15:00+00:00,1.16921,1.16949,1.16920,1.16943,430
2026-08-21T09:20:00+00:00,1.16943,1.16943,1.16902,1.16902,547
2026-08-21T09:25:00+00:00,1.16903,1.16938,1.16902,1.16920,565
2026-08-21T09:30:00+00:00,1.16920,1.16958,1.16918,1.16958,650
2026-08-21T09:35:00+00:00,1.16958,1.16964,1.16935,1.16943,539
2026-08-21T09:40:00+00:00,1.16944,1.16948,1.16932,1.16938,436
2026-08-21T09:45:00+00:00,1.16939,1.16961,1.16918,1.16959,513
2026-08-21T09:50:00+00:00,1.16958,1.16975,1.16953,1.16961,426
2026-08-21T09:55:00+00:00,1.16961,1.16981,1.16947,1.16980,673
2026-08-21T10:00:00+00:00,1.16980,1.17004,1.16963,1.16991,894
2026-08-21T10:05:00+00:00,1.16991,1.16991,1.16943,1.16951,612
2026-08-21T10:10:00+00:00,1.16951,1.16971,1.16948,1.16967,523
2026-08-21T10:15:00+00:00,1.16967,1.16994,1.16948,1.16987,643
2026-08-21T10:20:00+00:00,1.16987,1.16989,1.16946,1.16951,814
2026-08-21T10:25:00+00:00,1.16951,1.16952,1.16919,1.16934,619
2026-08-21T10:30:00+00:00,1.16934,1.16965,1.16899,1.16959,782
2026-08-21T10:35:00+00:00,1.16959,1.16963,1.16933,1.16942,760
2026-08-21T10:40:00+00:00,1.16942,1.16950,1.16892,1.16899,741
2026-08-21T10:45:00+00:00,1.16898,1.16900,1.16867,1.16897,858
2026-08-21T10:50:00+00:00,1.16897,1.16909,1.16873,1.16884,531
2026-08-21T10:55:00+00:00,1.16884,1.16910,1.16877,1.16907,684
2026-08-21T11:00:00+00:00,1.16907,1.16932,1.16898,1.16917,517
2026-08-21T11:05:00+00:00,1.16917,1.16924,1.16891,1.16921,542
2026-08-21T11:10:00+00:00,1.16921,1.16955,1.16916,1.16945,530
2026-08-21T11:15:00+00:00,1.16945,1.16954,1.16925,1.16933,684
2026-08-21T11:20:00+00:00,1.16932,1.16932,1.16915,1.16928,784
2026-08-21T11:25:00+00:00,1.16928,1.16967,1.16927,1.16957,936
2026-08-21T11:30:00+00:00,1.16957,1.16978,1.16949,1.16966,762
2026-08-21T11:35:00+00:00,1.16967,1.16985,1.16960,1.16983,667
2026-08-21T11:40:00+00:00,1.16983,1.17050,1.16975,1.17041,830
2026-08-21T11:45:00+00:00,1.17041,1.17064,1.17017,1.17023,859
2026-08-21T11:50:00+00:00,1.17023,1.17058,1.17022,1.17045,785
2026-08-21T11:55:00+00:00,1.17045,1.17059,1.17033,1.17052,847
2026-08-21T12:00:00+00:00,1.17052,1.17072,1.17034,1.17045,1218
2026-08-21T12:05:00+00:00,1.17045,1.17101,1.17025,1.17098,914
2026-08-21T12:10:00+00:00,1.17098,1.17115,1.17081,1.17094,773
2026-08-21T12:15:00+00:00,1.17094,1.17114,1.17080,1.17087,624
2026-08-21T12:20:00+00:00,1.17087,1.17098,1.17055,1.17063,612
2026-08-21T12:25:00+00:00,1.17063,1.17064,1.17028,1.17047,668
2026-08-21T12:30:00+00:00,1.17047,1.17063,1.17037,1.17059,509
2026-08-21T12:35:00+00:00,1.17058,1.17078,1.17040,1.17061,625
2026-08-21T12:40:00+00:00,1.17062,1.17065,1.17037,1.17046,427
2026-08-21T12:45:00+00:00,1.17046,1.17048,1.17023,1.17041,448
2026-08-21T12:50:00+00:00,1.17041,1.17048,1.17032,1.17042,522
2026-08-21T12:55:00+00:00,1.17043,1.17047,1.17001,1.17002,446
2026-08-21T13:00:00+00:00,1.17003,1.17040,1.16990,1.17031,682
2026-08-21T13:05:00+00:00,1.17031,1.17035,1.17004,1.17015,560
2026-08-21T13:10:00+00:00,1.17015,1.17034,1.17008,1.17027,452
2026-08-21T13:15:00+00:00,1.17027,1.17064,1.17020,1.17050,540
2026-08-21T13:20:00+00:00,1.17050,1.17067,1.17039,1.17067,475
2026-08-21T13:25:00+00:00,1.17067,1.17087,1.17063,1.17084,581
2026-08-21T13:30:00+00:00,1.17084,1.17085,1.17066,1.17078,471
2026-08-21T13:35:00+00:00,1.17078,1.17108,1.17073,1.17090,462
2026-08-21T13:40:00+00:00,1.17089,1.17090,1.17068,1.17073,462
2026-08-21T13:45:00+00:00,1.17073,1.17079,1.17053,1.17056,411
2026-08-21T13:50:00+00:00,1.17055,1.17055,1.17017,1.17029,580
2026-08-21T13:55:00+00:00,1.17028,1.17041,1.17003,1.17019,715
2026-08-21T14:00:00+00:00,1.17020,1.17034,1.17017,1.17030,792
2026-08-21T14:05:00+00:00,1.17030,1.17035,1.17001,1.17024,552
2026-08-21T14:10:00+00:00,1.17024,1.17046,1.17022,1.17040,374
2026-08-21T14:15:00+00:00,1.17041,1.17054,1.17035,1.17042,464
2026-08-21T14:20:00+00:00,1.17042,1.17098,1.17033,1.17080,902
2026-08-21T14:25:00+00:00,1.17080,1.17097,1.17051,1.17088,1461
2026-08-21T14:30:00+00:00,1.17087,1.17094,1.16971,1.16987,1231
2026-08-21T14:35:00+00:00,1.16988,1.17025,1.16986,1.16993,986
2026-08-21T14:40:00+00:00,1.16994,1.16997,1.16967,1.16990,662
2026-08-21T14:45:00+00:00,1.16991,1.16992,1.16977,1.16986,529
2026-08-21T14:50:00+00:00,1.16985,1.16987,1.16962,1.16978,650
2026-08-21T14:55:00+00:00,1.16978,1.17008,1.16976,1.17007,449
2026-08-21T15:00:00+00:00,1.17007,1.17031,1.16991,1.16998,943
2026-08-21T15:05:00+00:00,1.16998,1.17029,1.16988,1.16992,712
2026-08-21T15:10:00+00:00,1.16992,1.16994,1.16971,1.16974,712
2026-08-21T15:15:00+00:00,1.16974,1.16996,1.16946,1.16961,1074
2026-08-21T15:20:00+00:00,1.16961,1.16979,1.16951,1.16973,879
2026-08-21T15:25:00+00:00,1.16973,1.16980,1.16946,1.16946,661
2026-08-21T15:30:00+00:00,1.16946,1.16947,1.16918,1.16924,673
2026-08-21T15:35:00+00:00,1.16924,1.16927,1.16852,1.16854,1110
2026-08-21T15:40:00+00:00,1.16854,1.16911,1.16851,1.16899,1080
2026-08-21T15:45:00+00:00,1.16899,1.16908,1.16879,1.16886,795
2026-08-21T15:50:00+00:00,1.16885,1.16898,1.16874,1.16892,792
2026-08-21T15:55:00+00:00,1.16892,1.16910,1.16879,1.16905,688
2026-08-21T16:00:00+00:00,1.16905,1.16912,1.16872,1.16881,845
2026-08-21T16:05:00+00:00,1.16881,1.16884,1.16841,1.16865,1054
2026-08-21T16:10:00+00:00,1.16865,1.16882,1.16858,1.16872,699
2026-08-21T16:15:00+00:00,1.16872,1.16882,1.16850,1.16851,945
2026-08-21T16:20:00+00:00,1.16851,1.16874,1.16821,1.16822,912
2026-08-21T16:25:00+00:00,1.16821,1.16845,1.16808,1.16840,1129
2026-08-21T16:30:00+00:00,1.16840,1.16843,1.16787,1.16797,1320
2026-08-21T16:35:00+00:00,1.16796,1.16825,1.16789,1.16819,909
2026-08-21T16:40:00+00:00,1.16818,1.16834,1.16814,1.16829,597
2026-08-21T16:45:00+00:00,1.16829,1.16837,1.16796,1.16810,881
2026-08-21T16:50:00+00:00,1.16810,1.16843,1.16808,1.16843,969
2026-08-21T16:55:00+00:00,1.16843,1.16856,1.16819,1.16833,945
2026-08-21T17:00:00+00:00,1.16833,1.16833,1.16783,1.16814,1061
2026-08-21T17:05:00+00:00,1.16814,1.16821,1.16767,1.16778,914
2026-08-21T17:10:00+00:00,1.16779,1.16795,1.16766,1.16788,748
2026-08-21T17:15:00+00:00,1.16788,1.16810,1.16783,1.16784,673
2026-08-21T17:20:00+00:00,1.16784,1.16784,1.16750,1.16762,746
2026-08-21T17:25:00+00:00,1.16762,1.16772,1.16727,1.16728,732
2026-08-21T17:30:00+00:00,1.16727,1.16743,1.16712,1.16718,951
2026-08-21T17:35:00+00:00,1.16718,1.16734,1.16688,1.16703,1023
2026-08-21T17:40:00+00:00,1.16703,1.16745,1.16689,1.16720,1038
2026-08-21T17:45:00+00:00,1.16720,1.16753,1.16715,1.16752,800
2026-08-21T17:50:00+00:00,1.16753,1.16776,1.16713,1.16714,1115
2026-08-21T17:55:00+00:00,1.16714,1.16736,1.16698,1.16731,1099
2026-08-21T18:00:00+00:00,1.16730,1.16763,1.16709,1.16758,1393
2026-08-21T18:05:00+00:00,1.16758,1.16760,1.16708,1.16721,813
2026-08-21T18:10:00+00:00,1.16721,1.16755,1.16721,1.16744,838
2026-08-21T18:15:00+00:00,1.16745,1.16750,1.16730,1.16745,674
2026-08-21T18:20:00+00:00,1.16745,1.16746,1.16724,1.16735,668
2026-08-21T18:25:00+00:00,1.16735,1.16774,1.16733,1.16763,745
2026-08-21T18:30:00+00:00,1.16764,1.16784,1.16754,1.16778,753
2026-08-21T18:35:00+00:00,1.16778,1.16793,1.16753,1.16771,608
2026-08-21T18:40:00+00:00,1.16771,1.16806,1.16762,1.16804,611
2026-08-21T18:45:00+00:00,1.16805,1.16816,1.16791,1.16794,476
2026-08-21T18:50:00+00:00,1.16794,1.16831,1.16794,1.16829,403
2026-08-21T18:55:00+00:00,1.16829,1.16839,1.16825,1.16832,523
2026-08-21T19:00:00+00:00,1.16832,1.16843,1.16822,1.16838,453
2026-08-21T19:05:00+00:00,1.16838,1.16844,1.16797,1.16809,574
2026-08-21T19:10:00+00:00,1.16809,1.16838,1.16802,1.16826,409
2026-08-21T19:15:00+00:00,1.16826,1.16830,1.16807,1.16807,378
2026-08-21T19:20:00+00:00,1.16807,1.16875,1.16807,1.16840,1059
2026-08-21T19:25:00+00:00,1.16840,1.16851,1.16822,1.16832,604
2026-08-21T19:30:00+00:00,1.16833,1.16840,1.16821,1.16829,439
2026-08-21T19:35:00+00:00,1.16829,1.16844,1.16822,1.16843,364
2026-08-21T19:40:00+00:00,1.16843,1.16843,1.16807,1.16818,476
2026-08-21T19:45:00+00:00,1.16818,1.16835,1.16814,1.16826,524
2026-08-21T19:50:00+00:00,1.16826,1.16832,1.16813,1.16824,409
2026-08-21T19:55:00+00:00,1.16824,1.16824,1.16812,1.16817,371
2026-08-21T20:00:00+00:00,1.16817,1.16819,1.16799,1.16799,353
2026-08-21T20:05:00+00:00,1.16799,1.16804,1.16777,1.16793,589
2026-08-21T20:10:00+00:00,1.16793,1.16795,1.16772,1.16783,439
2026-08-21T20:15:00+00:00,1.16783,1.16796,1.16776,1.16792,474
2026-08-21T20:20:00+00:00,1.16792,1.16801,1.16788,1.16794,302
2026-08-21T20:25:00+00:00,1.16793,1.16819,1.16790,1.16811,352
2026-08-21T20:30:00+00:00,1.16811,1.16823,1.16801,1.16823,431
2026-08-21T20:35:00+00:00,1.16823,1.16829,1.16812,1.16812,372
2026-08-21T20:40:00+00:00,1.16812,1.16820,1.16802,1.16804,289
2026-08-21T20:45:00+00:00,1.16803,1.16805,1.16792,1.16793,301
2026-08-21T20:50:00+00:00,1.16793,1.16804,1.16789,1.16802,216
2026-08-21T20:55:00+00:00,1.16802,1.16810,1.16792,1.16803,240
2026-08-21T21:00:00+00:00,1.16803,1.16841,1.16803,1.16835,284
2026-08-21T21:05:00+00:00,1.16835,1.16836,1.16818,1.16822,353
2026-08-21T21:10:00+00:00,1.16823,1.16824,1.16810,1.16811,194
2026-08-21T21:15:00+00:00,1.16811,1.16822,1.16808,1.16819,233
2026-08-21T21:20:00+00:00,1.16819,1.16819,1.16801,1.16808,291
2026-08-21T21:25:00+00:00,1.16808,1.16828,1.16808,1.16823,313
2026-08-21T21:30:00+00:00,1.16823,1.16827,1.16812,1.16819,193
2026-08-21T21:35:00+00:00,1.16819,1.16832,1.16809,1.16826,260
2026-08-21T21:40:00+00:00,1.16826,1.16829,1.16822,1.16828,193
2026-08-21T21:45:00+00:00,1.16828,1.16834,1.16817,1.16818,183
2026-08-21T21:50:00+00:00,1.16818,1.16819,1.16801,1.16813,157
2026-08-21T21:55:00+00:00,1.16813,1.16829,1.16807,1.16828,255
2026-08-21T22:00:00+00:00,1.16829,1.16832,1.16809,1.16809,362
2026-08-21T22:05:00+00:00,1.16809,1.16813,1.16797,1.16797,234
2026-08-21T22:10:00+00:00,1.16797,1.16806,1.16793,1.16802,203
2026-08-21T22:15:00+00:00,1.16802,1.16802,1.16793,1.16796,202
2026-08-21T22:20:00+00:00,1.16797,1.16802,1.16793,1.16796,152
2026-08-21T22:25:00+00:00,1.16796,1.16796,1.16782,1.16787,173
2026-08-21T22:30:00+00:00,1.16787,1.16796,1.16782,1.16782,221
2026-08-21T22:35:00+00:00,1.16782,1.16797,1.16778,1.16796,177
2026-08-21T22:40:00+00:00,1.16796,1.16800,1.16788,1.16791,197
2026-08-21T22:45:00+00:00,1.16791,1.16814,1.16788,1.16813,200
2026-08-21T22:50:00+00:00,1.16812,1.16814,1.16777,1.16789,251
2026-08-21T22:55:00+00:00,1.16789,1.16791,1.16776,1.16788,381
2026-08-21T23:00:00+00:00,1.16788,1.16792,1.16778,1.16789,358
2026-08-21T23:05:00+00:00,1.16789,1.16789,1.16774,1.16787,236
2026-08-21T23:10:00+00:00,1.16787,1.16788,1.16773,1.16787,271
2026-08-21T23:15:00+00:00,1.16787,1.16792,1.16772,1.16774,213
2026-08-21T23:20:00+00:00,1.16775,1.16781,1.16772,1.16775,239
2026-08-21T23:25:00+00:00,1.16775,1.16778,1.16758,1.16759,254
2026-08-21T23:30:00+00:00,1.16759,1.16759,1.16741,1.16747,258
2026-08-21T23:35:00+00:00,1.16747,1.16762,1.16746,1.16751,259
2026-08-21T23:40:00+00:00,1.16751,1.16757,1.16743,1.16755,202
2026-08-21T23:45:00+00:00,1.16755,1.16774,1.16753,1.16768,549
2026-08-21T23:50:00+00:00,1.16768,1.16777,1.16758,1.16766,1217
2026-08-21T23:55:00+00:00,1.16766,1.16775,1.16749,1.16750,645
2026-08-24T00:00:00+00:00,1.16758,1.16758,1.16757,1.16757,6
2026-08-24T00:05:00+00:00,1.16757,1.16768,1.16757,1.16765,16
2026-08-24T00:10:00+00:00,1.16765,1.16765,1.16764,1.16764,6
2026-08-24T00:15:00+00:00,1.16764,1.16780,1.16763,1.16780,25
2026-08-24T00:20:00+00:00,1.16780,1.16785,1.16778,1.16785,19
2026-08-24T00:25:00+00:00,1.16785,1.16785,1.16782,1.16784,7
2026-08-24T00:30:00+00:00,1.16784,1.16784,1.16775,1.16782,16
2026-08-24T00:35:00+00:00,1.16782,1.16783,1.16778,1.16778,14
2026-08-24T00:40:00+00:00,1.16778,1.16778,1.16777,1.16777,6
2026-08-24T00:45:00+00:00,1.16777,1.16778,1.16777,1.16777,9
2026-08-24T00:50:00+00:00,1.16777,1.16778,1.16771,1.16778,12
2026-08-24T00:55:00+00:00,1.16778,1.16778,1.16778,1.16778,5
2026-08-24T01:00:00+00:00,1.16778,1.16793,1.16727,1.16767,601
2026-08-24T01:05:00+00:00,1.16767,1.16790,1.16765,1.16789,122
2026-08-24T01:10:00+00:00,1.16789,1.16795,1.16783,1.16788,236
2026-08-24T01:15:00+00:00,1.16788,1.16791,1.16783,1.16790,207
2026-08-24T01:20:00+00:00,1.16789,1.16790,1.16780,1.16783,260
2026-08-24T01:25:00+00:00,1.16783,1.16789,1.16777,1.16788,218
2026-08-24T01:30:00+00:00,1.16788,1.16798,1.16777,1.16777,311
2026-08-24T01:35:00+00:00,1.16778,1.16780,1.16756,1.16756,205
2026-08-24T01:40:00+00:00,1.16756,1.16766,1.16754,1.16761,188
2026-08-24T01:45:00+00:00,1.16762,1.16762,1.16752,1.16755,133
2026-08-24T01:50:00+00:00,1.16755,1.16758,1.16752,1.16756,71
2026-08-24T01:55:00+00:00,1.16756,1.16761,1.16752,1.16756,59
2026-08-24T02:00:00+00:00,1.16756,1.16767,1.16747,1.16761,171
2026-08-24T02:05:00+00:00,1.16761,1.16763,1.16758,1.16762,148
2026-08-24T02:10:00+00:00,1.16762,1.16768,1.16755,1.16756,173
2026-08-24T02:15:00+00:00,1.16755,1.16756,1.16747,1.16752,101
2026-08-24T02:20:00+00:00,1.16752,1.16763,1.16752,1.16761,171
2026-08-24T02:25:00+00:00,1.16761,1.16762,1.16757,1.16758,80
2026-08-24T02:30:00+00:00,1.16758,1.16760,1.16751,1.16753,165
2026-08-24T02:35:00+00:00,1.16754,1.16764,1.16753,1.16757,173
2026-08-24T02:40:00+00:00,1.16757,1.16762,1.16751,1.16761,117
2026-08-24T02:45:00+00:00,1.16761,1.16775,1.16758,1.16774,254
2026-08-24T02:50:00+00:00,1.16774,1.16798,1.16770,1.16793,338
2026-08-24T02:55:00+00:00,1.16793,1.16825,1.16793,1.16825,253
2026-08-24T03:00:00+00:00,1.16825,1.16853,1.16821,1.16852,789
2026-08-24T03:05:00+00:00,1.16852,1.16860,1.16835,1.16835,537
2026-08-24T03:10:00+00:00,1.16835,1.16864,1.16835,1.16853,419
2026-08-24T03:15:00+00:00,1.16853,1.16867,1.16840,1.16844,471
2026-08-24T03:20:00+00:00,1.16844,1.16873,1.16836,1.16862,543
2026-08-24T03:25:00+00:00,1.16862,1.16865,1.16836,1.16839,488
2026-08-24T03:30:00+00:00,1.16838,1.16846,1.16828,1.16831,528
2026-08-24T03:35:00+00:00,1.16830,1.16840,1.16822,1.16833,539
2026-08-24T03:40:00+00:00,1.16833,1.16840,1.16825,1.16836,382
2026-08-24T03:45:00+00:00,1.16836,1.16842,1.16826,1.16842,391
2026-08-24T03:50:00+00:00,1.16842,1.16844,1.16827,1.16833,462
2026-08-24T03:55:00+00:00,1.16832,1.16857,1.16823,1.16852,732
2026-08-24T04:00:00+00:00,1.16852,1.16864,1.16830,1.16833,805
2026-08-24T04:05:00+00:00,1.16833,1.16854,1.16818,1.16830,740
2026-08-24T04:10:00+00:00,1.16831,1.16838,1.16808,1.16811,615
2026-08-24T04:15:00+00:00,1.16811,1.16812,1.16788,1.16800,651
2026-08-24T04:20:00+00:00,1.16800,1.16802,1.16785,1.16797,541
2026-08-24T04:25:00+00:00,1.16797,1.16800,1.16770,1.16773,747
2026-08-24T04:30:00+00:00,1.16773,1.16779,1.16766,1.16778,365
2026-08-24T04:35:00+00:00,1.16778,1.16782,1.16768,1.16775,512
2026-08-24T04:40:00+00:00,1.16775,1.16787,1.16771,1.16785,325
2026-08-24T04:45:00+00:00,1.16785,1.16806,1.16783,1.16806,382
2026-08-24T04:50:00+00:00,1.16806,1.16822,1.16800,1.16816,546
2026-08-24T04:55:00+00:00,1.16816,1.16823,1.16812,1.16817,410
2026-08-24T05:00:00+00:00,1.16817,1.16833,1.16810,1.16820,566
2026-08-24T05:05:00+00:00,1.16820,1.16826,1.16806,1.16824,455
2026-08-24T05:10:00+00:00,1.16824,1.16843,1.16818,1.16838,455
2026-08-24T05:15:00+00:00,1.16838,1.16849,1.16831,1.16837,425
2026-08-24T05:20:00+00:00,1.16838,1.16840,1.16830,1.16836,488
2026-08-24T05:25:00+00:00,1.16836,1.16843,1.16822,1.16822,252
2026-08-24T05:30:00+00:00,1.16822,1.16824,1.16804,1.16805,222
2026-08-24T05:35:00+00:00,1.16806,1.16816,1.16803,1.16803,311
2026-08-24T05:40:00+00:00,1.16803,1.16815,1.16802,1.16813,176
2026-08-24T05:45:00+00:00,1.16813,1.16814,1.16795,1.16797,261
2026-08-24T05:50:00+00:00,1.16797,1.16817,1.16795,1.16814,399
2026-08-24T05:55:00+00:00,1.16814,1.16830,1.16814,1.16820,442
2026-08-24T06:00:00+00:00,1.16820,1.16822,1.16801,1.16817,409
2026-08-24T06:05:00+00:00,1.16817,1.16818,1.16805,1.16811,390
2026-08-24T06:10:00+00:00,1.16811,1.16814,1.16791,1.16810,528
2026-08-24T06:15:00+00:00,1.16810,1.16815,1.16803,1.16810,339
2026-08-24T06:20:00+00:00,1.16810,1.16818,1.16800,1.16817,233
2026-08-24T06:25:00+00:00,1.16818,1.16819,1.16808,1.16811,323
2026-08-24T06:30:00+00:00,1.16811,1.16816,1.16806,1.16812,257
2026-08-24T06:35:00+00:00,1.16812,1.16813,1.16804,1.16807,465
2026-08-24T06:40:00+00:00,1.16807,1.16809,1.16796,1.16796,199
2026-08-24T06:45:00+00:00,1.16796,1.16802,1.16783,1.16784,207
2026-08-24T06:50:00+00:00,1.16784,1.16801,1.16781,1.16799,271
2026-08-24T06:55:00+00:00,1.16799,1.16804,1.16792,1.16798,320
2026-08-24T07:00:00+00:00,1.16798,1.16801,1.16779,1.16779,334
2026-08-24T07:05:00+00:00,1.16779,1.16780,1.16760,1.16760,250
2026-08-24T07:10:00+00:00,1.16760,1.16792,1.16754,1.16776,605
2026-08-24T07:15:00+00:00,1.16776,1.16782,1.16766,1.16777,298
2026-08-24T07:20:00+00:00,1.16777,1.16791,1.16772,1.16786,325
2026-08-24T07:25:00+00:00,1.16786,1.16816,1.16784,1.16807,386
2026-08-24T07:30:00+00:00,1.16807,1.16810,1.16800,1.16805,329
2026-08-24T07:35:00+00:00,1.16805,1.16809,1.16798,1.16804,389
2026-08-24T07:40:00+00:00,1.16804,1.16811,1.16802,1.16805,267
2026-08-24T07:45:00+00:00,1.16805,1.16814,1.16798,1.16803,333
2026-08-24T07:50:00+00:00,1.16803,1.16823,1.16801,1.16821,314
2026-08-24T07:55:00+00:00,1.16821,1.16829,1.16811,1.16827,453
2026-08-24T08:00:00+00:00,1.16829,1.16830,1.16806,1.16809,377
2026-08-24T08:05:00+00:00,1.16809,1.16814,1.16805,1.16806,297
2026-08-24T08:10:00+00:00,1.16806,1.16810,1.16798,1.16803,315
2026-08-24T08:15:00+00:00,1.16803,1.16820,1.16801,1.16808,306
2026-08-24T08:20:00+00:00,1.16808,1.16808,1.16784,1.16790,376
2026-08-24T08:25:00+00:00,1.16790,1.16801,1.16787,1.16791,373
2026-08-24T08:30:00+00:00,1.16791,1.16796,1.16782,1.16786,338
2026-08-24T08:35:00+00:00,1.16786,1.16798,1.16775,1.16776,452
2026-08-24T08:40:00+00:00,1.16776,1.16778,1.16760,1.16761,250
2026-08-24T08:45:00+00:00,1.16761,1.16775,1.16760,1.16773,310
2026-08-24T08:50:00+00:00,1.16773,1.16790,1.16771,1.16782,285
2026-08-24T08:55:00+00:00,1.16782,1.16813,1.16782,1.16805,392
2026-08-24T09:00:00+00:00,1.16806,1.16809,1.16790,1.16793,885
2026-08-24T09:05:00+00:00,1.16793,1.16795,1.16779,1.16793,506
2026-08-24T09:10:00+00:00,1.16793,1.16796,1.16767,1.16785,662
2026-08-24T09:15:00+00:00,1.16786,1.16791,1.16771,1.16777,657
2026-08-24T09:20:00+00:00,1.16777,1.16779,1.16747,1.16753,904
2026-08-24T09:25:00+00:00,1.16753,1.16761,1.16740,1.16749,700
2026-08-24T09:30:00+00:00,1.16750,1.16777,1.16745,1.16773,709
2026-08-24T09:35:00+00:00,1.16773,1.16786,1.16772,1.16774,457
2026-08-24T09:40:00+00:00,1.16774,1.16782,1.16763,1.16772,537
2026-08-24T09:45:00+00:00,1.16772,1.16783,1.16755,1.16777,718
2026-08-24T09:50:00+00:00,1.16778,1.16802,1.16778,1.16785,609
2026-08-24T09:55:00+00:00,1.16785,1.16788,1.16770,1.16775,758
2026-08-24T10:00:00+00:00,1.16776,1.16806,1.16775,1.16776,1122
2026-08-24T10:05:00+00:00,1.16776,1.16777,1.16741,1.16766,994
2026-08-24T10:10:00+00:00,1.16765,1.16771,1.16728,1.16733,720
2026-08-24T10:15:00+00:00,1.16734,1.16734,1.16707,1.16724,1021
2026-08-24T10:20:00+00:00,1.16723,1.16749,1.16723,1.16742,691
2026-08-24T10:25:00+00:00,1.16743,1.16759,1.16723,1.16757,654
2026-08-24T10:30:00+00:00,1.16757,1.16768,1.16736,1.16763,825
2026-08-24T10:35:00+00:00,1.16763,1.16764,1.16732,1.16732,780
2026-08-24T10:40:00+00:00,1.16732,1.16734,1.16659,1.16661,1088
2026-08-24T10:45:00+00:00,1.16661,1.16678,1.16647,1.16657,856
2026-08-24T10:50:00+00:00,1.16658,1.16678,1.16653,1.16677,805
2026-08-24T10:55:00+00:00,1.16678,1.16697,1.16667,1.16672,804
2026-08-24T11:00:00+00:00,1.16672,1.16677,1.16644,1.16661,1146
2026-08-24T11:05:00+00:00,1.16660,1.16685,1.16649,1.16659,1133
2026-08-24T11:10:00+00:00,1.16659,1.16660,1.16633,1.16637,946
2026-08-24T11:15:00+00:00,1.16636,1.16647,1.16618,1.16641,943
2026-08-24T11:20:00+00:00,1.16641,1.16654,1.16630,1.16632,612
2026-08-24T11:25:00+00:00,1.16632,1.16634,1.16607,1.16607,917
2026-08-24T11:30:00+00:00,1.16607,1.16632,1.16605,1.16628,728
2026-08-24T11:35:00+00:00,1.16628,1.16647,1.16621,1.16645,583
2026-08-24T11:40:00+00:00,1.16645,1.16670,1.16640,1.16657,629
2026-08-24T11:45:00+00:00,1.16657,1.16669,1.16641,1.16668,632
2026-08-24T11:50:00+00:00,1.16668,1.16674,1.16651,1.16670,549
2026-08-24T11:55:00+00:00,1.16670,1.16671,1.16624,1.16632,571
2026-08-24T12:00:00+00:00,1.16633,1.16671,1.16631,1.16655,754
2026-08-24T12:05:00+00:00,1.16655,1.16658,1.16633,1.16636,645
2026-08-24T12:10:00+00:00,1.16635,1.16635,1.16612,1.16630,602
2026-08-24T12:15:00+00:00,1.16630,1.16637,1.16611,1.16616,548
2026-08-24T12:20:00+00:00,1.16616,1.16635,1.16614,1.16623,431
2026-08-24T12:25:00+00:00,1.16623,1.16632,1.16612,1.16630,416
2026-08-24T12:30:00+00:00,1.16630,1.16645,1.16616,1.16616,505
2026-08-24T12:35:00+00:00,1.16616,1.16625,1.16603,1.16622,352
2026-08-24T12:40:00+00:00,1.16622,1.16630,1.16610,1.16626,326
2026-08-24T12:45:00+00:00,1.16625,1.16649,1.16625,1.16640,435
2026-08-24T12:50:00+00:00,1.16640,1.16652,1.16637,1.16647,377
2026-08-24T12:55:00+00:00,1.16647,1.16657,1.16631,1.16644,644
2026-08-24T13:00:00+00:00,1.16644,1.16659,1.16638,1.16646,682
2026-08-24T13:05:00+00:00,1.16646,1.16655,1.16638,1.16655,358
2026-08-24T13:10:00+00:00,1.16656,1.16666,1.16648,1.16655,555
2026-08-24T13:15:00+00:00,1.16655,1.16669,1.16644,1.16664,496
2026-08-24T13:20:00+00:00,1.16664,1.16666,1.16651,1.16654,373
2026-08-24T13:25:00+00:00,1.16655,1.16664,1.16648,1.16657,414
2026-08-24T13:30:00+00:00,1.16656,1.16662,1.16646,1.16662,481
2026-08-24T13:35:00+00:00,1.16662,1.16663,1.16642,1.16644,433
2026-08-24T13:40:00+00:00,1.16645,1.16647,1.16622,1.16631,521
2026-08-24T13:45:00+00:00,1.16631,1.16638,1.16619,1.16633,372
2026-08-24T13:50:00+00:00,1.16633,1.16655,1.16633,1.16654,542
2026-08-24T13:55:00+00:00,1.16654,1.16669,1.16641,1.16642,576
2026-08-24T14:00:00+00:00,1.16642,1.16650,1.16628,1.16629,656
2026-08-24T14:05:00+00:00,1.16630,1.16656,1.16629,1.16653,423
2026-08-24T14:10:00+00:00,1.16653,1.16654,1.16637,1.16642,516
2026-08-24T14:15:00+00:00,1.16642,1.16655,1.16630,1.16643,617
2026-08-24T14:20:00+00:00,1.16643,1.16673,1.16642,1.16669,410
2026-08-24T14:25:00+00:00,1.16669,1.16681,1.16668,1.16672,436
2026-08-24T14:30:00+00:00,1.16673,1.16683,1.16655,1.16675,681
2026-08-24T14:35:00+00:00,1.16675,1.16737,1.16661,1.16664,2125
2026-08-24T14:40:00+00:00,1.16664,1.16691,1.16649,1.16658,920
2026-08-24T14:45:00+00:00,1.16658,1.16681,1.16657,1.16669,583
2026-08-24T14:50:00+00:00,1.16669,1.16680,1.16642,1.16678,694
2026-08-24T14:55:00+00:00,1.16678,1.16684,1.16654,1.16668,744
2026-08-24T15:00:00+00:00,1.16668,1.16673,1.16647,1.16660,717
2026-08-24T15:05:00+00:00,1.16660,1.16660,1.16619,1.16642,1063
2026-08-24T15:10:00+00:00,1.16643,1.16662,1.16631,1.16649,688
2026-08-24T15:15:00+00:00,1.16649,1.16681,1.16642,1.16680,700
2026-08-24T15:20:00+00:00,1.16680,1.16724,1.16666,1.16713,1177
2026-08-24T15:25:00+00:00,1.16713,1.16735,1.16700,1.16732,772
2026-08-24T15:30:00+00:00,1.16732,1.16733,1.16645,1.16692,1216
2026-08-24T15:35:00+00:00,1.16692,1.16718,1.16691,1.16708,994
2026-08-24T15:40:00+00:00,1.16709,1.16738,1.16675,1.16685,1032
2026-08-24T15:45:00+00:00,1.16685,1.16698,1.16666,1.16694,814
2026-08-24T15:50:00+00:00,1.16694,1.16713,1.16692,1.16711,810
2026-08-24T15:55:00+00:00,1.16712,1.16715,1.16685,1.16694,934
2026-08-24T16:00:00+00:00,1.16694,1.16718,1.16692,1.16699,991
2026-08-24T16:05:00+00:00,1.16699,1.16716,1.16682,1.16707,922
2026-08-24T16:10:00+00:00,1.16706,1.16736,1.16706,1.16732,631
2026-08-24T16:15:00+00:00,1.16732,1.16743,1.16726,1.16731,990
2026-08-24T16:20:00+00:00,1.16731,1.16748,1.16722,1.16728,619
2026-08-24T16:25:00+00:00,1.16728,1.16735,1.16698,1.16701,835
2026-08-24T16:30:00+00:00,1.16701,1.16725,1.16692,1.16713,970
2026-08-24T16:35:00+00:00,1.16713,1.16721,1.16683,1.16698,1073
2026-08-24T16:40:00+00:00,1.16698,1.16714,1.16665,1.16669,1122
2026-08-24T16:45:00+00:00,1.16669,1.16700,1.16660,1.16694,1486
2026-08-24T16:50:00+00:00,1.16694,1.16699,1.16659,1.16672,999
2026-08-24T16:55:00+00:00,1.16671,1.16673,1.16636,1.16651,1246
2026-08-24T17:00:00+00:00,1.16651,1.16668,1.16630,1.16648,1345
2026-08-24T17:05:00+00:00,1.16648,1.16663,1.16638,1.16653,1133
2026-08-24T17:10:00+00:00,1.16653,1.16688,1.16635,1.16678,918
2026-08-24T17:15:00+00:00,1.16678,1.16681,1.16643,1.16681,1167
2026-08-24T17:20:00+00:00,1.16681,1.16693,1.16666,1.16690,756
2026-08-24T17:25:00+00:00,1.16691,1.16717,1.16686,1.16711,897
2026-08-24T17:30:00+00:00,1.16712,1.16721,1.16693,1.16704,777
2026-08-24T17:35:00+00:00,1.16704,1.16718,1.16681,1.16683,734
2026-08-24T17:40:00+00:00,1.16682,1.16688,1.16653,1.16676,593
2026-08-24T17:45:00+00:00,1.16676,1.16704,1.16676,1.16704,624
2026-08-24T17:50:00+00:00,1.16703,1.16704,1.16641,1.16662,1002
2026-08-24T17:55:00+00:00,1.16663,1.16680,1.16643,1.16655,1304
2026-08-24T18:00:00+00:00,1.16655,1.16693,1.16650,1.16685,888
2026-08-24T18:05:00+00:00,1.16685,1.16691,1.16667,1.16677,679
2026-08-24T18:10:00+00:00,1.16677,1.16685,1.16668,1.16678,666
2026-08-24T18:15:00+00:00,1.16678,1.16685,1.16666,1.16677,822
2026-08-24T18:20:00+00:00,1.16676,1.16684,1.16667,1.16683,609
2026-08-24T18:25:00+00:00,1.16683,1.16725,1.16683,1.16710,1310
2026-08-24T18:30:00+00:00,1.16710,1.16716,1.16676,1.16694,1074
2026-08-24T18:35:00+00:00,1.16694,1.16709,1.16684,1.16686,400
2026-08-24T18:40:00+00:00,1.16686,1.16698,1.16681,1.16681,416
2026-08-24T18:45:00+00:00,1.16681,1.16692,1.16673,1.16683,521
2026-08-24T18:50:00+00:00,1.16683,1.16688,1.16664,1.16673,551
2026-08-24T18:55:00+00:00,1.16672,1.16673,1.16638,1.16645,555
2026-08-24T19:00:00+00:00,1.16645,1.16695,1.16628,1.16677,1688
2026-08-24T19:05:00+00:00,1.16677,1.16697,1.16653,1.16658,715
2026-08-24T19:10:00+00:00,1.16658,1.16687,1.16654,1.16673,587
2026-08-24T19:15:00+00:00,1.16673,1.16685,1.16666,1.16673,440
2026-08-24T19:20:00+00:00,1.16673,1.16678,1.16665,1.16668,366
2026-08-24T19:25:00+00:00,1.16668,1.16678,1.16656,1.16662,366
2026-08-24T19:30:00+00:00,1.16662,1.16675,1.16651,1.16656,462
2026-08-24T19:35:00+00:00,1.16656,1.16683,1.16653,1.16663,400
2026-08-24T19:40:00+00:00,1.16663,1.16667,1.16651,1.16661,285
2026-08-24T19:45:00+00:00,1.16661,1.16664,1.16631,1.16642,394
2026-08-24T19:50:00+00:00,1.16642,1.16652,1.16637,1.16642,285
2026-08-24T19:55:00+00:00,1.16642,1.16654,1.16629,1.16648,479
2026-08-24T20:00:00+00:00,1.16649,1.16659,1.16629,1.16629,576
2026-08-24T20:05:00+00:00,1.16630,1.16668,1.16618,1.16637,1318
2026-08-24T20:10:00+00:00,1.16637,1.16641,1.16617,1.16626,840
2026-08-24T20:15:00+00:00,1.16627,1.16636,1.16611,1.16622,651
2026-08-24T20:20:00+00:00,1.16623,1.16623,1.16567,1.16573,1113
2026-08-24T20:25:00+00:00,1.16573,1.16591,1.16566,1.16585,748
2026-08-24T20:30:00+00:00,1.16586,1.16604,1.16579,1.16593,466
2026-08-24T20:35:00+00:00,1.16593,1.16595,1.16584,1.16588,357
2026-08-24T20:40:00+00:00,1.16589,1.16591,1.16576,1.16577,417
2026-08-24T20:45:00+00:00,1.16577,1.16581,1.16552,1.16568,542
2026-08-24T20:50:00+00:00,1.16567,1.16584,1.16557,1.16577,455
2026-08-24T20:55:00+00:00,1.16577,1.16595,1.16572,1.16593,340
2026-08-24T21:00:00+00:00,1.16593,1.16604,1.16587,1.16593,406
2026-08-24T21:05:00+00:00,1.16593,1.16594,1.16572,1.16584,501
2026-08-24T21:10:00+00:00,1.16584,1.16598,1.16583,1.16597,341
2026-08-24T21:15:00+00:00,1.16597,1.16620,1.16593,1.16614,563
2026-08-24T21:20:00+00:00,1.16614,1.16629,1.16613,1.16628,613
2026-08-24T21:25:00+00:00,1.16629,1.16653,1.16629,1.16649,421
2026-08-24T21:30:00+00:00,1.16649,1.16654,1.16621,1.16626,363
2026-08-24T21:35:00+00:00,1.16626,1.16629,1.16612,1.16622,300
2026-08-24T21:40:00+00:00,1.16622,1.16637,1.16620,1.16627,263
2026-08-24T21:45:00+00:00,1.16627,1.16633,1.16617,1.16621,465
2026-08-24T21:50:00+00:00,1.16621,1.16631,1.16616,1.16631,505
2026-08-24T21:55:00+00:00,1.16631,1.16646,1.16616,1.16640,529
2026-08-24T22:00:00+00:00,1.16640,1.16640,1.16618,1.16626,274
2026-08-24T22:05:00+00:00,1.16626,1.16627,1.16612,1.16617,170
2026-08-24T22:10:00+00:00,1.16616,1.16626,1.16616,1.16618,187
2026-08-24T22:15:00+00:00,1.16618,1.16618,1.16606,1.16611,196
2026-08-24T22:20:00+00:00,1.16611,1.16621,1.16601,1.16601,299
2026-08-24T22:25:00+00:00,1.16602,1.16604,1.16595,1.16597,195
2026-08-24T22:30:00+00:00,1.16596,1.16611,1.16593,1.16608,322
2026-08-24T22:35:00+00:00,1.16609,1.16612,1.16597,1.16601,211
2026-08-24T22:40:00+00:00,1.16600,1.16618,1.16600,1.16617,248
2026-08-24T22:45:00+00:00,1.16616,1.16631,1.16615,1.16631,314
2026-08-24T22:50:00+00:00,1.16632,1.16634,1.16621,1.16624,262
2026-08-24T22:55:00+00:00,1.16624,1.16628,1.16606,1.16614,348
2026-08-24T23:00:00+00:00,1.16614,1.16622,1.16604,1.16615,241
2026-08-24T23:05:00+00:00,1.16616,1.16633,1.16616,1.16628,157
2026-08-24T23:10:00+00:00,1.16628,1.16633,1.16626,1.16630,152
2026-08-24T23:15:00+00:00,1.16630,1.16632,1.16628,1.16631,82
2026-08-24T23:20:00+00:00,1.16631,1.16638,1.16629,1.16636,97
2026-08-24T23:25:00+00:00,1.16635,1.16636,1.16628,1.16635,130
2026-08-24T23:30:00+00:00,1.16635,1.16636,1.16629,1.16631,93
2026-08-24T23:35:00+00:00,1.16631,1.16638,1.16626,1.16635,141
2026-08-24T23:40:00+00:00,1.16635,1.16635,1.16624,1.16626,66
2026-08-24T23:45:00+00:00,1.16626,1.16643,1.16626,1.16642,288
2026-08-24T23:50:00+00:00,1.16642,1.16645,1.16635,1.16637,237
2026-08-24T23:55:00+00:00,1.16637,1.16643,1.16634,1.16635,154
2026-08-25T00:00:00+00:00,1.16627,1.16631,1.16598,1.16624,150
2026-08-25T00:05:00+00:00,1.16624,1.16631,1.16557,1.16621,129
2026-08-25T00:10:00+00:00,1.16621,1.16625,1.16611,1.16619,158
2026-08-25T00:15:00+00:00,1.16619,1.16643,1.16617,1.16635,217
2026-08-25T00:20:00+00:00,1.16635,1.16641,1.16632,1.16641,40
2026-08-25T00:25:00+00:00,1.16641,1.16641,1.16641,1.16641,5
2026-08-25T00:30:00+00:00,1.16641,1.16641,1.16640,1.16640,6
2026-08-25T00:35:00+00:00,1.16640,1.16641,1.16633,1.16641,36
2026-08-25T00:40:00+00:00,1.16641,1.16648,1.16635,1.16646,16
2026-08-25T00:45:00+00:00,1.16646,1.16654,1.16646,1.16650,19
2026-08-25T00:50:00+00:00,1.16650,1.16657,1.16639,1.16642,34
2026-08-25T00:55:00+00:00,1.16642,1.16642,1.16638,1.16641,9
2026-08-25T01:00:00+00:00,1.16641,1.16649,1.16633,1.16646,220
2026-08-25T01:05:00+00:00,1.16646,1.16651,1.16645,1.16645,103
2026-08-25T01:10:00+00:00,1.16645,1.16647,1.16639,1.16646,108
2026-08-25T01:15:00+00:00,1.16645,1.16649,1.16641,1.16646,69
2026-08-25T01:20:00+00:00,1.16646,1.16652,1.16645,1.16647,92
2026-08-25T01:25:00+00:00,1.16647,1.16647,1.16640,1.16641,67
2026-08-25T01:30:00+00:00,1.16641,1.16647,1.16641,1.16645,131
2026-08-25T01:35:00+00:00,1.16645,1.16648,1.16644,1.16646,60
2026-08-25T01:40:00+00:00,1.16646,1.16649,1.16641,1.16647,83
2026-08-25T01:45:00+00:00,1.16647,1.16651,1.16644,1.16645,88
2026-08-25T01:50:00+00:00,1.16645,1.16647,1.16644,1.16645,35
2026-08-25T01:55:00+00:00,1.16645,1.16648,1.16644,1.16644,88
2026-08-25T02:00:00+00:00,1.16644,1.16653,1.16644,1.16647,102
2026-08-25T02:05:00+00:00,1.16647,1.16655,1.16646,1.16653,99
2026-08-25T02:10:00+00:00,1.16653,1.16655,1.16650,1.16650,35
2026-08-25T02:15:00+00:00,1.16650,1.16656,1.16650,1.16656,92
2026-08-25T02:20:00+00:00,1.16656,1.16658,1.16649,1.16650,41
2026-08-25T02:25:00+00:00,1.16650,1.16651,1.16645,1.16645,44
2026-08-25T02:30:00+00:00,1.16645,1.16647,1.16641,1.16645,93
2026-08-25T02:35:00+00:00,1.16645,1.16650,1.16644,1.16645,93
2026-08-25T02:40:00+00:00,1.16646,1.16651,1.16641,1.16651,204
2026-08-25T02:45:00+00:00,1.16651,1.16657,1.16650,1.16654,214
2026-08-25T02:50:00+00:00,1.16654,1.16686,1.16654,1.16680,252
2026-08-25T02:55:00+00:00,1.16681,1.16683,1.16676,1.16679,227
2026-08-25T03:00:00+00:00,1.16679,1.16703,1.16676,1.16677,639
2026-08-25T03:05:00+00:00,1.16677,1.16706,1.16676,1.16691,369
2026-08-25T03:10:00+00:00,1.16691,1.16710,1.16689,1.16705,442
2026-08-25T03:15:00+00:00,1.16705,1.16705,1.16687,1.16687,450
2026-08-25T03:20:00+00:00,1.16688,1.16690,1.16681,1.16687,559
2026-08-25T03:25:00+00:00,1.16687,1.16693,1.16678,1.16692,392
2026-08-25T03:30:00+00:00,1.16692,1.16697,1.16680,1.16694,508
2026-08-25T03:35:00+00:00,1.16694,1.16702,1.16685,1.16687,496
2026-08-25T03:40:00+00:00,1.16686,1.16700,1.16683,1.16695,571
2026-08-25T03:45:00+00:00,1.16695,1.16697,1.16677,1.16697,614
2026-08-25T03:50:00+00:00,1.16697,1.16699,1.16672,1.16676,668
2026-08-25T03:55:00+00:00,1.16676,1.16693,1.16676,1.16687,524
2026-08-25T04:00:00+00:00,1.16688,1.16688,1.16659,1.16668,552
2026-08-25T04:05:00+00:00,1.16668,1.16687,1.16664,1.16674,566
2026-08-25T04:10:00+00:00,1.16674,1.16677,1.16666,1.16672,570
2026-08-25T04:15:00+00:00,1.16672,1.16673,1.16655,1.16668,374
2026-08-25T04:20:00+00:00,1.16668,1.16668,1.16643,1.16644,318
2026-08-25T04:25:00+00:00,1.16644,1.16667,1.16637,1.16666,258
2026-08-25T04:30:00+00:00,1.16666,1.16669,1.16645,1.16645,280
2026-08-25T04:35:00+00:00,1.16646,1.16658,1.16640,1.16653,572
2026-08-25T04:40:00+00:00,1.16655,1.16665,1.16650,1.16653,387
2026-08-25T04:45:00+00:00,1.16653,1.16653,1.16636,1.16647,328
2026-08-25T04:50:00+00:00,1.16647,1.16648,1.16628,1.16632,401
2026-08-25T04:55:00+00:00,1.16632,1.16638,1.16619,1.16630,383
2026-08-25T05:00:00+00:00,1.16631,1.16634,1.16615,1.16620,526
2026-08-25T05:05:00+00:00,1.16619,1.16641,1.16615,1.16639,505
2026-08-25T05:10:00+00:00,1.16639,1.16641,1.16627,1.16628,395
2026-08-25T05:15:00+00:00,1.16628,1.16641,1.16627,1.16630,418
2026-08-25T05:20:00+00:00,1.16630,1.16644,1.16628,1.16641,326
2026-08-25T05:25:00+00:00,1.16642,1.16648,1.16634,1.16646,353
2026-08-25T05:30:00+00:00,1.16647,1.16647,1.16620,1.16623,512
2026-08-25T05:35:00+00:00,1.16623,1.16633,1.16620,1.16629,418
2026-08-25T05:40:00+00:00,1.16629,1.16638,1.16625,1.16628,393
2026-08-25T05:45:00+00:00,1.16628,1.16636,1.16623,1.16625,365
2026-08-25T05:50:00+00:00,1.16626,1.16629,1.16609,1.16612,543
2026-08-25T05:55:00+00:00,1.16612,1.16612,1.16588,1.16605,482
2026-08-25T06:00:00+00:00,1.16605,1.16611,1.16602,1.16607,599
2026-08-25T06:05:00+00:00,1.16607,1.16624,1.16605,1.16621,351
2026-08-25T06:10:00+00:00,1.16621,1.16622,1.16604,1.16608,352
2026-08-25T06:15:00+00:00,1.16608,1.16617,1.16606,1.16612,341
2026-08-25T06:20:00+00:00,1.16612,1.16613,1.16602,1.16604,168
2026-08-25T06:25:00+00:00,1.16605,1.16615,1.16587,1.16591,325
2026-08-25T06:30:00+00:00,1.16591,1.16602,1.16586,1.16598,197
2026-08-25T06:35:00+00:00,1.16598,1.16603,1.16597,1.16599,161
2026-08-25T06:40:00+00:00,1.16599,1.16609,1.16599,1.16601,159
2026-08-25T06:45:00+00:00,1.16601,1.16606,1.16600,1.16603,98
2026-08-25T06:50:00+00:00,1.16603,1.16603,1.16592,1.16599,149
2026-08-25T06:55:00+00:00,1.16599,1.16609,1.16597,1.16604,240
2026-08-25T07:00:00+00:00,1.16604,1.16605,1.16589,1.16593,268
2026-08-25T07:05:00+00:00,1.16593,1.16593,1.16568,1.16569,251
2026-08-25T07:10:00+00:00,1.16569,1.16579,1.16557,1.16577,347
2026-08-25T07:15:00+00:00,1.16577,1.16577,1.16566,1.16568,186
2026-08-25T07:20:00+00:00,1.16568,1.16569,1.16557,1.16568,192
2026-08-25T07:25:00+00:00,1.16568,1.16569,1.16557,1.16559,215
2026-08-25T07:30:00+00:00,1.16559,1.16564,1.16553,1.16563,353
2026-08-25T07:35:00+00:00,1.16563,1.16564,1.16557,1.16563,379
2026-08-25T07:40:00+00:00,1.16563,1.16567,1.16561,1.16561,437
2026-08-25T07:45:00+00:00,1.16562,1.16564,1.16556,1.16559,463
2026-08-25T07:50:00+00:00,1.16559,1.16559,1.16549,1.16551,429
2026-08-25T07:55:00+00:00,1.16552,1.16560,1.16550,1.16557,310
2026-08-25T08:00:00+00:00,1.16558,1.16559,1.16547,1.16551,563
2026-08-25T08:05:00+00:00,1.16551,1.16562,1.16548,1.16560,409
2026-08-25T08:10:00+00:00,1.16560,1.16568,1.16550,1.16557,355
2026-08-25T08:15:00+00:00,1.16557,1.16560,1.16547,1.16553,321
2026-08-25T08:20:00+00:00,1.16553,1.16555,1.16547,1.16550,238
2026-08-25T08:25:00+00:00,1.16549,1.16568,1.16549,1.16565,331
2026-08-25T08:30:00+00:00,1.16564,1.16568,1.16555,1.16560,265
2026-08-25T08:35:00+00:00,1.16560,1.16565,1.16554,1.16555,366
2026-08-25T08:40:00+00:00,1.16556,1.16557,1.16546,1.16547,373
2026-08-25T08:45:00+00:00,1.16547,1.16549,1.16540,1.16543,260
2026-08-25T08:50:00+00:00,1.16543,1.16558,1.16539,1.16557,400
2026-08-25T08:55:00+00:00,1.16557,1.16562,1.16531,1.16537,671
2026-08-25T09:00:00+00:00,1.16537,1.16547,1.16531,1.16538,629
2026-08-25T09:05:00+00:00,1.16538,1.16545,1.16532,1.16539,464
2026-08-25T09:10:00+00:00,1.16539,1.16574,1.16538,1.16573,551
2026-08-25T09:15:00+00:00,1.16573,1.16574,1.16561,1.16568,352
2026-08-25T09:20:00+00:00,1.16568,1.16581,1.16560,1.16572,458
2026-08-25T09:25:00+00:00,1.16572,1.16579,1.16565,1.16577,586
2026-08-25T09:30:00+00:00,1.16577,1.16591,1.16572,1.16588,495
2026-08-25T09:35:00+00:00,1.16588,1.16589,1.16545,1.16546,442
2026-08-25T09:40:00+00:00,1.16547,1.16558,1.16534,1.16537,695
2026-08-25T09:45:00+00:00,1.16536,1.16538,1.16520,1.16537,339
2026-08-25T09:50:00+00:00,1.16538,1.16540,1.16516,1.16533,548
2026-08-25T09:55:00+00:00,1.16534,1.16542,1.16510,1.16527,762
2026-08-25T10:00:00+00:00,1.16527,1.16580,1.16526,1.16578,835
2026-08-25T10:05:00+00:00,1.16579,1.16585,1.16561,1.16572,618
2026-08-25T10:10:00+00:00,1.16572,1.16593,1.16562,1.16589,463
2026-08-25T10:15:00+00:00,1.16589,1.16630,1.16588,1.16627,511
2026-08-25T10:20:00+00:00,1.16627,1.16628,1.16612,1.16614,379
2026-08-25T10:25:00+00:00,1.16614,1.16617,1.16584,1.16586,528
2026-08-25T10:30:00+00:00,1.16586,1.16593,1.16576,1.16582,553
2026-08-25T10:35:00+00:00,1.16582,1.16590,1.16569,1.16579,575
2026-08-25T10:40:00+00:00,1.16579,1.16581,1.16572,1.16575,378
2026-08-25T10:45:00+00:00,1.16575,1.16589,1.16561,1.16578,479
2026-08-25T10:50:00+00:00,1.16578,1.16604,1.16575,1.16599,478
2026-08-25T10:55:00+00:00,1.16598,1.16599,1.16574,1.16587,422
2026-08-25T11:00:00+00:00,1.16587,1.16620,1.16584,1.16587,868
2026-08-25T11:05:00+00:00,1.16586,1.16603,1.16583,1.16584,652
2026-08-25T11:10:00+00:00,1.16584,1.16600,1.16575,1.16587,591
2026-08-25T11:15:00+00:00,1.16587,1.16607,1.16583,1.16588,701
2026-08-25T11:20:00+00:00,1.16588,1.16649,1.16582,1.16639,1354
2026-08-25T11:25:00+00:00,1.16639,1.16652,1.16621,1.16621,1088
2026-08-25T11:30:00+00:00,1.16621,1.16630,1.16612,1.16627,627
2026-08-25T11:35:00+00:00,1.16627,1.16661,1.16624,1.16645,666
2026-08-25T11:40:00+00:00,1.16644,1.16659,1.16638,1.16655,624
2026-08-25T11:45:00+00:00,1.16655,1.16674,1.16639,1.16644,630
2026-08-25T11:50:00+00:00,1.16644,1.16666,1.16643,1.16643,618
2026-08-25T11:55:00+00:00,1.16643,1.16678,1.16641,1.16674,668
2026-08-25T12:00:00+00:00,1.16674,1.16689,1.16660,1.16683,754
2026-08-25T12:05:00+00:00,1.16683,1.16719,1.16680,1.16719,627
2026-08-25T12:10:00+00:00,1.16719,1.16739,1.16706,1.16728,571
2026-08-25T12:15:00+00:00,1.16728,1.16729,1.16701,1.16702,540
2026-08-25T12:20:00+00:00,1.16702,1.16710,1.16694,1.16694,512
2026-08-25T12:25:00+00:00,1.16694,1.16696,1.16663,1.16667,499
2026-08-25T12:30:00+00:00,1.16668,1.16731,1.16664,1.16724,826
2026-08-25T12:35:00+00:00,1.16724,1.16730,1.16672,1.16678,977
2026-08-25T12:40:00+00:00,1.16678,1.16704,1.16678,1.16679,488
2026-08-25T12:45:00+00:00,1.16679,1.16706,1.16679,1.16698,537
2026-08-25T12:50:00+00:00,1.16699,1.16715,1.16682,1.16682,534
2026-08-25T12:55:00+00:00,1.16683,1.16710,1.16677,1.16680,634
2026-08-25T13:00:00+00:00,1.16680,1.16685,1.16660,1.16662,415
2026-08-25T13:05:00+00:00,1.16662,1.16681,1.16660,1.16666,453
2026-08-25T13:10:00+00:00,1.16666,1.16666,1.16641,1.16644,567
2026-08-25T13:15:00+00:00,1.16644,1.16658,1.16622,1.16624,518
2026-08-25T13:20:00+00:00,1.16624,1.16638,1.16611,1.16613,465
2026-08-25T13:25:00+00:00,1.16612,1.16624,1.16600,1.16603,540
2026-08-25T13:30:00+00:00,1.16603,1.16614,1.16592,1.16594,437
2026-08-25T13:35:00+00:00,1.16594,1.16634,1.16593,1.16631,352
2026-08-25T13:40:00+00:00,1.16631,1.16647,1.16622,1.16628,473
2026-08-25T13:45:00+00:00,1.16628,1.16631,1.16615,1.16618,360
2026-08-25T13:50:00+00:00,1.16618,1.16618,1.16599,1.16613,484
2026-08-25T13:55:00+00:00,1.16613,1.16634,1.16610,1.16624,455
2026-08-25T14:00:00+00:00,1.16624,1.16634,1.16616,1.16627,498
2026-08-25T14:05:00+00:00,1.16627,1.16628,1.16594,1.16619,589
2026-08-25T14:10:00+00:00,1.16619,1.16627,1.16604,1.16607,543
2026-08-25T14:15:00+00:00,1.16607,1.16610,1.16584,1.16598,591
2026-08-25T14:20:00+00:00,1.16598,1.16627,1.16588,1.16597,494
2026-08-25T14:25:00+00:00,1.16597,1.16619,1.16594,1.16619,346
2026-08-25T14:30:00+00:00,1.16619,1.16630,1.16614,1.16629,446
2026-08-25T14:35:00+00:00,1.16628,1.16632,1.16612,1.16623,540
2026-08-25T14:40:00+00:00,1.16623,1.16624,1.16598,1.16602,332
2026-08-25T14:45:00+00:00,1.16602,1.16630,1.16602,1.16629,515
2026-08-25T14:50:00+00:00,1.16629,1.16648,1.16625,1.16626,666
2026-08-25T14:55:00+00:00,1.16626,1.16627,1.16591,1.16597,727
2026-08-25T15:00:00+00:00,1.16598,1.16625,1.16596,1.16619,715
2026-08-25T15:05:00+00:00,1.16618,1.16645,1.16617,1.16618,573
2026-08-25T15:10:00+00:00,1.16619,1.16637,1.16605,1.16632,867
2026-08-25T15:15:00+00:00,1.16632,1.16633,1.16618,1.16624,578
2026-08-25T15:20:00+00:00,1.16625,1.16639,1.16616,1.16622,659
2026-08-25T15:25:00+00:00,1.16622,1.16642,1.16622,1.16642,552
2026-08-25T15:30:00+00:00,1.16642,1.16649,1.16621,1.16627,515
2026-08-25T15:35:00+00:00,1.16627,1.16631,1.16615,1.16620,656
2026-08-25T15:40:00+00:00,1.16619,1.16644,1.16613,1.16642,552
2026-08-25T15:45:00+00:00,1.16642,1.16649,1.16631,1.16639,702
2026-08-25T15:50:00+00:00,1.16639,1.16661,1.16628,1.16642,786
2026-08-25T15:55:00+00:00,1.16642,1.16665,1.16637,1.16663,678
2026-08-25T16:00:00+00:00,1.16663,1.16679,1.16642,1.16679,639
2026-08-25T16:05:00+00:00,1.16679,1.16715,1.16672,1.16704,853
2026-08-25T16:10:00+00:00,1.16705,1.16754,1.16703,1.16718,1338
2026-08-25T16:15:00+00:00,1.16718,1.16733,1.16697,1.16711,838
2026-08-25T16:20:00+00:00,1.16711,1.16712,1.16686,1.16701,701
2026-08-25T16:25:00+00:00,1.16701,1.16723,1.16695,1.16718,591
2026-08-25T16:30:00+00:00,1.16719,1.16748,1.16694,1.16704,1062
2026-08-25T16:35:00+00:00,1.16704,1.16716,1.16680,1.16714,905
2026-08-25T16:40:00+00:00,1.16716,1.16730,1.16696,1.16701,831
2026-08-25T16:45:00+00:00,1.16701,1.16711,1.16685,1.16709,735
2026-08-25T16:50:00+00:00,1.16709,1.16723,1.16691,1.16694,664
2026-08-25T16:55:00+00:00,1.16694,1.16744,1.16693,1.16739,866
2026-08-25T17:00:00+00:00,1.16739,1.16740,1.16687,1.16690,1030
2026-08-25T17:05:00+00:00,1.16690,1.16748,1.16684,1.16733,1090
2026-08-25T17:10:00+00:00,1.16733,1.16734,1.16719,1.16731,901
2026-08-25T17:15:00+00:00,1.16731,1.16742,1.16700,1.16713,960
2026-08-25T17:20:00+00:00,1.16713,1.16722,1.16696,1.16714,895
2026-08-25T17:25:00+00:00,1.16713,1.16714,1.16685,1.16708,870
2026-08-25T17:30:00+00:00,1.16708,1.16711,1.16661,1.16692,1490
2026-08-25T17:35:00+00:00,1.16692,1.16720,1.16691,1.16706,967
2026-08-25T17:40:00+00:00,1.16706,1.16706,1.16668,1.16702,772
2026-08-25T17:45:00+00:00,1.16701,1.16744,1.16700,1.16733,1029
2026-08-25T17:50:00+00:00,1.16733,1.16733,1.16676,1.16687,876
2026-08-25T17:55:00+00:00,1.16687,1.16706,1.16664,1.16696,1278
2026-08-25T18:00:00+00:00,1.16696,1.16703,1.16681,1.16698,1085
2026-08-25T18:05:00+00:00,1.16698,1.16715,1.16671,1.16713,860
2026-08-25T18:10:00+00:00,1.16713,1.16714,1.16697,1.16707,554
2026-08-25T18:15:00+00:00,1.16707,1.16711,1.16691,1.16708,721
2026-08-25T18:20:00+00:00,1.16708,1.16726,1.16699,1.16702,759
2026-08-25T18:25:00+00:00,1.16702,1.16712,1.16692,1.16693,524
2026-08-25T18:30:00+00:00,1.16693,1.16744,1.16692,1.16732,1109
2026-08-25T18:35:00+00:00,1.16732,1.16757,1.16712,1.16721,1154
2026-08-25T18:40:00+00:00,1.16721,1.16734,1.16707,1.16723,625
2026-08-25T18:45:00+00:00,1.16723,1.16739,1.16722,1.16724,614
2026-08-25T18:50:00+00:00,1.16724,1.16749,1.16723,1.16729,571
2026-08-25T18:55:00+00:00,1.16729,1.16731,1.16709,1.16730,796
2026-08-25T19:00:00+00:00,1.16730,1.16740,1.16713,1.16717,636
2026-08-25T19:05:00+00:00,1.16717,1.16723,1.16701,1.16701,636
2026-08-25T19:10:00+00:00,1.16701,1.16711,1.16697,1.16702,299
2026-08-25T19:15:00+00:00,1.16701,1.16702,1.16680,1.16685,497
2026-08-25T19:20:00+00:00,1.16684,1.16694,1.16682,1.16682,351
2026-08-25T19:25:00+00:00,1.16683,1.16697,1.16679,1.16693,275
2026-08-25T19:30:00+00:00,1.16694,1.16710,1.16694,1.16696,363
2026-08-25T19:35:00+00:00,1.16696,1.16719,1.16693,1.16709,400
2026-08-25T19:40:00+00:00,1.16709,1.16716,1.16703,1.16707,318
2026-08-25T19:45:00+00:00,1.16707,1.16716,1.16706,1.16710,279
2026-08-25T19:50:00+00:00,1.16710,1.16712,1.16696,1.16697,328
2026-08-25T19:55:00+00:00,1.16697,1.16720,1.16692,1.16714,434
2026-08-25T20:00:00+00:00,1.16714,1.16723,1.16707,1.16719,648
2026-08-25T20:05:00+00:00,1.16719,1.16726,1.16692,1.16694,539
2026-08-25T20:10:00+00:00,1.16694,1.16703,1.16690,1.16701,400
2026-08-25T20:15:00+00:00,1.16701,1.16718,1.16697,1.16714,422
2026-08-25T20:20:00+00:00,1.16714,1.16718,1.16698,1.16698,299
2026-08-25T20:25:00+00:00,1.16698,1.16717,1.16692,1.16707,452
2026-08-25T20:30:00+00:00,1.16707,1.16713,1.16697,1.16702,452
2026-08-25T20:35:00+00:00,1.16702,1.16728,1.16702,1.16721,322
2026-08-25T20:40:00+00:00,1.16721,1.16722,1.16707,1.16712,272
2026-08-25T20:45:00+00:00,1.16712,1.16731,1.16711,1.16726,338
2026-08-25T20:50:00+00:00,1.16726,1.16733,1.16716,1.16728,258
2026-08-25T20:55:00+00:00,1.16728,1.16746,1.16727,1.16743,347
2026-08-25T21:00:00+00:00,1.16743,1.16743,1.16717,1.16724,467
2026-08-25T21:05:00+00:00,1.16724,1.16744,1.16724,1.16738,407
2026-08-25T21:10:00+00:00,1.16738,1.16753,1.16737,1.16738,300
2026-08-25T21:15:00+00:00,1.16738,1.16743,1.16735,1.16742,281
2026-08-25T21:20:00+00:00,1.16742,1.16744,1.16727,1.16729,264
2026-08-25T21:25:00+00:00,1.16729,1.16744,1.16729,1.16739,302
2026-08-25T21:30:00+00:00,1.16739,1.16745,1.16737,1.16744,226
2026-08-25T21:35:00+00:00,1.16744,1.16747,1.16734,1.16737,180
2026-08-25T21:40:00+00:00,1.16737,1.16741,1.16731,1.16737,218
2026-08-25T21:45:00+00:00,1.16737,1.16742,1.16728,1.16738,315
2026-08-25T21:50:00+00:00,1.16738,1.16741,1.16730,1.16733,260
2026-08-25T21:55:00+00:00,1.16733,1.16748,1.16730,1.16742,321
2026-08-25T22:00:00+00:00,1.16741,1.16749,1.16736,1.16747,457
2026-08-25T22:05:00+00:00,1.16747,1.16765,1.16746,1.16763,287
2026-08-25T22:10:00+00:00,1.16763,1.16771,1.16761,1.16767,303
2026-08-25T22:15:00+00:00,1.16767,1.16791,1.16763,1.16779,580
2026-08-25T22:20:00+00:00,1.16779,1.16780,1.16755,1.16757,499
2026-08-25T22:25:00+00:00,1.16757,1.16759,1.16736,1.16737,282
2026-08-25T22:30:00+00:00,1.16736,1.16737,1.16708,1.16711,481
2026-08-25T22:35:00+00:00,1.16711,1.16717,1.16687,1.16700,580
2026-08-25T22:40:00+00:00,1.16701,1.16706,1.16691,1.16702,374
2026-08-25T22:45:00+00:00,1.16702,1.16728,1.16701,1.16727,339
2026-08-25T22:50:00+00:00,1.16727,1.16756,1.16719,1.16750,657
2026-08-25T22:55:00+00:00,1.16750,1.16774,1.16730,1.16763,871
2026-08-25T23:00:00+00:00,1.16763,1.16766,1.16750,1.16754,359
2026-08-25T23:05:00+00:00,1.16754,1.16789,1.16754,1.16789,263
2026-08-25T23:10:00+00:00,1.16789,1.16797,1.16778,1.16778,239
2026-08-25T23:15:00+00:00,1.16779,1.16787,1.16765,1.16769,192
2026-08-25T23:20:00+00:00,1.16769,1.16769,1.16762,1.16763,210
2026-08-25T23:25:00+00:00,1.16763,1.16775,1.16751,1.16766,231
2026-08-25T23:30:00+00:00,1.16766,1.16773,1.16752,1.16752,169
2026-08-25T23:35:00+00:00,1.16752,1.16755,1.16747,1.16748,135
2026-08-25T23:40:00+00:00,1.16748,1.16751,1.16742,1.16747,215
2026-08-25T23:45:00+00:00,1.16747,1.16749,1.16742,1.16745,183
2026-08-25T23:50:00+00:00,1.16745,1.16758,1.16745,1.16754,102
2026-08-25T23:55:00+00:00,1.16754,1.16756,1.16732,1.16734,172
2026-08-26T00:00:00+00:00,1.16734,1.16750,1.16705,1.16750,91
2026-08-26T00:05:00+00:00,1.16749,1.16751,1.16734,1.16751,93
2026-08-26T00:10:00+00:00,1.16751,1.16751,1.16716,1.16727,107
2026-08-26T00:15:00+00:00,1.16727,1.16738,1.16724,1.16736,23
2026-08-26T00:20:00+00:00,1.16736,1.16738,1.16732,1.16736,14
2026-08-26T00:25:00+00:00,1.16736,1.16743,1.16736,1.16741,12
2026-08-26T00:30:00+00:00,1.16741,1.16747,1.16739,1.16747,18
2026-08-26T00:35:00+00:00,1.16747,1.16775,1.16746,1.16768,54
2026-08-26T00:40:00+00:00,1.16768,1.16770,1.16768,1.16770,11
2026-08-26T00:45:00+00:00,1.16770,1.16770,1.16748,1.16749,32
2026-08-26T00:50:00+00:00,1.16749,1.16752,1.16737,1.16742,30
2026-08-26T00:55:00+00:00,1.16742,1.16742,1.16725,1.16727,19
2026-08-26T01:00:00+00:00,1.16727,1.16757,1.16726,1.16755,155
2026-08-26T01:05:00+00:00,1.16755,1.16756,1.16747,1.16748,69
2026-08-26T01:10:00+00:00,1.16748,1.16748,1.16736,1.16745,117
2026-08-26T01:15:00+00:00,1.16745,1.16753,1.16744,1.16752,67
2026-08-26T01:20:00+00:00,1.16752,1.16762,1.16749,1.16758,139
2026-08-26T01:25:00+00:00,1.16758,1.16759,1.16749,1.16753,154
2026-08-26T01:30:00+00:00,1.16753,1.16760,1.16745,1.16758,60
2026-08-26T01:35:00+00:00,1.16759,1.16765,1.16754,1.16758,80
2026-08-26T01:40:00+00:00,1.16758,1.16768,1.16757,1.16767,84
2026-08-26T01:45:00+00:00,1.16767,1.16769,1.16765,1.16766,52
2026-08-26T01:50:00+00:00,1.16766,1.16769,1.16763,1.16768,98
2026-08-26T01:55:00+00:00,1.16768,1.16768,1.16764,1.16767,63
2026-08-26T02:00:00+00:00,1.16767,1.16770,1.16761,1.16764,91
2026-08-26T02:05:00+00:00,1.16764,1.16768,1.16758,1.16758,70
2026-08-26T02:10:00+00:00,1.16758,1.16759,1.16750,1.16754,131
2026-08-26T02:15:00+00:00,1.16754,1.16760,1.16752,1.16758,62
2026-08-26T02:20:00+00:00,1.16758,1.16759,1.16756,1.16756,57
2026-08-26T02:25:00+00:00,1.16756,1.16757,1.16739,1.16743,92
2026-08-26T02:30:00+00:00,1.16743,1.16745,1.16736,1.16738,77
2026-08-26T02:35:00+00:00,1.16738,1.16738,1.16737,1.16737,39
2026-08-26T02:40:00+00:00,1.16738,1.16738,1.16725,1.16733,116
2026-08-26T02:45:00+00:00,1.16733,1.16740,1.16732,1.16734,185
2026-08-26T02:50:00+00:00,1.16734,1.16743,1.16731,1.16738,236
2026-08-26T02:55:00+00:00,1.16738,1.16745,1.16735,1.16743,180
2026-08-26T03:00:00+00:00,1.16743,1.16748,1.16734,1.16738,411
2026-08-26T03:05:00+00:00,1.16738,1.16747,1.16728,1.16746,294
2026-08-26T03:10:00+00:00,1.16746,1.16751,1.16741,1.16747,216
2026-08-26T03:15:00+00:00,1.16747,1.16756,1.16742,1.16743,249
2026-08-26T03:20:00+00:00,1.16742,1.16744,1.16732,1.16733,233
2026-08-26T03:25:00+00:00,1.16733,1.16739,1.16732,1.16735,273
2026-08-26T03:30:00+00:00,1.16735,1.16748,1.16730,1.16732,184
2026-08-26T03:35:00+00:00,1.16732,1.16732,1.16711,1.16712,267
2026-08-26T03:40:00+00:00,1.16712,1.16738,1.16712,1.16736,267
2026-08-26T03:45:00+00:00,1.16735,1.16752,1.16733,1.16747,280
2026-08-26T03:50:00+00:00,1.16747,1.16752,1.16736,1.16747,318
2026-08-26T03:55:00+00:00,1.16746,1.16748,1.16723,1.16726,368
2026-08-26T04:00:00+00:00,1.16726,1.16742,1.16722,1.16725,738
2026-08-26T04:05:00+00:00,1.16725,1.16725,1.16709,1.16717,524
2026-08-26T04:10:00+00:00,1.16717,1.16719,1.16705,1.16708,267
2026-08-26T04:15:00+00:00,1.16708,1.16724,1.16706,1.16709,305
2026-08-26T04:20:00+00:00,1.16709,1.16718,1.16700,1.16708,268
2026-08-26T04:25:00+00:00,1.16708,1.16717,1.16702,1.16703,287
2026-08-26T04:30:00+00:00,1.16704,1.16722,1.16691,1.16701,730
2026-08-26T04:35:00+00:00,1.16701,1.16711,1.16697,1.16705,437
2026-08-26T04:40:00+00:00,1.16705,1.16708,1.16688,1.16697,348
2026-08-26T04:45:00+00:00,1.16697,1.16705,1.16691,1.16703,380
2026-08-26T04:50:00+00:00,1.16703,1.16719,1.16698,1.16706,510
2026-08-26T04:55:00+00:00,1.16706,1.16713,1.16702,1.16702,363
2026-08-26T05:00:00+00:00,1.16702,1.16729,1.16701,1.16718,474
2026-08-26T05:05:00+00:00,1.16718,1.16724,1.16710,1.16714,282
2026-08-26T05:10:00+00:00,1.16714,1.16728,1.16712,1.16726,273
2026-08-26T05:15:00+00:00,1.16728,1.16728,1.16697,1.16703,399
2026-08-26T05:20:00+00:00,1.16703,1.16715,1.16695,1.16696,325
2026-08-26T05:25:00+00:00,1.16696,1.16696,1.16682,1.16690,402
2026-08-26T05:30:00+00:00,1.16691,1.16699,1.16687,1.16696,291
2026-08-26T05:35:00+00:00,1.16696,1.16698,1.16682,1.16688,279
2026-08-26T05:40:00+00:00,1.16688,1.16706,1.16681,1.16702,286
2026-08-26T05:45:00+00:00,1.16702,1.16704,1.16700,1.16701,104
2026-08-26T05:50:00+00:00,1.16701,1.16703,1.16687,1.16687,272
2026-08-26T05:55:00+00:00,1.16687,1.16688,1.16668,1.16675,264
2026-08-26T06:00:00+00:00,1.16676,1.16685,1.16674,1.16682,381
2026-08-26T06:05:00+00:00,1.16682,1.16683,1.16661,1.16665,327
2026-08-26T06:10:00+00:00,1.16665,1.16671,1.16662,1.16665,185
2026-08-26T06:15:00+00:00,1.16665,1.16669,1.16658,1.16660,235
2026-08-26T06:20:00+00:00,1.16660,1.16669,1.16655,1.16660,226
2026-08-26T06:25:00+00:00,1.16661,1.16683,1.16661,1.16662,324
2026-08-26T06:30:00+00:00,1.16662,1.16663,1.16638,1.16642,487
2026-08-26T06:35:00+00:00,1.16642,1.16661,1.16642,1.16661,189
2026-08-26T06:40:00+00:00,1.16661,1.16664,1.16659,1.16661,180
2026-08-26T06:45:00+00:00,1.16661,1.16661,1.16640,1.16643,175
2026-08-26T06:50:00+00:00,1.16643,1.16647,1.16640,1.16642,138
2026-08-26T06:55:00+00:00,1.16642,1.16647,1.16640,1.16646,127
2026-08-26T07:00:00+00:00,1.16646,1.16649,1.16641,1.16642,78
2026-08-26T07:05:00+00:00,1.16642,1.16647,1.16639,1.16642,121
2026-08-26T07:10:00+00:00,1.16642,1.16645,1.16640,1.16640,104
2026-08-26T07:15:00+00:00,1.16640,1.16641,1.16625,1.16628,321
2026-08-26T07:20:00+00:00,1.16628,1.16640,1.16625,1.16637,192
2026-08-26T07:25:00+00:00,1.16636,1.16648,1.16634,1.16640,172
2026-08-26T07:30:00+00:00,1.16640,1.16648,1.16636,1.16636,221
2026-08-26T07:35:00+00:00,1.16636,1.16636,1.16622,1.16622,236
2026-08-26T07:40:00+00:00,1.16622,1.16627,1.16619,1.16622,159
2026-08-26T07:45:00+00:00,1.16622,1.16624,1.16605,1.16611,376
2026-08-26T07:50:00+00:00,1.16611,1.16621,1.16610,1.16616,203
2026-08-26T07:55:00+00:00,1.16616,1.16625,1.16615,1.16620,207
2026-08-26T08:00:00+00:00,1.16621,1.16627,1.16618,1.16622,255
2026-08-26T08:05:00+00:00,1.16622,1.16624,1.16607,1.16618,284
2026-08-26T08:10:00+00:00,1.16618,1.16619,1.16606,1.16611,186
2026-08-26T08:15:00+00:00,1.16611,1.16650,1.16611,1.16644,298
2026-08-26T08:20:00+00:00,1.16644,1.16644,1.16636,1.16640,189
2026-08-26T08:25:00+00:00,1.16640,1.16647,1.16639,1.16642,176
2026-08-26T08:30:00+00:00,1.16642,1.16662,1.16642,1.16662,226
2026-08-26T08:35:00+00:00,1.16662,1.16668,1.16651,1.16658,208
2026-08-26T08:40:00+00:00,1.16658,1.16669,1.16656,1.16657,186
2026-08-26T08:45:00+00:00,1.16657,1.16665,1.16649,1.16651,171
2026-08-26T08:50:00+00:00,1.16650,1.16650,1.16637,1.16642,198
2026-08-26T08:55:00+00:00,1.16642,1.16654,1.16640,1.16643,301
2026-08-26T09:00:00+00:00,1.16643,1.16649,1.16625,1.16632,609
2026-08-26T09:05:00+00:00,1.16632,1.16643,1.16624,1.16640,421
2026-08-26T09:10:00+00:00,1.16640,1.16645,1.16618,1.16623,398
2026-08-26T09:15:00+00:00,1.16623,1.16649,1.16617,1.16649,654
2026-08-26T09:20:00+00:00,1.16649,1.16650,1.16622,1.16629,509
2026-08-26T09:25:00+00:00,1.16629,1.16639,1.16617,1.16617,535
2026-08-26T09:30:00+00:00,1.16618,1.16639,1.16614,1.16617,549
2026-08-26T09:35:00+00:00,1.16618,1.16619,1.16598,1.16615,431
2026-08-26T09:40:00+00:00,1.16615,1.16640,1.16613,1.16638,295
2026-08-26T09:45:00+00:00,1.16638,1.16649,1.16637,1.16641,299
2026-08-26T09:50:00+00:00,1.16641,1.16654,1.16640,1.16652,316
2026-08-26T09:55:00+00:00,1.16652,1.16675,1.16642,1.16669,621
2026-08-26T10:00:00+00:00,1.16669,1.16692,1.16669,1.16683,723
2026-08-26T10:05:00+00:00,1.16683,1.16685,1.16669,1.16683,490
2026-08-26T10:10:00+00:00,1.16683,1.16708,1.16678,1.16689,389
2026-08-26T10:15:00+00:00,1.16689,1.16714,1.16687,1.16694,438
2026-08-26T10:20:00+00:00,1.16694,1.16700,1.16687,1.16694,409
2026-08-26T10:25:00+00:00,1.16694,1.16705,1.16691,1.16696,497
2026-08-26T10:30:00+00:00,1.16697,1.16720,1.16696,1.16714,514
2026-08-26T10:35:00+00:00,1.16714,1.16731,1.16712,1.16718,412
2026-08-26T10:40:00+00:00,1.16718,1.16719,1.16699,1.16704,392
2026-08-26T10:45:00+00:00,1.16704,1.16717,1.16697,1.16700,465
2026-08-26T10:50:00+00:00,1.16701,1.16705,1.16677,1.16686,533
2026-08-26T10:55:00+00:00,1.16686,1.16713,1.16679,1.16710,503
2026-08-26T11:00:00+00:00,1.16709,1.16718,1.16700,1.16711,593
2026-08-26T11:05:00+00:00,1.16712,1.16736,1.16709,1.16731,487
2026-08-26T11:10:00+00:00,1.16731,1.16753,1.16731,1.16748,587
2026-08-26T11:15:00+00:00,1.16748,1.16764,1.16742,1.16755,318
2026-08-26T11:20:00+00:00,1.16756,1.16766,1.16744,1.16762,429
2026-08-26T11:25:00+00:00,1.16762,1.16769,1.16752,1.16768,457
2026-08-26T11:30:00+00:00,1.16767,1.16768,1.16741,1.16745,474
2026-08-26T11:35:00+00:00,1.16744,1.16749,1.16732,1.16738,474
2026-08-26T11:40:00+00:00,1.16738,1.16740,1.16717,1.16736,384
2026-08-26T11:45:00+00:00,1.16736,1.16739,1.16724,1.16737,308
2026-08-26T11:50:00+00:00,1.16737,1.16743,1.16719,1.16722,403
2026-08-26T11:55:00+00:00,1.16722,1.16727,1.16695,1.16711,712
2026-08-26T12:00:00+00:00,1.16711,1.16713,1.16685,1.16704,533
2026-08-26T12:05:00+00:00,1.16704,1.16704,1.16666,1.16668,498
2026-08-26T12:10:00+00:00,1.16668,1.16680,1.16664,1.16665,383
2026-08-26T12:15:00+00:00,1.16665,1.16669,1.16660,1.16664,326
2026-08-26T12:20:00+00:00,1.16664,1.16675,1.16655,1.16658,355
2026-08-26T12:25:00+00:00,1.16659,1.16659,1.16636,1.16641,426
2026-08-26T12:30:00+00:00,1.16641,1.16672,1.16641,1.16663,244
2026-08-26T12:35:00+00:00,1.16663,1.16673,1.16661,1.16662,314
2026-08-26T12:40:00+00:00,1.16662,1.16666,1.16649,1.16664,409
2026-08-26T12:45:00+00:00,1.16663,1.16678,1.16657,1.16666,525
2026-08-26T12:50:00+00:00,1.16666,1.16693,1.16664,1.16683,491
2026-08-26T12:55:00+00:00,1.16683,1.16688,1.16660,1.16662,327
2026-08-26T13:00:00+00:00,1.16662,1.16662,1.16645,1.16659,650
2026-08-26T13:05:00+00:00,1.16659,1.16662,1.16652,1.16653,297
2026-08-26T13:10:00+00:00,1.16653,1.16663,1.16652,1.16652,269
2026-08-26T13:15:00+00:00,1.16652,1.16657,1.16638,1.16645,408
2026-08-26T13:20:00+00:00,1.16644,1.16660,1.16637,1.16638,454
2026-08-26T13:25:00+00:00,1.16638,1.16639,1.16622,1.16634,628
2026-08-26T13:30:00+00:00,1.16634,1.16648,1.16630,1.16643,349
2026-08-26T13:35:00+00:00,1.16644,1.16657,1.16629,1.16649,348
2026-08-26T13:40:00+00:00,1.16649,1.16650,1.16635,1.16648,391
2026-08-26T13:45:00+00:00,1.16648,1.16650,1.16629,1.16636,341
2026-08-26T13:50:00+00:00,1.16637,1.16639,1.16626,1.16637,307
2026-08-26T13:55:00+00:00,1.16637,1.16637,1.16610,1.16618,554
2026-08-26T14:00:00+00:00,1.16619,1.16659,1.16618,1.16647,541
2026-08-26T14:05:00+00:00,1.16647,1.16656,1.16636,1.16638,387
2026-08-26T14:10:00+00:00,1.16638,1.16659,1.16637,1.16656,391
2026-08-26T14:15:00+00:00,1.16656,1.16656,1.16634,1.16636,495
2026-08-26T14:20:00+00:00,1.16636,1.16641,1.16604,1.16606,521
2026-08-26T14:25:00+00:00,1.16606,1.16633,1.16603,1.16622,540
2026-08-26T14:30:00+00:00,1.16622,1.16652,1.16618,1.16651,524
2026-08-26T14:35:00+00:00,1.16651,1.16658,1.16642,1.16646,449
2026-08-26T14:40:00+00:00,1.16646,1.16657,1.16643,1.16654,385
2026-08-26T14:45:00+00:00,1.16654,1.16671,1.16648,1.16664,430
2026-08-26T14:50:00+00:00,1.16664,1.16683,1.16660,1.16680,430
2026-08-26T14:55:00+00:00,1.16680,1.16693,1.16675,1.16690,402
2026-08-26T15:00:00+00:00,1.16690,1.16699,1.16681,1.16697,775
2026-08-26T15:05:00+00:00,1.16697,1.16712,1.16692,1.16693,436
2026-08-26T15:10:00+00:00,1.16693,1.16733,1.16692,1.16727,503
2026-08-26T15:15:00+00:00,1.16727,1.16744,1.16720,1.16733,522
2026-08-26T15:20:00+00:00,1.16733,1.16747,1.16723,1.16724,670
2026-08-26T15:25:00+00:00,1.16724,1.16730,1.16705,1.16720,642
2026-08-26T15:30:00+00:00,1.16720,1.16751,1.16625,1.16653,1947
2026-08-26T15:35:00+00:00,1.16653,1.16666,1.16633,1.16646,1121
2026-08-26T15:40:00+00:00,1.16646,1.16663,1.16630,1.16634,1169
2026-08-26T15:45:00+00:00,1.16635,1.16641,1.16612,1.16638,887
2026-08-26T15:50:00+00:00,1.16638,1.16654,1.16579,1.16609,1152
2026-08-26T15:55:00+00:00,1.16609,1.16616,1.16556,1.16559,1341
2026-08-26T16:00:00+00:00,1.16559,1.16568,1.16517,1.16521,1444
2026-08-26T16:05:00+00:00,1.16521,1.16557,1.16516,1.16532,898
2026-08-26T16:10:00+00:00,1.16532,1.16574,1.16516,1.16566,762
2026-08-26T16:15:00+00:00,1.16566,1.16577,1.16536,1.16572,900
2026-08-26T16:20:00+00:00,1.16572,1.16574,1.16546,1.16572,690
2026-08-26T16:25:00+00:00,1.16572,1.16579,1.16552,1.16572,683
2026-08-26T16:30:00+00:00,1.16572,1.16589,1.16543,1.16543,1147
2026-08-26T16:35:00+00:00,1.16543,1.16565,1.16530,1.16548,882
2026-08-26T16:40:00+00:00,1.16548,1.16569,1.16547,1.16554,924
2026-08-26T16:45:00+00:00,1.16554,1.16568,1.16545,1.16555,820
2026-08-26T16:50:00+00:00,1.16555,1.16574,1.16545,1.16554,763
2026-08-26T16:55:00+00:00,1.16554,1.16566,1.16524,1.16526,1041
2026-08-26T17:00:00+00:00,1.16526,1.16533,1.16480,1.16517,1369
2026-08-26T17:05:00+00:00,1.16517,1.16520,1.16484,1.16507,1089
2026-08-26T17:10:00+00:00,1.16506,1.16519,1.16500,1.16507,743
2026-08-26T17:15:00+00:00,1.16506,1.16509,1.16466,1.16468,797
2026-08-26T17:20:00+00:00,1.16468,1.16475,1.16440,1.16452,908
2026-08-26T17:25:00+00:00,1.16452,1.16457,1.16426,1.16428,957
2026-08-26T17:30:00+00:00,1.16429,1.16472,1.16420,1.16466,936
2026-08-26T17:35:00+00:00,1.16466,1.16495,1.16457,1.16489,775
2026-08-26T17:40:00+00:00,1.16489,1.16503,1.16477,1.16482,617
2026-08-26T17:45:00+00:00,1.16482,1.16484,1.16443,1.16451,741
2026-08-26T17:50:00+00:00,1.16450,1.16467,1.16448,1.16457,789
2026-08-26T17:55:00+00:00,1.16456,1.16474,1.16450,1.16450,1167
2026-08-26T18:00:00+00:00,1.16450,1.16481,1.16448,1.16470,1026
2026-08-26T18:05:00+00:00,1.16470,1.16516,1.16466,1.16515,603
2026-08-26T18:10:00+00:00,1.16515,1.16526,1.16498,1.16498,515
2026-08-26T18:15:00+00:00,1.16498,1.16514,1.16488,1.16512,657
2026-08-26T18:20:00+00:00,1.16512,1.16516,1.16492,1.16506,544
2026-08-26T18:25:00+00:00,1.16506,1.16519,1.16498,1.16519,504
2026-08-26T18:30:00+00:00,1.16519,1.16525,1.16501,1.16517,551
2026-08-26T18:35:00+00:00,1.16517,1.16534,1.16516,1.16534,435
2026-08-26T18:40:00+00:00,1.16533,1.16544,1.16523,1.16524,461
2026-08-26T18:45:00+00:00,1.16524,1.16543,1.16512,1.16534,434
2026-08-26T18:50:00+00:00,1.16534,1.16535,1.16477,1.16505,1372
2026-08-26T18:55:00+00:00,1.16505,1.16515,1.16486,1.16504,1078
2026-08-26T19:00:00+00:00,1.16504,1.16518,1.16490,1.16516,739
2026-08-26T19:05:00+00:00,1.16516,1.16534,1.16511,1.16513,574
2026-08-26T19:10:00+00:00,1.16513,1.16529,1.16507,1.16528,533
2026-08-26T19:15:00+00:00,1.16528,1.16538,1.16520,1.16533,388
2026-08-26T19:20:00+00:00,1.16533,1.16544,1.16527,1.16527,435
2026-08-26T19:25:00+00:00,1.16527,1.16534,1.16521,1.16525,416
2026-08-26T19:30:00+00:00,1.16525,1.16536,1.16512,1.16516,387
2026-08-26T19:35:00+00:00,1.16516,1.16519,1.16493,1.16494,443
2026-08-26T19:40:00+00:00,1.16495,1.16509,1.16491,1.16505,461
2026-08-26T19:45:00+00:00,1.16506,1.16527,1.16498,1.16527,500
2026-08-26T19:50:00+00:00,1.16527,1.16531,1.16496,1.16498,464
2026-08-26T19:55:00+00:00,1.16498,1.16513,1.16490,1.16497,469
2026-08-26T20:00:00+00:00,1.16497,1.16517,1.16496,1.16502,475
2026-08-26T20:05:00+00:00,1.16502,1.16503,1.16486,1.16491,495
2026-08-26T20:10:00+00:00,1.16492,1.16507,1.16487,1.16506,411
2026-08-26T20:15:00+00:00,1.16507,1.16520,1.16497,1.16516,507
2026-08-26T20:20:00+00:00,1.16516,1.16526,1.16511,1.16517,283
2026-08-26T20:25:00+00:00,1.16517,1.16533,1.16513,1.16531,240
2026-08-26T20:30:00+00:00,1.16531,1.16544,1.16526,1.16539,332
2026-08-26T20:35:00+00:00,1.16538,1.16544,1.16525,1.16525,251
2026-08-26T20:40:00+00:00,1.16525,1.16534,1.16524,1.16533,232
2026-08-26T20:45:00+00:00,1.16532,1.16533,1.16505,1.16508,304
2026-08-26T20:50:00+00:00,1.16508,1.16519,1.16508,1.16512,328
2026-08-26T20:55:00+00:00,1.16512,1.16530,1.16507,1.16528,319
2026-08-26T21:00:00+00:00,1.16528,1.16528,1.16516,1.16520,336
2026-08-26T21:05:00+00:00,1.16520,1.16535,1.16509,1.16534,212
2026-08-26T21:10:00+00:00,1.16534,1.16543,1.16532,1.16536,242
2026-08-26T21:15:00+00:00,1.16536,1.16542,1.16531,1.16534,230
2026-08-26T21:20:00+00:00,1.16534,1.16535,1.16516,1.16521,237
2026-08-26T21:25:00+00:00,1.16521,1.16527,1.16518,1.16520,253
2026-08-26T21:30:00+00:00,1.16520,1.16524,1.16513,1.16517,178
2026-08-26T21:35:00+00:00,1.16517,1.16518,1.16507,1.16511,220
2026-08-26T21:40:00+00:00,1.16511,1.16519,1.16508,1.16516,141
2026-08-26T21:45:00+00:00,1.16516,1.16527,1.16516,1.16523,181
2026-08-26T21:50:00+00:00,1.16523,1.16526,1.16512,1.16512,199
2026-08-26T21:55:00+00:00,1.16512,1.16520,1.16501,1.16513,499
2026-08-26T22:00:00+00:00,1.16513,1.16517,1.16502,1.16510,337
2026-08-26T22:05:00+00:00,1.16510,1.16519,1.16508,1.16517,206
2026-08-26T22:10:00+00:00,1.16517,1.16525,1.16517,1.16523,283
2026-08-26T22:15:00+00:00,1.16523,1.16525,1.16512,1.16515,173
2026-08-26T22:20:00+00:00,1.16515,1.16527,1.16513,1.16523,115
2026-08-26T22:25:00+00:00,1.16523,1.16531,1.16517,1.16525,179
2026-08-26T22:30:00+00:00,1.16524,1.16535,1.16515,1.16517,274
2026-08-26T22:35:00+00:00,1.16517,1.16527,1.16516,1.16524,209
2026-08-26T22:40:00+00:00,1.16523,1.16525,1.16519,1.16519,117
2026-08-26T22:45:00+00:00,1.16519,1.16528,1.16517,1.16518,133
2026-08-26T22:50:00+00:00,1.16518,1.16519,1.16508,1.16514,260
2026-08-26T22:55:00+00:00,1.16514,1.16537,1.16513,1.16534,403
2026-08-26T23:00:00+00:00,1.16533,1.16535,1.16522,1.16525,423
2026-08-26T23:05:00+00:00,1.16525,1.16537,1.16524,1.16527,181
2026-08-26T23:10:00+00:00,1.16527,1.16528,1.16516,1.16518,114
2026-08-26T23:15:00+00:00,1.16518,1.16522,1.16517,1.16521,108
2026-08-26T23:20:00+00:00,1.16520,1.16530,1.16520,1.16530,342
2026-08-26T23:25:00+00:00,1.16530,1.16536,1.16524,1.16527,219
2026-08-26T23:30:00+00:00,1.16526,1.16539,1.16526,1.16535,192
2026-08-26T23:35:00+00:00,1.16534,1.16549,1.16533,1.16545,244
2026-08-26T23:40:00+00:00,1.16545,1.16550,1.16543,1.16548,121
2026-08-26T23:45:00+00:00,1.16548,1.16548,1.16534,1.16538,114
2026-08-26T23:50:00+00:00,1.16538,1.16538,1.16531,1.16534,138
2026-08-26T23:55:00+00:00,1.16534,1.16540,1.16525,1.16526,262
2026-08-27T00:00:00+00:00,1.16516,1.16529,1.16470,1.16499,499
2026-08-27T00:05:00+00:00,1.16499,1.16508,1.16485,1.16501,162
2026-08-27T00:10:00+00:00,1.16501,1.16512,1.16501,1.16509,29
2026-08-27T00:15:00+00:00,1.16509,1.16538,1.16507,1.16534,110
2026-08-27T00:20:00+00:00,1.16534,1.16536,1.16530,1.16533,73
2026-08-27T00:25:00+00:00,1.16533,1.16536,1.16525,1.16525,63
2026-08-27T00:30:00+00:00,1.16525,1.16542,1.16515,1.16536,94
2026-08-27T00:35:00+00:00,1.16533,1.16539,1.16532,1.16533,32
2026-08-27T00:40:00+00:00,1.16533,1.16538,1.16533,1.16535,21
2026-08-27T00:45:00+00:00,1.16535,1.16539,1.16532,1.16533,21
2026-08-27T00:50:00+00:00,1.16533,1.16539,1.16528,1.16534,26
2026-08-27T00:55:00+00:00,1.16534,1.16541,1.16530,1.16533,25
2026-08-27T01:00:00+00:00,1.16533,1.16557,1.16531,1.16541,394
2026-08-27T01:05:00+00:00,1.16540,1.16541,1.16534,1.16536,189
2026-08-27T01:10:00+00:00,1.16536,1.16543,1.16536,1.16540,220
2026-08-27T01:15:00+00:00,1.16540,1.16547,1.16537,1.16545,136
2026-08-27T01:20:00+00:00,1.16545,1.16549,1.16542,1.16543,165
2026-08-27T01:25:00+00:00,1.16543,1.16550,1.16542,1.16548,120
2026-08-27T01:30:00+00:00,1.16548,1.16550,1.16542,1.16548,125
2026-08-27T01:35:00+00:00,1.16548,1.16549,1.16543,1.16546,140
2026-08-27T01:40:00+00:00,1.16546,1.16550,1.16542,1.16546,132
2026-08-27T01:45:00+00:00,1.16546,1.16548,1.16534,1.16540,165
2026-08-27T01:50:00+00:00,1.16540,1.16541,1.16536,1.16539,67
2026-08-27T01:55:00+00:00,1.16539,1.16544,1.16537,1.16544,147
2026-08-27T02:00:00+00:00,1.16544,1.16547,1.16538,1.16543,196
2026-08-27T02:05:00+00:00,1.16543,1.16546,1.16541,1.16545,98
2026-08-27T02:10:00+00:00,1.16545,1.16552,1.16544,1.16551,243
2026-08-27T02:15:00+00:00,1.16551,1.16560,1.16545,1.16558,182
2026-08-27T02:20:00+00:00,1.16558,1.16560,1.16549,1.16556,408
2026-08-27T02:25:00+00:00,1.16555,1.16558,1.16543,1.16547,234
2026-08-27T02:30:00+00:00,1.16547,1.16557,1.16546,1.16556,140
2026-08-27T02:35:00+00:00,1.16556,1.16563,1.16555,1.16562,405
2026-08-27T02:40:00+00:00,1.16562,1.16564,1.16558,1.16560,283
2026-08-27T02:45:00+00:00,1.16560,1.16563,1.16555,1.16556,253
2026-08-27T02:50:00+00:00,1.16556,1.16557,1.16545,1.16546,165
2026-08-27T02:55:00+00:00,1.16545,1.16555,1.16545,1.16554,83
2026-08-27T03:00:00+00:00,1.16555,1.16569,1.16545,1.16562,496
2026-08-27T03:05:00+00:00,1.16562,1.16566,1.16548,1.16553,518
2026-08-27T03:10:00+00:00,1.16553,1.16557,1.16548,1.16553,171
2026-08-27T03:15:00+00:00,1.16553,1.16559,1.16549,1.16558,185
2026-08-27T03:20:00+00:00,1.16558,1.16569,1.16558,1.16566,168
2026-08-27T03:25:00+00:00,1.16566,1.16579,1.16566,1.16578,180
2026-08-27T03:30:00+00:00,1.16578,1.16583,1.16572,1.16579,241
2026-08-27T03:35:00+00:00,1.16579,1.16579,1.16560,1.16562,297
2026-08-27T03:40:00+00:00,1.16562,1.16567,1.16551,1.16552,188
2026-08-27T03:45:00+00:00,1.16552,1.16566,1.16546,1.16565,283
2026-08-27T03:50:00+00:00,1.16566,1.16567,1.16539,1.16549,401
2026-08-27T03:55:00+00:00,1.16549,1.16578,1.16540,1.16564,466
2026-08-27T04:00:00+00:00,1.16564,1.16572,1.16554,1.16572,719
2026-08-27T04:05:00+00:00,1.16572,1.16575,1.16557,1.16560,462
2026-08-27T04:10:00+00:00,1.16560,1.16574,1.16560,1.16571,467
2026-08-27T04:15:00+00:00,1.16571,1.16581,1.16565,1.16578,413
2026-08-27T04:20:00+00:00,1.16579,1.16591,1.16573,1.16583,375
2026-08-27T04:25:00+00:00,1.16583,1.16584,1.16562,1.16574,253
2026-08-27T04:30:00+00:00,1.16573,1.16582,1.16571,1.16582,532
2026-08-27T04:35:00+00:00,1.16582,1.16591,1.16567,1.16568,517
2026-08-27T04:40:00+00:00,1.16568,1.16573,1.16560,1.16567,464
2026-08-27T04:45:00+00:00,1.16568,1.16579,1.16566,1.16571,417
2026-08-27T04:50:00+00:00,1.16571,1.16582,1.16569,1.16581,338
2026-08-27T04:55:00+00:00,1.16581,1.16586,1.16572,1.16579,315
2026-08-27T05:00:00+00:00,1.16580,1.16586,1.16575,1.16585,380
2026-08-27T05:05:00+00:00,1.16585,1.16595,1.16581,1.16592,213
2026-08-27T05:10:00+00:00,1.16593,1.16594,1.16575,1.16576,303
2026-08-27T05:15:00+00:00,1.16576,1.16578,1.16565,1.16567,186
2026-08-27T05:20:00+00:00,1.16567,1.16572,1.16555,1.16555,193
2026-08-27T05:25:00+00:00,1.16555,1.16557,1.16550,1.16550,144
2026-08-27T05:30:00+00:00,1.16551,1.16557,1.16545,1.16552,288
2026-08-27T05:35:00+00:00,1.16552,1.16568,1.16551,1.16555,252
2026-08-27T05:40:00+00:00,1.16555,1.16560,1.16552,1.16555,186
2026-08-27T05:45:00+00:00,1.16555,1.16561,1.16551,1.16554,205
2026-08-27T05:50:00+00:00,1.16554,1.16562,1.16550,1.16550,144
2026-08-27T05:55:00+00:00,1.16550,1.16558,1.16547,1.16555,172
2026-08-27T06:00:00+00:00,1.16556,1.16562,1.16552,1.16557,312
2026-08-27T06:05:00+00:00,1.16558,1.16562,1.16552,1.16555,174
2026-08-27T06:10:00+00:00,1.16555,1.16563,1.16555,1.16557,322
2026-08-27T06:15:00+00:00,1.16557,1.16561,1.16553,1.16555,144
2026-08-27T06:20:00+00:00,1.16555,1.16555,1.16545,1.16547,120
2026-08-27T06:25:00+00:00,1.16547,1.16548,1.16540,1.16541,269
2026-08-27T06:30:00+00:00,1.16541,1.16548,1.16537,1.16542,238
2026-08-27T06:35:00+00:00,1.16542,1.16542,1.16534,1.16536,192
2026-08-27T06:40:00+00:00,1.16536,1.16543,1.16535,1.16540,234
2026-08-27T06:45:00+00:00,1.16540,1.16556,1.16540,1.16552,155
2026-08-27T06:50:00+00:00,1.16552,1.16554,1.16550,1.16550,116
2026-08-27T06:55:00+00:00,1.16550,1.16551,1.16540,1.16542,76
2026-08-27T07:00:00+00:00,1.16542,1.16559,1.16542,1.16557,162
2026-08-27T07:05:00+00:00,1.16557,1.16558,1.16547,1.16548,98
2026-08-27T07:10:00+00:00,1.16548,1.16558,1.16548,1.16555,171
2026-08-27T07:15:00+00:00,1.16555,1.16559,1.16550,1.16550,113
2026-08-27T07:20:00+00:00,1.16550,1.16552,1.16541,1.16546,177
2026-08-27T07:25:00+00:00,1.16546,1.16560,1.16546,1.16553,138
2026-08-27T07:30:00+00:00,1.16553,1.16553,1.16546,1.16548,86
2026-08-27T07:35:00+00:00,1.16548,1.16549,1.16545,1.16548,88
2026-08-27T07:40:00+00:00,1.16548,1.16553,1.16546,1.16546,90
2026-08-27T07:45:00+00:00,1.16546,1.16550,1.16542,1.16549,162
2026-08-27T07:50:00+00:00,1.16548,1.16554,1.16546,1.16549,243
2026-08-27T07:55:00+00:00,1.16549,1.16556,1.16548,1.16556,234
2026-08-27T08:00:00+00:00,1.16557,1.16558,1.16544,1.16551,178
2026-08-27T08:05:00+00:00,1.16551,1.16563,1.16550,1.16558,178
2026-08-27T08:10:00+00:00,1.16558,1.16566,1.16557,1.16561,113
2026-08-27T08:15:00+00:00,1.16561,1.16563,1.16539,1.16547,167
2026-08-27T08:20:00+00:00,1.16547,1.16563,1.16547,1.16562,155
2026-08-27T08:25:00+00:00,1.16562,1.16573,1.16561,1.16572,179
2026-08-27T08:30:00+00:00,1.16572,1.16577,1.16562,1.16562,164
2026-08-27T08:35:00+00:00,1.16562,1.16564,1.16553,1.16555,110
2026-08-27T08:40:00+00:00,1.16555,1.16565,1.16554,1.16562,222
2026-08-27T08:45:00+00:00,1.16562,1.16566,1.16556,1.16557,244
2026-08-27T08:50:00+00:00,1.16557,1.16559,1.16519,1.16532,539
2026-08-27T08:55:00+00:00,1.16532,1.16545,1.16529,1.16544,376
2026-08-27T09:00:00+00:00,1.16543,1.16544,1.16520,1.16526,421
2026-08-27T09:05:00+00:00,1.16527,1.16539,1.16525,1.16533,598
2026-08-27T09:10:00+00:00,1.16533,1.16548,1.16529,1.16539,444
2026-08-27T09:15:00+00:00,1.16539,1.16539,1.16525,1.16538,375
2026-08-27T09:20:00+00:00,1.16539,1.16553,1.16535,1.16550,439
2026-08-27T09:25:00+00:00,1.16550,1.16558,1.16541,1.16549,527
2026-08-27T09:30:00+00:00,1.16549,1.16554,1.16536,1.16545,453
2026-08-27T09:35:00+00:00,1.16545,1.16546,1.16533,1.16534,431
2026-08-27T09:40:00+00:00,1.16534,1.16552,1.16529,1.16535,457
2026-08-27T09:45:00+00:00,1.16535,1.16550,1.16525,1.16527,563
2026-08-27T09:50:00+00:00,1.16526,1.16533,1.16519,1.16532,433
2026-08-27T09:55:00+00:00,1.16532,1.16542,1.16530,1.16534,379
2026-08-27T10:00:00+00:00,1.16534,1.16563,1.16534,1.16552,686
2026-08-27T10:05:00+00:00,1.16553,1.16554,1.16536,1.16548,494
2026-08-27T10:10:00+00:00,1.16548,1.16561,1.16545,1.16555,452
2026-08-27T10:15:00+00:00,1.16555,1.16557,1.16546,1.16555,398
2026-08-27T10:20:00+00:00,1.16555,1.16557,1.16533,1.16536,426
2026-08-27T10:25:00+00:00,1.16536,1.16539,1.16518,1.16522,441
2026-08-27T10:30:00+00:00,1.16521,1.16526,1.16517,1.16519,341
2026-08-27T10:35:00+00:00,1.16520,1.16546,1.16520,1.16531,432
2026-08-27T10:40:00+00:00,1.16531,1.16551,1.16525,1.16550,436
2026-08-27T10:45:00+00:00,1.16551,1.16556,1.16545,1.16545,372
2026-08-27T10:50:00+00:00,1.16546,1.16547,1.16520,1.16536,641
2026-08-27T10:55:00+00:00,1.16536,1.16557,1.16535,1.16549,492
2026-08-27T11:00:00+00:00,1.16549,1.16574,1.16542,1.16560,765
2026-08-27T11:05:00+00:00,1.16561,1.16581,1.16557,1.16572,524
2026-08-27T11:10:00+00:00,1.16572,1.16577,1.16545,1.16546,241
2026-08-27T11:15:00+00:00,1.16546,1.16558,1.16542,1.16542,565
2026-08-27T11:20:00+00:00,1.16543,1.16543,1.16511,1.16516,617
2026-08-27T11:25:00+00:00,1.16516,1.16529,1.16500,1.16506,543
2026-08-27T11:30:00+00:00,1.16506,1.16514,1.16491,1.16492,544
2026-08-27T11:35:00+00:00,1.16492,1.16511,1.16477,1.16499,612
2026-08-27T11:40:00+00:00,1.16499,1.16521,1.16495,1.16517,566
2026-08-27T11:45:00+00:00,1.16517,1.16522,1.16501,1.16501,590
2026-08-27T11:50:00+00:00,1.16501,1.16518,1.16499,1.16502,613
2026-08-27T11:55:00+00:00,1.16502,1.16508,1.16481,1.16482,602
2026-08-27T12:00:00+00:00,1.16482,1.16485,1.16434,1.16438,721
2026-08-27T12:05:00+00:00,1.16438,1.16472,1.16434,1.16461,660
2026-08-27T12:10:00+00:00,1.16462,1.16477,1.16462,1.16468,487
2026-08-27T12:15:00+00:00,1.16468,1.16476,1.16447,1.16450,470
2026-08-27T12:20:00+00:00,1.16450,1.16461,1.16447,1.16455,460
2026-08-27T12:25:00+00:00,1.16455,1.16467,1.16446,1.16466,492
2026-08-27T12:30:00+00:00,1.16467,1.16467,1.16436,1.16437,576
2026-08-27T12:35:00+00:00,1.16437,1.16438,1.16404,1.16411,587
2026-08-27T12:40:00+00:00,1.16412,1.16433,1.16412,1.16418,461
2026-08-27T12:45:00+00:00,1.16418,1.16447,1.16417,1.16444,487
2026-08-27T12:50:00+00:00,1.16444,1.16461,1.16441,1.16450,403
2026-08-27T12:55:00+00:00,1.16450,1.16456,1.16407,1.16408,611
2026-08-27T13:00:00+00:00,1.16409,1.16417,1.16390,1.16403,832
2026-08-27T13:05:00+00:00,1.16403,1.16422,1.16394,1.16417,556
2026-08-27T13:10:00+00:00,1.16417,1.16443,1.16417,1.16442,382
2026-08-27T13:15:00+00:00,1.16443,1.16464,1.16427,1.16463,438
2026-08-27T13:20:00+00:00,1.16462,1.16483,1.16456,1.16464,503
2026-08-27T13:25:00+00:00,1.16464,1.16471,1.16451,1.16456,420
2026-08-27T13:30:00+00:00,1.16457,1.16461,1.16434,1.16435,512
2026-08-27T13:35:00+00:00,1.16435,1.16435,1.16385,1.16392,592
2026-08-27T13:40:00+00:00,1.16391,1.16420,1.16384,1.16419,473
2026-08-27T13:45:00+00:00,1.16419,1.16419,1.16394,1.16404,467
2026-08-27T13:50:00+00:00,1.16404,1.16413,1.16403,1.16410,395
2026-08-27T13:55:00+00:00,1.16411,1.16412,1.16396,1.16397,443
2026-08-27T14:00:00+00:00,1.16397,1.16403,1.16389,1.16390,474
2026-08-27T14:05:00+00:00,1.16390,1.16407,1.16389,1.16394,405
2026-08-27T14:10:00+00:00,1.16394,1.16394,1.16379,1.16391,423
2026-08-27T14:15:00+00:00,1.16390,1.16404,1.16387,1.16397,346
2026-08-27T14:20:00+00:00,1.16397,1.16415,1.16392,1.16409,420
2026-08-27T14:25:00+00:00,1.16409,1.16415,1.16401,1.16406,291
2026-08-27T14:30:00+00:00,1.16406,1.16444,1.16395,1.16396,680
2026-08-27T14:35:00+00:00,1.16396,1.16407,1.16375,1.16406,656
2026-08-27T14:40:00+00:00,1.16405,1.16419,1.16394,1.16395,411
2026-08-27T14:45:00+00:00,1.16394,1.16409,1.16364,1.16375,657
2026-08-27T14:50:00+00:00,1.16375,1.16430,1.16369,1.16429,664
2026-08-27T14:55:00+00:00,1.16429,1.16435,1.16407,1.16410,733
2026-08-27T15:00:00+00:00,1.16410,1.16453,1.16410,1.16431,1105
2026-08-27T15:05:00+00:00,1.16431,1.16458,1.16422,1.16447,780
2026-08-27T15:10:00+00:00,1.16446,1.16449,1.16411,1.16419,853
2026-08-27T15:15:00+00:00,1.16419,1.16437,1.16409,1.16437,715
2026-08-27T15:20:00+00:00,1.16437,1.16445,1.16431,1.16438,526
2026-08-27T15:25:00+00:00,1.16440,1.16450,1.16425,1.16434,514
2026-08-27T15:30:00+00:00,1.16434,1.16443,1.16410,1.16413,532
2026-08-27T15:35:00+00:00,1.16413,1.16419,1.16396,1.16415,668
2026-08-27T15:40:00+00:00,1.16415,1.16436,1.16409,1.16426,801
2026-08-27T15:45:00+00:00,1.16426,1.16439,1.16416,1.16421,597
2026-08-27T15:50:00+00:00,1.16421,1.16427,1.16408,1.16414,610
2026-08-27T15:55:00+00:00,1.16413,1.16418,1.16398,1.16411,509
2026-08-27T16:00:00+00:00,1.16411,1.16461,1.16400,1.16445,902
2026-08-27T16:05:00+00:00,1.16445,1.16478,1.16445,1.16468,684
2026-08-27T16:10:00+00:00,1.16468,1.16490,1.16465,1.16484,656
2026-08-27T16:15:00+00:00,1.16484,1.16504,1.16467,1.16504,546
2026-08-27T16:20:00+00:00,1.16504,1.16584,1.16503,1.16577,795
2026-08-27T16:25:00+00:00,1.16577,1.16599,1.16563,1.16584,850
2026-08-27T16:30:00+00:00,1.16584,1.16596,1.16564,1.16566,1237
2026-08-27T16:35:00+00:00,1.16565,1.16569,1.16535,1.16535,936
2026-08-27T16:40:00+00:00,1.16535,1.16540,1.16517,1.16525,692
2026-08-27T16:45:00+00:00,1.16526,1.16550,1.16504,1.16529,1034
2026-08-27T16:50:00+00:00,1.16528,1.16549,1.16519,1.16539,817
2026-08-27T16:55:00+00:00,1.16539,1.16552,1.16530,1.16540,928
2026-08-27T17:00:00+00:00,1.16540,1.16542,1.16516,1.16527,1199
2026-08-27T17:05:00+00:00,1.16527,1.16580,1.16516,1.16557,1273
2026-08-27T17:10:00+00:00,1.16557,1.16558,1.16504,1.16515,766
2026-08-27T17:15:00+00:00,1.16515,1.16533,1.16510,1.16528,823
2026-08-27T17:20:00+00:00,1.16528,1.16531,1.16490,1.16492,921
2026-08-27T17:25:00+00:00,1.16492,1.16495,1.16482,1.16491,616
2026-08-27T17:30:00+00:00,1.16491,1.16520,1.16489,1.16520,809
2026-08-27T17:35:00+00:00,1.16520,1.16548,1.16510,1.16546,682
2026-08-27T17:40:00+00:00,1.16546,1.16552,1.16506,1.16511,855
2026-08-27T17:45:00+00:00,1.16512,1.16540,1.16494,1.16498,877
2026-08-27T17:50:00+00:00,1.16498,1.16508,1.16485,1.16500,793
2026-08-27T17:55:00+00:00,1.16500,1.16500,1.16446,1.16447,1377
2026-08-27T18:00:00+00:00,1.16448,1.16494,1.16444,1.16479,1202
2026-08-27T18:05:00+00:00,1.16479,1.16507,1.16477,1.16501,720
2026-08-27T18:10:00+00:00,1.16501,1.16526,1.16494,1.16507,704
2026-08-27T18:15:00+00:00,1.16507,1.16524,1.16497,1.16497,567
2026-08-27T18:20:00+00:00,1.16497,1.16512,1.16490,1.16495,833
2026-08-27T18:25:00+00:00,1.16495,1.16513,1.16491,1.16506,723
2026-08-27T18:30:00+00:00,1.16506,1.16524,1.16504,1.16521,593
2026-08-27T18:35:00+00:00,1.16521,1.16524,1.16504,1.16511,315
2026-08-27T18:40:00+00:00,1.16511,1.16513,1.16501,1.16504,415
2026-08-27T18:45:00+00:00,1.16504,1.16504,1.16480,1.16500,421
2026-08-27T18:50:00+00:00,1.16500,1.16531,1.16499,1.16525,306
2026-08-27T18:55:00+00:00,1.16525,1.16543,1.16520,1.16533,479
2026-08-27T19:00:00+00:00,1.16533,1.16536,1.16515,1.16515,595
2026-08-27T19:05:00+00:00,1.16515,1.16516,1.16494,1.16502,449
2026-08-27T19:10:00+00:00,1.16502,1.16519,1.16500,1.16511,333
2026-08-27T19:15:00+00:00,1.16511,1.16513,1.16493,1.16505,409
2026-08-27T19:20:00+00:00,1.16505,1.16532,1.16505,1.16522,350
2026-08-27T19:25:00+00:00,1.16522,1.16533,1.16520,1.16530,213
2026-08-27T19:30:00+00:00,1.16530,1.16543,1.16527,1.16541,309
2026-08-27T19:35:00+00:00,1.16541,1.16545,1.16531,1.16539,273
2026-08-27T19:40:00+00:00,1.16539,1.16539,1.16524,1.16535,240
2026-08-27T19:45:00+00:00,1.16535,1.16540,1.16514,1.16516,369
2026-08-27T19:50:00+00:00,1.16516,1.16529,1.16510,1.16511,457
2026-08-27T19:55:00+00:00,1.16511,1.16523,1.16506,1.16521,380
2026-08-27T20:00:00+00:00,1.16521,1.16540,1.16520,1.16537,444
2026-08-27T20:05:00+00:00,1.16537,1.16538,1.16521,1.16529,208
2026-08-27T20:10:00+00:00,1.16529,1.16529,1.16507,1.16508,331
2026-08-27T20:15:00+00:00,1.16508,1.16513,1.16500,1.16507,343
2026-08-27T20:20:00+00:00,1.16507,1.16516,1.16505,1.16509,288
2026-08-27T20:25:00+00:00,1.16509,1.16518,1.16506,1.16508,312
2026-08-27T20:30:00+00:00,1.16508,1.16513,1.16504,1.16506,472
2026-08-27T20:35:00+00:00,1.16505,1.16507,1.16495,1.16500,193
2026-08-27T20:40:00+00:00,1.16500,1.16502,1.16483,1.16489,171
2026-08-27T20:45:00+00:00,1.16489,1.16492,1.16469,1.16480,633
2026-08-27T20:50:00+00:00,1.16479,1.16486,1.16470,1.16481,330
2026-08-27T20:55:00+00:00,1.16481,1.16497,1.16480,1.16491,580
2026-08-27T21:00:00+00:00,1.16491,1.16493,1.16465,1.16465,570
2026-08-27T21:05:00+00:00,1.16465,1.16474,1.16460,1.16464,433
2026-08-27T21:10:00+00:00,1.16465,1.16479,1.16460,1.16478,378
2026-08-27T21:15:00+00:00,1.16478,1.16484,1.16474,1.16476,268
2026-08-27T21:20:00+00:00,1.16476,1.16485,1.16469,1.16473,231
2026-08-27T21:25:00+00:00,1.16473,1.16476,1.16467,1.16469,340
2026-08-27T21:30:00+00:00,1.16469,1.16476,1.16465,1.16467,249
2026-08-27T21:35:00+00:00,1.16467,1.16477,1.16467,1.16470,168
2026-08-27T21:40:00+00:00,1.16470,1.16478,1.16470,1.16477,156
2026-08-27T21:45:00+00:00,1.16477,1.16488,1.16475,1.16482,129
2026-08-27T21:50:00+00:00,1.16482,1.16494,1.16481,1.16492,189
2026-08-27T21:55:00+00:00,1.16492,1.16500,1.16484,1.16488,285
2026-08-27T22:00:00+00:00,1.16489,1.16500,1.16487,1.16488,295
2026-08-27T22:05:00+00:00,1.16488,1.16505,1.16487,1.16501,449
2026-08-27T22:10:00+00:00,1.16503,1.16503,1.16488,1.16493,274
2026-08-27T22:15:00+00:00,1.16493,1.16501,1.16490,1.16501,273
2026-08-27T22:20:00+00:00,1.16501,1.16501,1.16493,1.16494,188
2026-08-27T22:25:00+00:00,1.16494,1.16494,1.16484,1.16488,184
2026-08-27T22:30:00+00:00,1.16488,1.16494,1.16478,1.16487,273
2026-08-27T22:35:00+00:00,1.16487,1.16496,1.16486,1.16493,295
2026-08-27T22:40:00+00:00,1.16493,1.16496,1.16489,1.16494,131
2026-08-27T22:45:00+00:00,1.16494,1.16495,1.16486,1.16487,189
2026-08-27T22:50:00+00:00,1.16488,1.16491,1.16473,1.16483,237
2026-08-27T22:55:00+00:00,1.16483,1.16504,1.16478,1.16492,355
2026-08-27T23:00:00+00:00,1.16492,1.16503,1.16491,1.16503,167
2026-08-27T23:05:00+00:00,1.16503,1.16518,1.16503,1.16513,51
2026-08-27T23:10:00+00:00,1.16513,1.16524,1.16510,1.16513,100
2026-08-27T23:15:00+00:00,1.16513,1.16514,1.16503,1.16511,91
2026-08-27T23:20:00+00:00,1.16511,1.16514,1.16509,1.16511,39
2026-08-27T23:25:00+00:00,1.16511,1.16511,1.16498,1.16500,92
2026-08-27T23:30:00+00:00,1.16500,1.16510,1.16499,1.16508,56
2026-08-27T23:35:00+00:00,1.16508,1.16515,1.16508,1.16513,41
2026-08-27T23:40:00+00:00,1.16513,1.16515,1.16509,1.16513,131
2026-08-27T23:45:00+00:00,1.16513,1.16514,1.16510,1.16513,64
2026-08-27T23:50:00+00:00,1.16513,1.16517,1.16511,1.16516,119
2026-08-27T23:55:00+00:00,1.16516,1.16521,1.16513,1.16519,121
2026-08-28T00:00:00+00:00,1.16516,1.16523,1.16472,1.16501,116
2026-08-28T00:05:00+00:00,1.16501,1.16511,1.16489,1.16500,98
2026-08-28T00:10:00+00:00,1.16504,1.16517,1.16494,1.16515,112
2026-08-28T00:15:00+00:00,1.16515,1.16516,1.16513,1.16515,18
2026-08-28T00:20:00+00:00,1.16515,1.16535,1.16513,1.16533,43
2026-08-28T00:25:00+00:00,1.16533,1.16544,1.16533,1.16543,75
2026-08-28T00:30:00+00:00,1.16543,1.16545,1.16533,1.16539,111
2026-08-28T00:35:00+00:00,1.16539,1.16543,1.16537,1.16539,77
2026-08-28T00:40:00+00:00,1.16539,1.16547,1.16523,1.16524,225
2026-08-28T00:45:00+00:00,1.16524,1.16536,1.16522,1.16532,115
2026-08-28T00:50:00+00:00,1.16532,1.16537,1.16530,1.16532,32
2026-08-28T00:55:00+00:00,1.16532,1.16537,1.16515,1.16523,39
2026-08-28T01:00:00+00:00,1.16517,1.16537,1.16517,1.16523,326
2026-08-28T01:05:00+00:00,1.16523,1.16529,1.16516,1.16529,179
2026-08-28T01:10:00+00:00,1.16529,1.16541,1.16526,1.16540,204
2026-08-28T01:15:00+00:00,1.16540,1.16547,1.16537,1.16539,134
2026-08-28T01:20:00+00:00,1.16539,1.16539,1.16528,1.16533,84
2026-08-28T01:25:00+00:00,1.16533,1.16533,1.16522,1.16523,53
2026-08-28T01:30:00+00:00,1.16523,1.16529,1.16520,1.16528,114
2026-08-28T01:35:00+00:00,1.16528,1.16531,1.16527,1.16528,141
2026-08-28T01:40:00+00:00,1.16528,1.16531,1.16523,1.16524,102
2026-08-28T01:45:00+00:00,1.16524,1.16527,1.16521,1.16526,122
2026-08-28T01:50:00+00:00,1.16526,1.16530,1.16523,1.16528,66
2026-08-28T01:55:00+00:00,1.16529,1.16537,1.16528,1.16533,110
2026-08-28T02:00:00+00:00,1.16533,1.16535,1.16531,1.16533,135
2026-08-28T02:05:00+00:00,1.16533,1.16536,1.16531,1.16533,48
2026-08-28T02:10:00+00:00,1.16533,1.16545,1.16532,1.16542,133
2026-08-28T02:15:00+00:00,1.16542,1.16543,1.16535,1.16536,58
2026-08-28T02:20:00+00:00,1.16536,1.16537,1.16527,1.16530,72
2026-08-28T02:25:00+00:00,1.16531,1.16536,1.16527,1.16527,85
2026-08-28T02:30:00+00:00,1.16527,1.16531,1.16523,1.16528,115
2026-08-28T02:35:00+00:00,1.16529,1.16544,1.16529,1.16539,133
2026-08-28T02:40:00+00:00,1.16538,1.16538,1.16530,1.16533,128
2026-08-28T02:45:00+00:00,1.16533,1.16545,1.16533,1.16543,101
2026-08-28T02:50:00+00:00,1.16543,1.16549,1.16537,1.16543,197
2026-08-28T02:55:00+00:00,1.16543,1.16544,1.16532,1.16536,215
2026-08-28T03:00:00+00:00,1.16536,1.16543,1.16524,1.16528,500
2026-08-28T03:05:00+00:00,1.16528,1.16536,1.16522,1.16522,336
2026-08-28T03:10:00+00:00,1.16522,1.16532,1.16520,1.16527,292
2026-08-28T03:15:00+00:00,1.16527,1.16530,1.16513,1.16514,269
2026-08-28T03:20:00+00:00,1.16513,1.16525,1.16506,1.16524,278
2026-08-28T03:25:00+00:00,1.16524,1.16524,1.16511,1.16523,336
2026-08-28T03:30:00+00:00,1.16524,1.16524,1.16514,1.16521,250
2026-08-28T03:35:00+00:00,1.16521,1.16533,1.16517,1.16521,264
2026-08-28T03:40:00+00:00,1.16522,1.16530,1.16521,1.16528,175
2026-08-28T03:45:00+00:00,1.16528,1.16540,1.16525,1.16531,267
2026-08-28T03:50:00+00:00,1.16531,1.16535,1.16523,1.16527,315
2026-08-28T03:55:00+00:00,1.16528,1.16534,1.16524,1.16532,206
2026-08-28T04:00:00+00:00,1.16532,1.16539,1.16520,1.16537,479
2026-08-28T04:05:00+00:00,1.16537,1.16544,1.16533,1.16537,331
2026-08-28T04:10:00+00:00,1.16537,1.16540,1.16529,1.16533,311
2026-08-28T04:15:00+00:00,1.16534,1.16538,1.16530,1.16536,372
2026-08-28T04:20:00+00:00,1.16536,1.16542,1.16530,1.16530,392
2026-08-28T04:25:00+00:00,1.16530,1.16534,1.16527,1.16529,341
2026-08-28T04:30:00+00:00,1.16528,1.16535,1.16524,1.16532,401
2026-08-28T04:35:00+00:00,1.16532,1.16553,1.16531,1.16550,413
2026-08-28T04:40:00+00:00,1.16549,1.16554,1.16537,1.16538,348
2026-08-28T04:45:00+00:00,1.16538,1.16538,1.16510,1.16522,468
2026-08-28T04:50:00+00:00,1.16522,1.16527,1.16511,1.16512,343
2026-08-28T04:55:00+00:00,1.16512,1.16515,1.16494,1.16496,414
2026-08-28T05:00:00+00:00,1.16497,1.16504,1.16488,1.16493,352
2026-08-28T05:05:00+00:00,1.16493,1.16505,1.16491,1.16497,243
2026-08-28T05:10:00+00:00,1.16497,1.16500,1.16470,1.16476,604
2026-08-28T05:15:00+00:00,1.16476,1.16484,1.16463,1.16483,270
2026-08-28T05:20:00+00:00,1.16483,1.16498,1.16482,1.16498,212
2026-08-28T05:25:00+00:00,1.16498,1.16500,1.16476,1.16477,269
2026-08-28T05:30:00+00:00,1.16477,1.16486,1.16473,1.16481,365
2026-08-28T05:35:00+00:00,1.16481,1.16490,1.16481,1.16483,263
2026-08-28T05:40:00+00:00,1.16483,1.16485,1.16474,1.16475,188
2026-08-28T05:45:00+00:00,1.16475,1.16490,1.16472,1.16488,244
2026-08-28T05:50:00+00:00,1.16488,1.16504,1.16486,1.16503,217
2026-08-28T05:55:00+00:00,1.16503,1.16507,1.16499,1.16507,161
2026-08-28T06:00:00+00:00,1.16507,1.16514,1.16506,1.16509,206
2026-08-28T06:05:00+00:00,1.16509,1.16512,1.16502,1.16506,230
2026-08-28T06:10:00+00:00,1.16505,1.16505,1.16498,1.16503,191
2026-08-28T06:15:00+00:00,1.16502,1.16509,1.16498,1.16499,218
2026-08-28T06:20:00+00:00,1.16499,1.16499,1.16492,1.16493,156
2026-08-28T06:25:00+00:00,1.16493,1.16509,1.16492,1.16507,163
2026-08-28T06:30:00+00:00,1.16507,1.16509,1.16493,1.16495,249
2026-08-28T06:35:00+00:00,1.16495,1.16495,1.16487,1.16489,162
2026-08-28T06:40:00+00:00,1.16489,1.16490,1.16477,1.16478,147
2026-08-28T06:45:00+00:00,1.16478,1.16483,1.16475,1.16478,191
2026-08-28T06:50:00+00:00,1.16478,1.16479,1.16472,1.16472,158
2026-08-28T06:55:00+00:00,1.16472,1.16478,1.16455,1.16462,208
2026-08-28T07:00:00+00:00,1.16464,1.16466,1.16458,1.16459,283
2026-08-28T07:05:00+00:00,1.16459,1.16463,1.16453,1.16458,222
2026-08-28T07:10:00+00:00,1.16458,1.16459,1.16451,1.16453,208
2026-08-28T07:15:00+00:00,1.16453,1.16464,1.16452,1.16463,231
2026-08-28T07:20:00+00:00,1.16463,1.16464,1.16455,1.16456,111
2026-08-28T07:25:00+00:00,1.16456,1.16459,1.16451,1.16455,153
2026-08-28T07:30:00+00:00,1.16455,1.16455,1.16451,1.16452,138
2026-08-28T07:35:00+00:00,1.16452,1.16455,1.16451,1.16452,93
2026-08-28T07:40:00+00:00,1.16452,1.16463,1.16452,1.16457,172
2026-08-28T07:45:00+00:00,1.16457,1.16463,1.16457,1.16457,201
2026-08-28T07:50:00+00:00,1.16457,1.16458,1.16453,1.16456,154
2026-08-28T07:55:00+00:00,1.16457,1.16457,1.16450,1.16455,135
2026-08-28T08:00:00+00:00,1.16455,1.16457,1.16445,1.16447,280
2026-08-28T08:05:00+00:00,1.16446,1.16451,1.16441,1.16441,281
2026-08-28T08:10:00+00:00,1.16441,1.16442,1.16433,1.16436,295
2026-08-28T08:15:00+00:00,1.16436,1.16448,1.16436,1.16442,254
2026-08-28T08:20:00+00:00,1.16441,1.16446,1.16441,1.16441,127
2026-08-28T08:25:00+00:00,1.16441,1.16443,1.16436,1.16440,223
2026-08-28T08:30:00+00:00,1.16440,1.16447,1.16434,1.16443,255
2026-08-28T08:35:00+00:00,1.16443,1.16445,1.16434,1.16435,369
2026-08-28T08:40:00+00:00,1.16435,1.16438,1.16427,1.16428,359
2026-08-28T08:45:00+00:00,1.16428,1.16440,1.16427,1.16432,140
2026-08-28T08:50:00+00:00,1.16432,1.16440,1.16429,1.16437,128
2026-08-28T08:55:00+00:00,1.16438,1.16459,1.16437,1.16444,245
2026-08-28T09:00:00+00:00,1.16444,1.16465,1.16441,1.16448,659
2026-08-28T09:05:00+00:00,1.16448,1.16456,1.16442,1.16454,472
2026-08-28T09:10:00+00:00,1.16454,1.16465,1.16448,1.16448,601
2026-08-28T09:15:00+00:00,1.16448,1.16448,1.16430,1.16431,480
2026-08-28T09:20:00+00:00,1.16431,1.16463,1.16430,1.16449,617
2026-08-28T09:25:00+00:00,1.16449,1.16480,1.16447,1.16474,632
2026-08-28T09:30:00+00:00,1.16474,1.16480,1.16453,1.16468,802
2026-08-28T09:35:00+00:00,1.16468,1.16484,1.16445,1.16456,676
2026-08-28T09:40:00+00:00,1.16456,1.16484,1.16444,1.16476,687
2026-08-28T09:45:00+00:00,1.16476,1.16481,1.16459,1.16468,519
2026-08-28T09:50:00+00:00,1.16468,1.16479,1.16460,1.16473,495
2026-08-28T09:55:00+00:00,1.16473,1.16492,1.16473,1.16482,347
2026-08-28T10:00:00+00:00,1.16482,1.16488,1.16463,1.16467,451
2026-08-28T10:05:00+00:00,1.16467,1.16468,1.16437,1.16440,459
2026-08-28T10:10:00+00:00,1.16440,1.16460,1.16438,1.16447,502
2026-08-28T10:15:00+00:00,1.16447,1.16457,1.16422,1.16428,601
2026-08-28T10:20:00+00:00,1.16428,1.16436,1.16419,1.16426,456
2026-08-28T10:25:00+00:00,1.16426,1.16434,1.16417,1.16421,683
2026-08-28T10:30:00+00:00,1.16421,1.16454,1.16421,1.16447,566
2026-08-28T10:35:00+00:00,1.16447,1.16461,1.16436,1.16441,559
2026-08-28T10:40:00+00:00,1.16440,1.16455,1.16433,1.16446,479
2026-08-28T10:45:00+00:00,1.16446,1.16473,1.16432,1.16468,528
2026-08-28T10:50:00+00:00,1.16468,1.16472,1.16456,1.16463,283
2026-08-28T10:55:00+00:00,1.16463,1.16484,1.16458,1.16464,468
2026-08-28T11:00:00+00:00,1.16464,1.16488,1.16459,1.16470,665
2026-08-28T11:05:00+00:00,1.16470,1.16474,1.16462,1.16468,450
2026-08-28T11:10:00+00:00,1.16468,1.16476,1.16462,1.16462,389
2026-08-28T11:15:00+00:00,1.16462,1.16471,1.16449,1.16450,473
2026-08-28T11:20:00+00:00,1.16450,1.16458,1.16445,1.16445,373
2026-08-28T11:25:00+00:00,1.16445,1.16460,1.16441,1.16443,496
2026-08-28T11:30:00+00:00,1.16443,1.16471,1.16441,1.16465,645
2026-08-28T11:35:00+00:00,1.16465,1.16468,1.16445,1.16456,377
2026-08-28T11:40:00+00:00,1.16456,1.16457,1.16437,1.16437,342
2026-08-28T11:45:00+00:00,1.16438,1.16440,1.16418,1.16430,452
2026-08-28T11:50:00+00:00,1.16430,1.16447,1.16428,1.16442,430
2026-08-28T11:55:00+00:00,1.16442,1.16446,1.16428,1.16443,387
2026-08-28T12:00:00+00:00,1.16443,1.16452,1.16424,1.16431,402
2026-08-28T12:05:00+00:00,1.16431,1.16434,1.16418,1.16431,583
2026-08-28T12:10:00+00:00,1.16431,1.16434,1.16422,1.16424,420
2026-08-28T12:15:00+00:00,1.16424,1.16438,1.16418,1.16421,540
2026-08-28T12:20:00+00:00,1.16422,1.16439,1.16418,1.16432,493
2026-08-28T12:25:00+00:00,1.16431,1.16436,1.16418,1.16423,462
2026-08-28T12:30:00+00:00,1.16423,1.16440,1.16423,1.16434,366
2026-08-28T12:35:00+00:00,1.16434,1.16435,1.16411,1.16418,472
2026-08-28T12:40:00+00:00,1.16418,1.16421,1.16403,1.16416,481
2026-08-28T12:45:00+00:00,1.16415,1.16428,1.16411,1.16421,353
2026-08-28T12:50:00+00:00,1.16421,1.16422,1.16401,1.16406,540
2026-08-28T12:55:00+00:00,1.16405,1.16412,1.16397,1.16399,543
2026-08-28T13:00:00+00:00,1.16399,1.16407,1.16393,1.16403,427
2026-08-28T13:05:00+00:00,1.16404,1.16419,1.16403,1.16418,374
2026-08-28T13:10:00+00:00,1.16419,1.16422,1.16406,1.16406,601
2026-08-28T13:15:00+00:00,1.16406,1.16424,1.16400,1.16419,544
2026-08-28T13:20:00+00:00,1.16419,1.16433,1.16403,1.16432,524
2026-08-28T13:25:00+00:00,1.16432,1.16440,1.16421,1.16440,463
2026-08-28T13:30:00+00:00,1.16440,1.16457,1.16437,1.16456,393
2026-08-28T13:35:00+00:00,1.16456,1.16466,1.16454,1.16460,386
2026-08-28T13:40:00+00:00,1.16460,1.16470,1.16452,1.16465,371
2026-08-28T13:45:00+00:00,1.16465,1.16467,1.16451,1.16458,296
2026-08-28T13:50:00+00:00,1.16458,1.16471,1.16452,1.16470,382
2026-08-28T13:55:00+00:00,1.16469,1.16492,1.16467,1.16491,374
2026-08-28T14:00:00+00:00,1.16491,1.16496,1.16472,1.16474,418
2026-08-28T14:05:00+00:00,1.16474,1.16484,1.16471,1.16484,376
2026-08-28T14:10:00+00:00,1.16484,1.16484,1.16465,1.16470,523
2026-08-28T14:15:00+00:00,1.16470,1.16471,1.16459,1.16461,462
2026-08-28T14:20:00+00:00,1.16461,1.16474,1.16454,1.16473,472
2026-08-28T14:25:00+00:00,1.16473,1.16480,1.16453,1.16463,458
2026-08-28T14:30:00+00:00,1.16463,1.16470,1.16453,1.16467,620
2026-08-28T14:35:00+00:00,1.16467,1.16480,1.16456,1.16466,506
2026-08-28T14:40:00+00:00,1.16466,1.16478,1.16462,1.16476,337
2026-08-28T14:45:00+00:00,1.16476,1.16483,1.16447,1.16457,492
2026-08-28T14:50:00+00:00,1.16457,1.16467,1.16446,1.16453,579
2026-08-28T14:55:00+00:00,1.16453,1.16460,1.16446,1.16452,485
2026-08-28T15:00:00+00:00,1.16452,1.16461,1.16444,1.16452,678
2026-08-28T15:05:00+00:00,1.16452,1.16457,1.16434,1.16434,556
2026-08-28T15:10:00+00:00,1.16434,1.16444,1.16426,1.16436,559
2026-08-28T15:15:00+00:00,1.16436,1.16442,1.16429,1.16432,606
2026-08-28T15:20:00+00:00,1.16432,1.16437,1.16426,1.16432,559
2026-08-28T15:25:00+00:00,1.16431,1.16436,1.16418,1.16423,319
2026-08-28T15:30:00+00:00,1.16423,1.16423,1.16403,1.16406,474
2026-08-28T15:35:00+00:00,1.16407,1.16413,1.16395,1.16397,527
2026-08-28T15:40:00+00:00,1.16397,1.16414,1.16393,1.16411,662
2026-08-28T15:45:00+00:00,1.16411,1.16432,1.16411,1.16423,731
2026-08-28T15:50:00+00:00,1.16423,1.16430,1.16412,1.16428,725
2026-08-28T15:55:00+00:00,1.16428,1.16504,1.16428,1.16489,1397
2026-08-28T16:00:00+00:00,1.16489,1.16500,1.16478,1.16483,743
2026-08-28T16:05:00+00:00,1.16483,1.16484,1.16452,1.16474,651
2026-08-28T16:10:00+00:00,1.16474,1.16475,1.16441,1.16443,604
2026-08-28T16:15:00+00:00,1.16443,1.16455,1.16438,1.16453,471
2026-08-28T16:20:00+00:00,1.16452,1.16453,1.16426,1.16432,567
2026-08-28T16:25:00+00:00,1.16432,1.16437,1.16417,1.16433,686
2026-08-28T16:30:00+00:00,1.16433,1.16443,1.16427,1.16432,816
2026-08-28T16:35:00+00:00,1.16432,1.16435,1.16408,1.16430,530
2026-08-28T16:40:00+00:00,1.16430,1.16432,1.16406,1.16413,524
2026-08-28T16:45:00+00:00,1.16413,1.16428,1.16411,1.16413,531
2026-08-28T16:50:00+00:00,1.16413,1.16425,1.16401,1.16424,859
2026-08-28T16:55:00+00:00,1.16423,1.16471,1.16373,1.16383,1019
2026-08-28T17:00:00+00:00,1.16385,1.16595,1.16170,1.16198,5463
2026-08-28T17:05:00+00:00,1.16198,1.16223,1.16102,1.16193,3399
2026-08-28T17:10:00+00:00,1.16193,1.16209,1.16105,1.16116,3181
2026-08-28T17:15:00+00:00,1.16116,1.16164,1.16055,1.16069,2992
2026-08-28T17:20:00+00:00,1.16068,1.16095,1.16035,1.16044,2353
2026-08-28T17:25:00+00:00,1.16044,1.16051,1.15946,1.16019,2482
2026-08-28T17:30:00+00:00,1.16019,1.16106,1.16010,1.16105,2254
2026-08-28T17:35:00+00:00,1.16105,1.16117,1.16047,1.16054,1730
2026-08-28T17:40:00+00:00,1.16054,1.16111,1.16041,1.16074,1886
2026-08-28T17:45:00+00:00,1.16074,1.16083,1.16020,1.16045,1856
2026-08-28T17:50:00+00:00,1.16045,1.16152,1.16032,1.16139,1898
2026-08-28T17:55:00+00:00,1.16139,1.16225,1.16139,1.16175,2162
2026-08-28T18:00:00+00:00,1.16174,1.16206,1.16116,1.16133,2006
2026-08-28T18:05:00+00:00,1.16133,1.16135,1.16060,1.16099,1542
2026-08-28T18:10:00+00:00,1.16099,1.16107,1.16058,1.16079,1421
2026-08-28T18:15:00+00:00,1.16079,1.16106,1.16059,1.16059,1383
2026-08-28T18:20:00+00:00,1.16059,1.16069,1.16037,1.16053,1482
2026-08-28T18:25:00+00:00,1.16053,1.16086,1.16032,1.16042,1318
2026-08-28T18:30:00+00:00,1.16043,1.16056,1.16020,1.16028,1122
2026-08-28T18:35:00+00:00,1.16028,1.16045,1.15989,1.15994,1124
2026-08-28T18:40:00+00:00,1.15995,1.16003,1.15963,1.16002,1026
2026-08-28T18:45:00+00:00,1.16002,1.16027,1.15971,1.15981,1210
2026-08-28T18:50:00+00:00,1.15981,1.16024,1.15978,1.15992,1330
2026-08-28T18:55:00+00:00,1.15991,1.16002,1.15971,1.15977,1373
2026-08-28T19:00:00+00:00,1.15977,1.15982,1.15949,1.15951,1026
2026-08-28T19:05:00+00:00,1.15951,1.15955,1.15919,1.15930,1032
2026-08-28T19:10:00+00:00,1.15930,1.15930,1.15897,1.15902,1222
2026-08-28T19:15:00+00:00,1.15902,1.15907,1.15849,1.15851,1316
2026-08-28T19:20:00+00:00,1.15851,1.15874,1.15849,1.15854,1135
2026-08-28T19:25:00+00:00,1.15854,1.15875,1.15850,1.15857,1058
2026-08-28T19:30:00+00:00,1.15857,1.15899,1.15856,1.15874,1032
2026-08-28T19:35:00+00:00,1.15874,1.15885,1.15863,1.15880,925
2026-08-28T19:40:00+00:00,1.15880,1.15892,1.15850,1.15855,887
2026-08-28T19:45:00+00:00,1.15855,1.15877,1.15854,1.15873,1059
2026-08-28T19:50:00+00:00,1.15873,1.15896,1.15863,1.15869,974
2026-08-28T19:55:00+00:00,1.15869,1.15874,1.15847,1.15869,797
2026-08-28T20:00:00+00:00,1.15868,1.15870,1.15845,1.15850,860
2026-08-28T20:05:00+00:00,1.15850,1.15865,1.15826,1.15850,798
2026-08-28T20:10:00+00:00,1.15850,1.15891,1.15849,1.15873,696
2026-08-28T20:15:00+00:00,1.15873,1.15875,1.15845,1.15861,522
2026-08-28T20:20:00+00:00,1.15861,1.15875,1.15860,1.15865,489
2026-08-28T20:25:00+00:00,1.15865,1.15866,1.15848,1.15854,460
2026-08-28T20:30:00+00:00,1.15854,1.15856,1.15836,1.15840,508
2026-08-28T20:35:00+00:00,1.15840,1.15853,1.15819,1.15820,551
2026-08-28T20:40:00+00:00,1.15820,1.15826,1.15782,1.15803,645
2026-08-28T20:45:00+00:00,1.15804,1.15805,1.15778,1.15798,550
2026-08-28T20:50:00+00:00,1.15798,1.15806,1.15797,1.15800,459
2026-08-28T20:55:00+00:00,1.15800,1.15813,1.15793,1.15808,454
2026-08-28T21:00:00+00:00,1.15808,1.15813,1.15785,1.15785,414
2026-08-28T21:05:00+00:00,1.15785,1.15824,1.15784,1.15813,733
2026-08-28T21:10:00+00:00,1.15813,1.15815,1.15799,1.15801,619
2026-08-28T21:15:00+00:00,1.15801,1.15814,1.15790,1.15799,531
2026-08-28T21:20:00+00:00,1.15798,1.15826,1.15798,1.15821,484
2026-08-28T21:25:00+00:00,1.15821,1.15846,1.15819,1.15827,594
2026-08-28T21:30:00+00:00,1.15827,1.15830,1.15813,1.15823,400
2026-08-28T21:35:00+00:00,1.15824,1.15830,1.15797,1.15798,401
2026-08-28T21:40:00+00:00,1.15798,1.15801,1.15781,1.15797,460
2026-08-28T21:45:00+00:00,1.15797,1.15803,1.15778,1.15789,427
2026-08-28T21:50:00+00:00,1.15789,1.15804,1.15788,1.15793,430
2026-08-28T21:55:00+00:00,1.15793,1.15810,1.15788,1.15804,433
2026-08-28T22:00:00+00:00,1.15804,1.15819,1.15797,1.15802,659
2026-08-28T22:05:00+00:00,1.15802,1.15821,1.15799,1.15820,439
2026-08-28T22:10:00+00:00,1.15820,1.15832,1.15816,1.15818,371
2026-08-28T22:15:00+00:00,1.15818,1.15826,1.15810,1.15824,406
2026-08-28T22:20:00+00:00,1.15825,1.15850,1.15824,1.15847,412
2026-08-28T22:25:00+00:00,1.15847,1.15864,1.15847,1.15859,293
2026-08-28T22:30:00+00:00,1.15859,1.15867,1.15849,1.15860,560
2026-08-28T22:35:00+00:00,1.15860,1.15867,1.15849,1.15867,424
2026-08-28T22:40:00+00:00,1.15867,1.15871,1.15859,1.15864,273
2026-08-28T22:45:00+00:00,1.15864,1.15868,1.15852,1.15858,362
2026-08-28T22:50:00+00:00,1.15859,1.15870,1.15855,1.15863,308
2026-08-28T22:55:00+00:00,1.15863,1.15878,1.15858,1.15859,677
2026-08-28T23:00:00+00:00,1.15859,1.15866,1.15853,1.15854,286
2026-08-28T23:05:00+00:00,1.15854,1.15858,1.15838,1.15838,209
2026-08-28T23:10:00+00:00,1.15838,1.15856,1.15834,1.15855,296
2026-08-28T23:15:00+00:00,1.15855,1.15860,1.15844,1.15845,128
2026-08-28T23:20:00+00:00,1.15845,1.15848,1.15832,1.15838,219
2026-08-28T23:25:00+00:00,1.15838,1.15849,1.15834,1.15847,233
2026-08-28T23:30:00+00:00,1.15847,1.15852,1.15825,1.15825,182
2026-08-28T23:35:00+00:00,1.15825,1.15833,1.15806,1.15807,126
2026-08-28T23:40:00+00:00,1.15807,1.15816,1.15795,1.15813,248
2026-08-28T23:45:00+00:00,1.15814,1.15820,1.15807,1.15815,268
2026-08-28T23:50:00+00:00,1.15815,1.15831,1.15814,1.15821,320
2026-08-28T23:55:00+00:00,1.15821,1.15840,1.15809,1.15830,562
2026-08-31T00:00:00+00:00,1.15763,1.15799,1.15763,1.15799,34
2026-08-31T00:05:00+00:00,1.15799,1.15805,1.15793,1.15798,78
2026-08-31T00:10:00+00:00,1.15798,1.15798,1.15792,1.15795,51
2026-08-31T00:15:00+00:00,1.15795,1.15795,1.15790,1.15794,19
2026-08-31T00:20:00+00:00,1.15794,1.15795,1.15788,1.15795,17
2026-08-31T00:25:00+00:00,1.15795,1.15795,1.15792,1.15795,29
2026-08-31T00:30:00+00:00,1.15795,1.15798,1.15764,1.15795,22
2026-08-31T00:35:00+00:00,1.15795,1.15796,1.15793,1.15796,16
2026-08-31T00:40:00+00:00,1.15796,1.15800,1.15795,1.15800,15
2026-08-31T00:45:00+00:00,1.15800,1.15807,1.15800,1.15807,11
2026-08-31T00:50:00+00:00,1.15807,1.15807,1.15790,1.15790,20
2026-08-31T00:55:00+00:00,1.15790,1.15795,1.15782,1.15788,65
2026-08-31T01:00:00+00:00,1.15788,1.15817,1.15781,1.15808,216
2026-08-31T01:05:00+00:00,1.15808,1.15823,1.15808,1.15818,117
2026-08-31T01:10:00+00:00,1.15818,1.15821,1.15805,1.15816,313
2026-08-31T01:15:00+00:00,1.15816,1.15822,1.15810,1.15819,223
2026-08-31T01:20:00+00:00,1.15819,1.15819,1.15814,1.15817,95
2026-08-31T01:25:00+00:00,1.15817,1.15822,1.15815,1.15817,106
2026-08-31T01:30:00+00:00,1.15817,1.15835,1.15814,1.15832,156
2026-08-31T01:35:00+00:00,1.15832,1.15851,1.15829,1.15847,214
2026-08-31T01:40:00+00:00,1.15847,1.15848,1.15832,1.15834,192
2026-08-31T01:45:00+00:00,1.15834,1.15848,1.15834,1.15842,128
2026-08-31T01:50:00+00:00,1.15842,1.15843,1.15836,1.15838,100
2026-08-31T01:55:00+00:00,1.15838,1.15847,1.15836,1.15842,213
2026-08-31T02:00:00+00:00,1.15842,1.15863,1.15842,1.15852,304
2026-08-31T02:05:00+00:00,1.15852,1.15863,1.15838,1.15838,256
2026-08-31T02:10:00+00:00,1.15838,1.15853,1.15836,1.15849,252
2026-08-31T02:15:00+00:00,1.15849,1.15860,1.15845,1.15857,168
2026-08-31T02:20:00+00:00,1.15857,1.15867,1.15857,1.15862,158
2026-08-31T02:25:00+00:00,1.15862,1.15863,1.15855,1.15855,138
2026-08-31T02:30:00+00:00,1.15855,1.15878,1.15855,1.15870,249
2026-08-31T02:35:00+00:00,1.15870,1.15884,1.15869,1.15881,178
2026-08-31T02:40:00+00:00,1.15881,1.15885,1.15874,1.15877,186
2026-08-31T02:45:00+00:00,1.15877,1.15878,1.15866,1.15868,394
2026-08-31T02:50:00+00:00,1.15868,1.15888,1.15867,1.15887,335
2026-08-31T02:55:00+00:00,1.15887,1.15893,1.15881,1.15887,386
2026-08-31T03:00:00+00:00,1.15888,1.15922,1.15887,1.15920,756
2026-08-31T03:05:00+00:00,1.15920,1.15933,1.15918,1.15927,557
2026-08-31T03:10:00+00:00,1.15927,1.15934,1.15905,1.15920,520
2026-08-31T03:15:00+00:00,1.15920,1.15929,1.15912,1.15915,438
2026-08-31T03:20:00+00:00,1.15915,1.15919,1.15890,1.15892,365
2026-08-31T03:25:00+00:00,1.15892,1.15892,1.15856,1.15866,568
2026-08-31T03:30:00+00:00,1.15866,1.15898,1.15866,1.15897,506
2026-08-31T03:35:00+00:00,1.15896,1.15917,1.15896,1.15913,481
2026-08-31T03:40:00+00:00,1.15913,1.15919,1.15906,1.15909,422
2026-08-31T03:45:00+00:00,1.15909,1.15919,1.15907,1.15913,403
2026-08-31T03:50:00+00:00,1.15913,1.15937,1.15908,1.15922,530
2026-08-31T03:55:00+00:00,1.15921,1.15938,1.15913,1.15922,553
2026-08-31T04:00:00+00:00,1.15923,1.15929,1.15887,1.15917,853
2026-08-31T04:05:00+00:00,1.15917,1.15918,1.15876,1.15879,517
2026-08-31T04:10:00+00:00,1.15880,1.15884,1.15871,1.15882,633
2026-08-31T04:15:00+00:00,1.15882,1.15889,1.15870,1.15877,693
2026-08-31T04:20:00+00:00,1.15877,1.15904,1.15874,1.15900,553
2026-08-31T04:25:00+00:00,1.15900,1.15904,1.15888,1.15902,352
2026-08-31T04:30:00+00:00,1.15902,1.15919,1.15901,1.15907,398
2026-08-31T04:35:00+00:00,1.15907,1.15927,1.15903,1.15924,414
2026-08-31T04:40:00+00:00,1.15924,1.15945,1.15912,1.15932,518
2026-08-31T04:45:00+00:00,1.15932,1.15941,1.15921,1.15922,395
2026-08-31T04:50:00+00:00,1.15923,1.15926,1.15915,1.15921,430
2026-08-31T04:55:00+00:00,1.15921,1.15922,1.15905,1.15906,443
2026-08-31T05:00:00+00:00,1.15906,1.15913,1.15898,1.15907,617
2026-08-31T05:05:00+00:00,1.15907,1.15927,1.15906,1.15920,450
2026-08-31T05:10:00+00:00,1.15920,1.15924,1.15911,1.15917,303
2026-08-31T05:15:00+00:00,1.15918,1.15926,1.15890,1.15902,499
2026-08-31T05:20:00+00:00,1.15902,1.15918,1.15896,1.15914,463
2026-08-31T05:25:00+00:00,1.15914,1.15928,1.15914,1.15924,305
2026-08-31T05:30:00+00:00,1.15924,1.15927,1.15914,1.15917,320
2026-08-31T05:35:00+00:00,1.15916,1.15918,1.15895,1.15902,532
2026-08-31T05:40:00+00:00,1.15902,1.15903,1.15881,1.15892,381
2026-08-31T05:45:00+00:00,1.15892,1.15909,1.15892,1.15909,381
2026-08-31T05:50:00+00:00,1.15908,1.15925,1.15907,1.15920,360
2026-08-31T05:55:00+00:00,1.15920,1.15925,1.15912,1.15924,376
2026-08-31T06:00:00+00:00,1.15924,1.15929,1.15918,1.15918,324
2026-08-31T06:05:00+00:00,1.15918,1.15922,1.15916,1.15919,245
2026-08-31T06:10:00+00:00,1.15919,1.15926,1.15917,1.15918,204
2026-08-31T06:15:00+00:00,1.15919,1.15929,1.15918,1.15928,153
2026-08-31T06:20:00+00:00,1.15928,1.15937,1.15926,1.15930,89
2026-08-31T06:25:00+00:00,1.15930,1.15933,1.15918,1.15919,169
2026-08-31T06:30:00+00:00,1.15919,1.15919,1.15912,1.15913,130
2026-08-31T06:35:00+00:00,1.15913,1.15915,1.15893,1.15894,169
2026-08-31T06:40:00+00:00,1.15894,1.15913,1.15894,1.15908,215
2026-08-31T06:45:00+00:00,1.15907,1.15909,1.15897,1.15904,197
2026-08-31T06:50:00+00:00,1.15904,1.15908,1.15899,1.15900,173
2026-08-31T06:55:00+00:00,1.15900,1.15917,1.15899,1.15913,108
2026-08-31T07:00:00+00:00,1.15914,1.15925,1.15913,1.15924,156
2026-08-31T07:05:00+00:00,1.15923,1.15928,1.15914,1.15925,210
2026-08-31T07:10:00+00:00,1.15925,1.15927,1.15922,1.15925,115
2026-08-31T07:15:00+00:00,1.15925,1.15926,1.15914,1.15915,140
2026-08-31T07:20:00+00:00,1.15915,1.15916,1.15897,1.15898,182
2026-08-31T07:25:00+00:00,1.15898,1.15902,1.15886,1.15888,159
2026-08-31T07:30:00+00:00,1.15888,1.15900,1.15886,1.15899,377
2026-08-31T07:35:00+00:00,1.15899,1.15903,1.15895,1.15897,266
2026-08-31T07:40:00+00:00,1.15897,1.15909,1.15886,1.15907,317
2026-08-31T07:45:00+00:00,1.15907,1.15913,1.15902,1.15911,261
2026-08-31T07:50:00+00:00,1.15911,1.15912,1.15902,1.15911,147
2026-08-31T07:55:00+00:00,1.15911,1.15912,1.15900,1.15909,170
2026-08-31T08:00:00+00:00,1.15909,1.15910,1.15894,1.15894,237
2026-08-31T08:05:00+00:00,1.15894,1.15895,1.15886,1.15892,235
2026-08-31T08:10:00+00:00,1.15892,1.15907,1.15891,1.15904,312
2026-08-31T08:15:00+00:00,1.15904,1.15910,1.15898,1.15899,255
2026-08-31T08:20:00+00:00,1.15899,1.15902,1.15886,1.15892,288
2026-08-31T08:25:00+00:00,1.15892,1.15914,1.15891,1.15912,289
2026-08-31T08:30:00+00:00,1.15912,1.15913,1.15877,1.15886,409
2026-08-31T08:35:00+00:00,1.15886,1.15889,1.15875,1.15879,224
2026-08-31T08:40:00+00:00,1.15879,1.15902,1.15873,1.15892,353
2026-08-31T08:45:00+00:00,1.15893,1.15904,1.15880,1.15883,318
2026-08-31T08:50:00+00:00,1.15882,1.15889,1.15873,1.15878,297
2026-08-31T08:55:00+00:00,1.15878,1.15905,1.15877,1.15904,362
2026-08-31T09:00:00+00:00,1.15904,1.15906,1.15871,1.15880,647
2026-08-31T09:05:00+00:00,1.15879,1.15882,1.15870,1.15872,405
2026-08-31T09:10:00+00:00,1.15872,1.15891,1.15869,1.15889,401
2026-08-31T09:15:00+00:00,1.15888,1.15902,1.15885,1.15897,429
2026-08-31T09:20:00+00:00,1.15897,1.15914,1.15882,1.15883,479
2026-08-31T09:25:00+00:00,1.15884,1.15890,1.15868,1.15874,485
2026-08-31T09:30:00+00:00,1.15875,1.15884,1.15869,1.15878,366
2026-08-31T09:35:00+00:00,1.15878,1.15905,1.15875,1.15902,332
2026-08-31T09:40:00+00:00,1.15901,1.15915,1.15882,1.15883,479
2026-08-31T09:45:00+00:00,1.15883,1.15891,1.15878,1.15879,351
2026-08-31T09:50:00+00:00,1.15880,1.15880,1.15868,1.15872,458
2026-08-31T09:55:00+00:00,1.15872,1.15893,1.15848,1.15889,724
2026-08-31T10:00:00+00:00,1.15889,1.15897,1.15867,1.15883,883
2026-08-31T10:05:00+00:00,1.15883,1.15885,1.15847,1.15864,640
2026-08-31T10:10:00+00:00,1.15865,1.15891,1.15864,1.15886,600
2026-08-31T10:15:00+00:00,1.15886,1.15901,1.15857,1.15899,834
2026-08-31T10:20:00+00:00,1.15899,1.15960,1.15896,1.15955,739
2026-08-31T10:25:00+00:00,1.15955,1.15963,1.15928,1.15940,517
2026-08-31T10:30:00+00:00,1.15940,1.15970,1.15936,1.15965,636
2026-08-31T10:35:00+00:00,1.15964,1.15975,1.15956,1.15961,539
2026-08-31T10:40:00+00:00,1.15960,1.15996,1.15953,1.15990,639
2026-08-31T10:45:00+00:00,1.15990,1.16015,1.15989,1.16011,526
2026-08-31T10:50:00+00:00,1.16011,1.16018,1.16001,1.16008,484
2026-08-31T10:55:00+00:00,1.16009,1.16034,1.16008,1.16026,699
2026-08-31T11:00:00+00:00,1.16026,1.16059,1.16015,1.16039,1187
2026-08-31T11:05:00+00:00,1.16039,1.16048,1.16001,1.16002,817
2026-08-31T11:10:00+00:00,1.16002,1.16004,1.15977,1.15982,649
2026-08-31T11:15:00+00:00,1.15982,1.15992,1.15971,1.15982,683
2026-08-31T11:20:00+00:00,1.15982,1.15985,1.15966,1.15968,646
2026-08-31T11:25:00+00:00,1.15967,1.15985,1.15964,1.15981,650
2026-08-31T11:30:00+00:00,1.15981,1.15993,1.15975,1.15985,708
2026-08-31T11:35:00+00:00,1.15985,1.15992,1.15975,1.15986,537
2026-08-31T11:40:00+00:00,1.15986,1.15987,1.15967,1.15974,641
2026-08-31T11:45:00+00:00,1.15973,1.15990,1.15966,1.15970,641
2026-08-31T11:50:00+00:00,1.15970,1.15975,1.15947,1.15952,671
2026-08-31T11:55:00+00:00,1.15952,1.15958,1.15930,1.15941,834
2026-08-31T12:00:00+00:00,1.15941,1.15988,1.15941,1.15988,432
2026-08-31T12:05:00+00:00,1.15988,1.15992,1.15971,1.15981,309
2026-08-31T12:10:00+00:00,1.15981,1.16002,1.15977,1.15999,349
2026-08-31T12:15:00+00:00,1.15999,1.16011,1.15994,1.15994,355
2026-08-31T12:20:00+00:00,1.15994,1.16005,1.15985,1.15985,376
2026-08-31T12:25:00+00:00,1.15985,1.15988,1.15971,1.15982,589
2026-08-31T12:30:00+00:00,1.15981,1.15992,1.15962,1.15963,668
2026-08-31T12:35:00+00:00,1.15963,1.15968,1.15955,1.15956,408
2026-08-31T12:40:00+00:00,1.15956,1.15981,1.15952,1.15972,538
2026-08-31T12:45:00+00:00,1.15972,1.15983,1.15966,1.15978,505
2026-08-31T12:50:00+00:00,1.15978,1.16000,1.15969,1.15994,416
2026-08-31T12:55:00+00:00,1.15993,1.15999,1.15986,1.15992,297
2026-08-31T13:00:00+00:00,1.15992,1.16012,1.15986,1.16008,669
2026-08-31T13:05:00+00:00,1.16008,1.16019,1.16000,1.16007,546
2026-08-31T13:10:00+00:00,1.16007,1.16021,1.16001,1.16012,684
2026-08-31T13:15:00+00:00,1.16012,1.16014,1.15988,1.16000,499
2026-08-31T13:20:00+00:00,1.16000,1.16007,1.15991,1.15998,375
2026-08-31T13:25:00+00:00,1.15998,1.16021,1.15993,1.16018,387
2026-08-31T13:30:00+00:00,1.16017,1.16020,1.15995,1.15996,418
2026-08-31T13:35:00+00:00,1.15996,1.16001,1.15982,1.15987,341
2026-08-31T13:40:00+00:00,1.15987,1.15993,1.15973,1.15973,433
2026-08-31T13:45:00+00:00,1.15973,1.15974,1.15966,1.15972,451
2026-08-31T13:50:00+00:00,1.15972,1.16002,1.15970,1.15978,570
2026-08-31T13:55:00+00:00,1.15978,1.15990,1.15971,1.15971,601
2026-08-31T14:00:00+00:00,1.15972,1.15988,1.15960,1.15969,634
2026-08-31T14:05:00+00:00,1.15969,1.15984,1.15958,1.15978,559
2026-08-31T14:10:00+00:00,1.15978,1.15998,1.15971,1.15988,478
2026-08-31T14:15:00+00:00,1.15988,1.16009,1.15985,1.16007,522
2026-08-31T14:20:00+00:00,1.16007,1.16029,1.16005,1.16012,383
2026-08-31T14:25:00+00:00,1.16012,1.16029,1.16010,1.16022,618
2026-08-31T14:30:00+00:00,1.16022,1.16028,1.15999,1.16000,785
2026-08-31T14:35:00+00:00,1.16000,1.16008,1.15991,1.15994,455
2026-08-31T14:40:00+00:00,1.15994,1.16022,1.15994,1.16000,599
2026-08-31T14:45:00+00:00,1.16000,1.16004,1.15973,1.15977,536
2026-08-31T14:50:00+00:00,1.15977,1.15999,1.15972,1.15982,514
2026-08-31T14:55:00+00:00,1.15982,1.15992,1.15957,1.15965,711
2026-08-31T15:00:00+00:00,1.15965,1.15978,1.15956,1.15966,677
2026-08-31T15:05:00+00:00,1.15966,1.15984,1.15935,1.15963,849
2026-08-31T15:10:00+00:00,1.15965,1.15985,1.15956,1.15982,655
2026-08-31T15:15:00+00:00,1.15982,1.15994,1.15969,1.15989,555
2026-08-31T15:20:00+00:00,1.15989,1.16001,1.15962,1.15976,679
2026-08-31T15:25:00+00:00,1.15976,1.15989,1.15942,1.15967,1143
2026-08-31T15:30:00+00:00,1.15968,1.15969,1.15941,1.15951,1108
2026-08-31T15:35:00+00:00,1.15951,1.15953,1.15916,1.15933,757
2026-08-31T15:40:00+00:00,1.15933,1.15964,1.15926,1.15938,644
2026-08-31T15:45:00+00:00,1.15938,1.15945,1.15926,1.15930,757
2026-08-31T15:50:00+00:00,1.15929,1.15940,1.15926,1.15937,674
2026-08-31T15:55:00+00:00,1.15938,1.15965,1.15937,1.15954,861
2026-08-31T16:00:00+00:00,1.15953,1.15959,1.15936,1.15953,802
2026-08-31T16:05:00+00:00,1.15953,1.15982,1.15946,1.15979,538
2026-08-31T16:10:00+00:00,1.15979,1.15979,1.15959,1.15965,434
2026-08-31T16:15:00+00:00,1.15965,1.15983,1.15958,1.15977,481
2026-08-31T16:20:00+00:00,1.15977,1.15988,1.15957,1.15986,432
2026-08-31T16:25:00+00:00,1.15986,1.16011,1.15977,1.15999,863
2026-08-31T16:30:00+00:00,1.15999,1.16008,1.15980,1.15990,941
2026-08-31T16:35:00+00:00,1.15991,1.16011,1.15979,1.15998,747
2026-08-31T16:40:00+00:00,1.15998,1.16009,1.15951,1.15959,1014
2026-08-31T16:45:00+00:00,1.15959,1.15974,1.15945,1.15958,981
2026-08-31T16:50:00+00:00,1.15958,1.15969,1.15947,1.15958,691
2026-08-31T16:55:00+00:00,1.15959,1.15998,1.15947,1.15996,1016
2026-08-31T17:00:00+00:00,1.15996,1.16000,1.15951,1.15999,993
2026-08-31T17:05:00+00:00,1.15999,1.16009,1.15981,1.16005,657
2026-08-31T17:10:00+00:00,1.16005,1.16025,1.16001,1.16012,518
2026-08-31T17:15:00+00:00,1.16012,1.16038,1.16000,1.16033,586
2026-08-31T17:20:00+00:00,1.16033,1.16045,1.16025,1.16039,605
2026-08-31T17:25:00+00:00,1.16040,1.16054,1.16025,1.16026,695
2026-08-31T17:30:00+00:00,1.16027,1.16062,1.16016,1.16022,818
2026-08-31T17:35:00+00:00,1.16021,1.16073,1.16020,1.16058,1038
2026-08-31T17:40:00+00:00,1.16058,1.16065,1.16040,1.16063,718
2026-08-31T17:45:00+00:00,1.16063,1.16123,1.16060,1.16062,1039
2026-08-31T17:50:00+00:00,1.16062,1.16144,1.16060,1.16128,1743
2026-08-31T17:55:00+00:00,1.16128,1.16182,1.16118,1.16140,1870
2026-08-31T18:00:00+00:00,1.16140,1.16164,1.16127,1.16128,1627
2026-08-31T18:05:00+00:00,1.16129,1.16173,1.16126,1.16163,1095
2026-08-31T18:10:00+00:00,1.16163,1.16168,1.16128,1.16149,866
2026-08-31T18:15:00+00:00,1.16149,1.16151,1.16122,1.16125,752
2026-08-31T18:20:00+00:00,1.16125,1.16146,1.16125,1.16146,677
2026-08-31T18:25:00+00:00,1.16146,1.16168,1.16141,1.16166,607
2026-08-31T18:30:00+00:00,1.16166,1.16200,1.16164,1.16178,990
2026-08-31T18:35:00+00:00,1.16178,1.16195,1.16176,1.16194,630
2026-08-31T18:40:00+00:00,1.16193,1.16198,1.16176,1.16176,419
2026-08-31T18:45:00+00:00,1.16176,1.16208,1.16176,1.16185,558
2026-08-31T18:50:00+00:00,1.16184,1.16196,1.16176,1.16181,461
2026-08-31T18:55:00+00:00,1.16181,1.16184,1.16156,1.16164,484
2026-08-31T19:00:00+00:00,1.16164,1.16178,1.16154,1.16162,552
2026-08-31T19:05:00+00:00,1.16162,1.16179,1.16157,1.16158,404
2026-08-31T19:10:00+00:00,1.16158,1.16173,1.16154,1.16161,504
2026-08-31T19:15:00+00:00,1.16161,1.16166,1.16151,1.16157,507
2026-08-31T19:20:00+00:00,1.16158,1.16178,1.16158,1.16172,402
2026-08-31T19:25:00+00:00,1.16172,1.16173,1.16161,1.16167,307
2026-08-31T19:30:00+00:00,1.16166,1.16169,1.16152,1.16163,459
2026-08-31T19:35:00+00:00,1.16163,1.16166,1.16145,1.16146,466
2026-08-31T19:40:00+00:00,1.16146,1.16163,1.16143,1.16145,413
2026-08-31T19:45:00+00:00,1.16145,1.16160,1.16138,1.16138,296
2026-08-31T19:50:00+00:00,1.16138,1.16170,1.16138,1.16159,302
2026-08-31T19:55:00+00:00,1.16159,1.16168,1.16144,1.16165,439
2026-08-31T20:00:00+00:00,1.16166,1.16170,1.16157,1.16162,257
2026-08-31T20:05:00+00:00,1.16162,1.16163,1.16147,1.16155,405
2026-08-31T20:10:00+00:00,1.16155,1.16173,1.16155,1.16168,258
2026-08-31T20:15:00+00:00,1.16168,1.16177,1.16162,1.16174,246
2026-08-31T20:20:00+00:00,1.16174,1.16179,1.16169,1.16169,161
2026-08-31T20:25:00+00:00,1.16169,1.16176,1.16154,1.16154,313
2026-08-31T20:30:00+00:00,1.16154,1.16160,1.16147,1.16148,341
2026-08-31T20:35:00+00:00,1.16148,1.16154,1.16146,1.16148,249
2026-08-31T20:40:00+00:00,1.16147,1.16165,1.16146,1.16160,248
2026-08-31T20:45:00+00:00,1.16161,1.16175,1.16157,1.16175,276
2026-08-31T20:50:00+00:00,1.16175,1.16175,1.16156,1.16162,162
2026-08-31T20:55:00+00:00,1.16162,1.16169,1.16153,1.16154,375
2026-08-31T21:00:00+00:00,1.16154,1.16162,1.16145,1.16160,400
2026-08-31T21:05:00+00:00,1.16160,1.16168,1.16156,1.16163,261
2026-08-31T21:10:00+00:00,1.16163,1.16174,1.16161,1.16174,146
2026-08-31T21:15:00+00:00,1.16173,1.16174,1.16163,1.16168,222
2026-08-31T21:20:00+00:00,1.16168,1.16174,1.16162,1.16168,104
2026-08-31T21:25:00+00:00,1.16168,1.16169,1.16157,1.16158,257
2026-08-31T21:30:00+00:00,1.16158,1.16159,1.16147,1.16158,313
2026-08-31T21:35:00+00:00,1.16158,1.16165,1.16151,1.16152,350
2026-08-31T21:40:00+00:00,1.16153,1.16164,1.16146,1.16151,355
2026-08-31T21:45:00+00:00,1.16151,1.16164,1.16149,1.16163,287
2026-08-31T21:50:00+00:00,1.16163,1.16177,1.16163,1.16171,367
2026-08-31T21:55:00+00:00,1.16171,1.16175,1.16154,1.16155,585
2026-08-31T22:00:00+00:00,1.16155,1.16168,1.16149,1.16165,460
2026-08-31T22:05:00+00:00,1.16165,1.16171,1.16161,1.16169,171
2026-08-31T22:10:00+00:00,1.16170,1.16173,1.16162,1.16162,133
2026-08-31T22:15:00+00:00,1.16162,1.16169,1.16159,1.16163,194
2026-08-31T22:20:00+00:00,1.16163,1.16173,1.16161,1.16172,159
2026-08-31T22:25:00+00:00,1.16172,1.16179,1.16162,1.16168,327
2026-08-31T22:30:00+00:00,1.16167,1.16177,1.16166,1.16168,255
2026-08-31T22:35:00+00:00,1.16168,1.16174,1.16154,1.16156,166
2026-08-31T22:40:00+00:00,1.16156,1.16156,1.16146,1.16152,188
2026-08-31T22:45:00+00:00,1.16152,1.16165,1.16148,1.16162,297
2026-08-31T22:50:00+00:00,1.16162,1.16183,1.16162,1.16183,363
2026-08-31T22:55:00+00:00,1.16182,1.16183,1.16150,1.16164,751
2026-08-31T23:00:00+00:00,1.16164,1.16178,1.16161,1.16174,417
2026-08-31T23:05:00+00:00,1.16174,1.16179,1.16163,1.16169,147
2026-08-31T23:10:00+00:00,1.16169,1.16174,1.16154,1.16154,151
2026-08-31T23:15:00+00:00,1.16153,1.16155,1.16146,1.16147,92
2026-08-31T23:20:00+00:00,1.16147,1.16148,1.16143,1.16144,40
2026-08-31T23:25:00+00:00,1.16144,1.16151,1.16143,1.16146,102
2026-08-31T23:30:00+00:00,1.16146,1.16148,1.16143,1.16145,123
2026-08-31T23:35:00+00:00,1.16145,1.16152,1.16144,1.16149,49
2026-08-31T23:40:00+00:00,1.16149,1.16163,1.16148,1.16158,132
2026-08-31T23:45:00+00:00,1.16157,1.16174,1.16157,1.16172,83
2026-08-31T23:50:00+00:00,1.16172,1.16173,1.16165,1.16166,67
2026-08-31T23:55:00+00:00,1.16166,1.16175,1.16164,1.16171,212
2026-09-01T00:00:00+00:00,1.16171,1.16185,1.16142,1.16142,47
2026-09-01T00:05:00+00:00,1.16172,1.16174,1.16159,1.16170,24
2026-09-01T00:10:00+00:00,1.16170,1.16170,1.16170,1.16170,5
2026-09-01T00:15:00+00:00,1.16170,1.16170,1.16164,1.16168,13
2026-09-01T00:20:00+00:00,1.16168,1.16169,1.16166,1.16169,14
2026-09-01T00:25:00+00:00,1.16169,1.16182,1.16169,1.16181,12
2026-09-01T00:30:00+00:00,1.16181,1.16183,1.16177,1.16178,18
2026-09-01T00:35:00+00:00,1.16178,1.16183,1.16175,1.16183,22
2026-09-01T00:40:00+00:00,1.16183,1.16183,1.16183,1.16183,5
2026-09-01T00:45:00+00:00,1.16183,1.16183,1.16183,1.16183,5
2026-09-01T00:50:00+00:00,1.16183,1.16184,1.16175,1.16183,11
2026-09-01T00:55:00+00:00,1.16183,1.16186,1.16178,1.16184,40
2026-09-01T01:00:00+00:00,1.16184,1.16190,1.16168,1.16178,135
2026-09-01T01:05:00+00:00,1.16178,1.16181,1.16175,1.16180,52
2026-09-01T01:10:00+00:00,1.16180,1.16182,1.16170,1.16171,134
2026-09-01T01:15:00+00:00,1.16171,1.16172,1.16166,1.16170,76
2026-09-01T01:20:00+00:00,1.16170,1.16176,1.16167,1.16167,84
2026-09-01T01:25:00+00:00,1.16168,1.16170,1.16165,1.16166,51
2026-09-01T01:30:00+00:00,1.16166,1.16171,1.16165,1.16166,112
2026-09-01T01:35:00+00:00,1.16167,1.16170,1.16161,1.16162,106
2026-09-01T01:40:00+00:00,1.16162,1.16162,1.16151,1.16151,80
2026-09-01T01:45:00+00:00,1.16151,1.16155,1.16142,1.16147,107
2026-09-01T01:50:00+00:00,1.16147,1.16149,1.16143,1.16144,91
2026-09-01T01:55:00+00:00,1.16144,1.16149,1.16142,1.16148,104
2026-09-01T02:00:00+00:00,1.16148,1.16149,1.16125,1.16127,190
2026-09-01T02:05:00+00:00,1.16127,1.16138,1.16127,1.16137,130
2026-09-01T02:10:00+00:00,1.16137,1.16141,1.16135,1.16135,157
2026-09-01T02:15:00+00:00,1.16136,1.16149,1.16131,1.16148,140
2026-09-01T02:20:00+00:00,1.16148,1.16148,1.16137,1.16139,68
2026-09-01T02:25:00+00:00,1.16139,1.16155,1.16138,1.16153,105
2026-09-01T02:30:00+00:00,1.16153,1.16163,1.16152,1.16157,156
2026-09-01T02:35:00+00:00,1.16157,1.16162,1.16150,1.16151,116
2026-09-01T02:40:00+00:00,1.16151,1.16176,1.16151,1.16168,132
2026-09-01T02:45:00+00:00,1.16168,1.16173,1.16165,1.16165,211
2026-09-01T02:50:00+00:00,1.16166,1.16179,1.16165,1.16176,257
2026-09-01T02:55:00+00:00,1.16176,1.16183,1.16167,1.16182,242
2026-09-01T03:00:00+00:00,1.16182,1.16182,1.16158,1.16168,444
2026-09-01T03:05:00+00:00,1.16168,1.16219,1.16167,1.16217,500
2026-09-01T03:10:00+00:00,1.16217,1.16224,1.16197,1.16202,357
2026-09-01T03:15:00+00:00,1.16202,1.16223,1.16196,1.16220,553
2026-09-01T03:20:00+00:00,1.16220,1.16239,1.16220,1.16228,384
2026-09-01T03:25:00+00:00,1.16228,1.16243,1.16226,1.16235,372
2026-09-01T03:30:00+00:00,1.16235,1.16245,1.16217,1.16242,478
2026-09-01T03:35:00+00:00,1.16242,1.16242,1.16218,1.16222,235
2026-09-01T03:40:00+00:00,1.16222,1.16237,1.16211,1.16214,283
2026-09-01T03:45:00+00:00,1.16214,1.16220,1.16191,1.16200,375
2026-09-01T03:50:00+00:00,1.16200,1.16219,1.16191,1.16195,413
2026-09-01T03:55:00+00:00,1.16195,1.16198,1.16176,1.16182,476
2026-09-01T04:00:00+00:00,1.16182,1.16189,1.16172,1.16175,594
2026-09-01T04:05:00+00:00,1.16175,1.16175,1.16146,1.16151,794
2026-09-01T04:10:00+00:00,1.16151,1.16152,1.16134,1.16140,467
2026-09-01T04:15:00+00:00,1.16140,1.16157,1.16128,1.16128,444
2026-09-01T04:20:00+00:00,1.16128,1.16135,1.16110,1.16110,415
2026-09-01T04:25:00+00:00,1.16110,1.16119,1.16106,1.16110,229
2026-09-01T04:30:00+00:00,1.16110,1.16119,1.16099,1.16107,293
2026-09-01T04:35:00+00:00,1.16107,1.16118,1.16102,1.16105,239
2026-09-01T04:40:00+00:00,1.16106,1.16130,1.16101,1.16129,295
2026-09-01T04:45:00+00:00,1.16129,1.16131,1.16103,1.16106,265
2026-09-01T04:50:00+00:00,1.16106,1.16108,1.16077,1.16079,228
2026-09-01T04:55:00+00:00,1.16079,1.16105,1.16073,1.16101,373
2026-09-01T05:00:00+00:00,1.16100,1.16102,1.16077,1.16081,376
2026-09-01T05:05:00+00:00,1.16081,1.16090,1.16061,1.16068,414
2026-09-01T05:10:00+00:00,1.16068,1.16084,1.16066,1.16078,372
2026-09-01T05:15:00+00:00,1.16078,1.16091,1.16077,1.16089,215
2026-09-01T05:20:00+00:00,1.16089,1.16106,1.16088,1.16102,256
2026-09-01T05:25:00+00:00,1.16102,1.16104,1.16096,1.16101,198
2026-09-01T05:30:00+00:00,1.16101,1.16101,1.16077,1.16077,257
2026-09-01T05:35:00+00:00,1.16077,1.16083,1.16069,1.16074,276
2026-09-01T05:40:00+00:00,1.16074,1.16092,1.16073,1.16078,265
2026-09-01T05:45:00+00:00,1.16078,1.16082,1.16072,1.16081,201
2026-09-01T05:50:00+00:00,1.16081,1.16097,1.16077,1.16091,210
2026-09-01T05:55:00+00:00,1.16091,1.16101,1.16091,1.16099,202
2026-09-01T06:00:00+00:00,1.16099,1.16099,1.16064,1.16070,371
2026-09-01T06:05:00+00:00,1.16070,1.16097,1.16070,1.16087,214
2026-09-01T06:10:00+00:00,1.16087,1.16093,1.16079,1.16092,158
2026-09-01T06:15:00+00:00,1.16092,1.16099,1.16086,1.16086,194
2026-09-01T06:20:00+00:00,1.16086,1.16087,1.16057,1.16060,270
2026-09-01T06:25:00+00:00,1.16061,1.16078,1.16060,1.16071,226
2026-09-01T06:30:00+00:00,1.16071,1.16078,1.16070,1.16076,202
2026-09-01T06:35:00+00:00,1.16076,1.16079,1.16062,1.16062,325
2026-09-01T06:40:00+00:00,1.16062,1.16073,1.16062,1.16068,281
2026-09-01T06:45:00+00:00,1.16068,1.16074,1.16065,1.16072,147
2026-09-01T06:50:00+00:00,1.16072,1.16074,1.16063,1.16068,143
2026-09-01T06:55:00+00:00,1.16068,1.16069,1.16055,1.16055,199
2026-09-01T07:00:00+00:00,1.16055,1.16067,1.16055,1.16066,163
2026-09-01T07:05:00+00:00,1.16066,1.16069,1.16048,1.16052,190
2026-09-01T07:10:00+00:00,1.16051,1.16057,1.16046,1.16052,245
2026-09-01T07:15:00+00:00,1.16052,1.16053,1.16042,1.16045,177
2026-09-01T07:20:00+00:00,1.16046,1.16052,1.16046,1.16051,102
2026-09-01T07:25:00+00:00,1.16051,1.16051,1.16034,1.16035,179
2026-09-01T07:30:00+00:00,1.16034,1.16039,1.16029,1.16036,144
2026-09-01T07:35:00+00:00,1.16037,1.16039,1.16028,1.16031,141
2026-09-01T07:40:00+00:00,1.16031,1.16047,1.16031,1.16046,193
2026-09-01T07:45:00+00:00,1.16046,1.16050,1.16037,1.16039,174
2026-09-01T07:50:00+00:00,1.16039,1.16057,1.16038,1.16052,187
2026-09-01T07:55:00+00:00,1.16052,1.16057,1.16040,1.16057,200
2026-09-01T08:00:00+00:00,1.16057,1.16092,1.16056,1.16091,230
2026-09-01T08:05:00+00:00,1.16091,1.16094,1.16076,1.16076,206
2026-09-01T08:10:00+00:00,1.16076,1.16085,1.16074,1.16082,192
2026-09-01T08:15:00+00:00,1.16082,1.16082,1.16061,1.16062,225
2026-09-01T08:20:00+00:00,1.16062,1.16071,1.16061,1.16070,186
2026-09-01T08:25:00+00:00,1.16070,1.16079,1.16068,1.16079,320
2026-09-01T08:30:00+00:00,1.16078,1.16083,1.16071,1.16077,257
2026-09-01T08:35:00+00:00,1.16077,1.16099,1.16075,1.16088,352
2026-09-01T08:40:00+00:00,1.16088,1.16095,1.16081,1.16084,282
2026-09-01T08:45:00+00:00,1.16084,1.16100,1.16082,1.16096,301
2026-09-01T08:50:00+00:00,1.16096,1.16098,1.16076,1.16097,299
2026-09-01T08:55:00+00:00,1.16098,1.16102,1.16078,1.16083,268
2026-09-01T09:00:00+00:00,1.16083,1.16087,1.16062,1.16074,523
2026-09-01T09:05:00+00:00,1.16074,1.16086,1.16067,1.16077,489
2026-09-01T09:10:00+00:00,1.16077,1.16079,1.16059,1.16067,461
2026-09-01T09:15:00+00:00,1.16067,1.16083,1.16056,1.16060,495
2026-09-01T09:20:00+00:00,1.16060,1.16061,1.16044,1.16047,590
2026-09-01T09:25:00+00:00,1.16047,1.16051,1.16017,1.16020,572
2026-09-01T09:30:00+00:00,1.16020,1.16034,1.16009,1.16011,576
2026-09-01T09:35:00+00:00,1.16013,1.16024,1.16003,1.16022,607
2026-09-01T09:40:00+00:00,1.16022,1.16033,1.16018,1.16029,543
2026-09-01T09:45:00+00:00,1.16029,1.16034,1.16013,1.16025,519
2026-09-01T09:50:00+00:00,1.16025,1.16030,1.16016,1.16028,337
2026-09-01T09:55:00+00:00,1.16027,1.16050,1.16027,1.16049,557
2026-09-01T10:00:00+00:00,1.16049,1.16070,1.16042,1.16043,768
2026-09-01T10:05:00+00:00,1.16042,1.16048,1.16019,1.16036,792
2026-09-01T10:10:00+00:00,1.16036,1.16040,1.16015,1.16035,646
2026-09-01T10:15:00+00:00,1.16034,1.16035,1.16011,1.16013,594
2026-09-01T10:20:00+00:00,1.16013,1.16013,1.15980,1.15982,565
2026-09-01T10:25:00+00:00,1.15982,1.15998,1.15978,1.15979,520
2026-09-01T10:30:00+00:00,1.15978,1.15983,1.15962,1.15968,594
2026-09-01T10:35:00+00:00,1.15968,1.15972,1.15942,1.15944,486
2026-09-01T10:40:00+00:00,1.15944,1.15953,1.15921,1.15922,830
2026-09-01T10:45:00+00:00,1.15922,1.15950,1.15919,1.15947,741
2026-09-01T10:50:00+00:00,1.15948,1.15959,1.15939,1.15948,500
2026-09-01T10:55:00+00:00,1.15948,1.15959,1.15945,1.15954,399
2026-09-01T11:00:00+00:00,1.15954,1.15954,1.15916,1.15929,547
2026-09-01T11:05:00+00:00,1.15929,1.15975,1.15882,1.15886,1521
2026-09-01T11:10:00+00:00,1.15886,1.15905,1.15883,1.15890,922
2026-09-01T11:15:00+00:00,1.15890,1.15920,1.15880,1.15918,652
2026-09-01T11:20:00+00:00,1.15918,1.15942,1.15911,1.15915,652
2026-09-01T11:25:00+00:00,1.15915,1.15929,1.15903,1.15918,649
2026-09-01T11:30:00+00:00,1.15918,1.15921,1.15895,1.15896,539
2026-09-01T11:35:00+00:00,1.15896,1.15929,1.15887,1.15927,749
2026-09-01T11:40:00+00:00,1.15927,1.15945,1.15910,1.15932,746
2026-09-01T11:45:00+00:00,1.15931,1.15945,1.15918,1.15942,819
2026-09-01T11:50:00+00:00,1.15942,1.15942,1.15920,1.15930,602
2026-09-01T11:55:00+00:00,1.15930,1.15946,1.15915,1.15940,455
2026-09-01T12:00:00+00:00,1.15940,1.15948,1.15926,1.15942,556
2026-09-01T12:05:00+00:00,1.15944,1.15980,1.15942,1.15964,704
2026-09-01T12:10:00+00:00,1.15964,1.15973,1.15959,1.15966,704
2026-09-01T12:15:00+00:00,1.15966,1.15978,1.15956,1.15967,476
2026-09-01T12:20:00+00:00,1.15967,1.15970,1.15950,1.15965,777
2026-09-01T12:25:00+00:00,1.15964,1.15975,1.15958,1.15962,666
2026-09-01T12:30:00+00:00,1.15962,1.15974,1.15960,1.15972,674
2026-09-01T12:35:00+00:00,1.15971,1.15984,1.15966,1.15983,661
2026-09-01T12:40:00+00:00,1.15982,1.16003,1.15979,1.15984,573
2026-09-01T12:45:00+00:00,1.15984,1.16012,1.15977,1.15979,680
2026-09-01T12:50:00+00:00,1.15979,1.15982,1.15950,1.15951,602
2026-09-01T12:55:00+00:00,1.15951,1.15956,1.15930,1.15932,634
2026-09-01T13:00:00+00:00,1.15932,1.15946,1.15921,1.15928,626
2026-09-01T13:05:00+00:00,1.15928,1.15944,1.15919,1.15929,600
2026-09-01T13:10:00+00:00,1.15930,1.15946,1.15924,1.15926,527
2026-09-01T13:15:00+00:00,1.15926,1.15946,1.15923,1.15932,545
2026-09-01T13:20:00+00:00,1.15932,1.15954,1.15930,1.15950,488
2026-09-01T13:25:00+00:00,1.15950,1.15956,1.15929,1.15934,481
2026-09-01T13:30:00+00:00,1.15934,1.15937,1.15910,1.15919,491
2026-09-01T13:35:00+00:00,1.15919,1.15932,1.15911,1.15911,463
2026-09-01T13:40:00+00:00,1.15911,1.15913,1.15903,1.15905,375
2026-09-01T13:45:00+00:00,1.15905,1.15930,1.15900,1.15927,629
2026-09-01T13:50:00+00:00,1.15928,1.15933,1.15910,1.15914,395
2026-09-01T13:55:00+00:00,1.15914,1.15925,1.15905,1.15922,663
2026-09-01T14:00:00+00:00,1.15922,1.15923,1.15900,1.15902,633
2026-09-01T14:05:00+00:00,1.15902,1.15922,1.15899,1.15919,562
2026-09-01T14:10:00+00:00,1.15919,1.15931,1.15911,1.15917,530
2026-09-01T14:15:00+00:00,1.15917,1.15934,1.15910,1.15932,398
2026-09-01T14:20:00+00:00,1.15932,1.15962,1.15917,1.15938,825
2026-09-01T14:25:00+00:00,1.15938,1.15954,1.15923,1.15951,587
2026-09-01T14:30:00+00:00,1.15951,1.15960,1.15941,1.15942,510
2026-09-01T14:35:00+00:00,1.15942,1.15955,1.15938,1.15951,466
2026-09-01T14:40:00+00:00,1.15951,1.15952,1.15930,1.15944,451
2026-09-01T14:45:00+00:00,1.15945,1.15954,1.15941,1.15941,542
2026-09-01T14:50:00+00:00,1.15941,1.15953,1.15937,1.15940,343
2026-09-01T14:55:00+00:00,1.15939,1.15939,1.15915,1.15927,660
2026-09-01T15:00:00+00:00,1.15927,1.15932,1.15906,1.15911,919
2026-09-01T15:05:00+00:00,1.15910,1.15912,1.15889,1.15894,589
2026-09-01T15:10:00+00:00,1.15894,1.15911,1.15882,1.15911,534
2026-09-01T15:15:00+00:00,1.15911,1.15929,1.15905,1.15925,493
2026-09-01T15:20:00+00:00,1.15926,1.15931,1.15908,1.15930,634
2026-09-01T15:25:00+00:00,1.15930,1.15945,1.15921,1.15922,537
2026-09-01T15:30:00+00:00,1.15923,1.15934,1.15917,1.15918,485
2026-09-01T15:35:00+00:00,1.15918,1.15935,1.15907,1.15907,731
2026-09-01T15:40:00+00:00,1.15907,1.15918,1.15902,1.15917,539
2026-09-01T15:45:00+00:00,1.15917,1.15945,1.15915,1.15922,606
2026-09-01T15:50:00+00:00,1.15922,1.15936,1.15920,1.15928,499
2026-09-01T15:55:00+00:00,1.15928,1.15939,1.15921,1.15931,559
2026-09-01T16:00:00+00:00,1.15930,1.15934,1.15895,1.15896,657
2026-09-01T16:05:00+00:00,1.15896,1.15925,1.15892,1.15912,518
2026-09-01T16:10:00+00:00,1.15912,1.15914,1.15902,1.15908,381
2026-09-01T16:15:00+00:00,1.15909,1.15926,1.15907,1.15926,386
2026-09-01T16:20:00+00:00,1.15926,1.15926,1.15903,1.15909,427
2026-09-01T16:25:00+00:00,1.15909,1.15927,1.15904,1.15924,459
2026-09-01T16:30:00+00:00,1.15925,1.15969,1.15924,1.15968,870
2026-09-01T16:35:00+00:00,1.15968,1.15994,1.15963,1.15981,881
2026-09-01T16:40:00+00:00,1.15981,1.16020,1.15981,1.16016,780
2026-09-01T16:45:00+00:00,1.16015,1.16015,1.15976,1.15992,888
2026-09-01T16:50:00+00:00,1.15991,1.16007,1.15986,1.15997,1027
2026-09-01T16:55:00+00:00,1.15998,1.16022,1.15981,1.16011,973
2026-09-01T17:00:00+00:00,1.16011,1.16049,1.15990,1.16013,1268
2026-09-01T17:05:00+00:00,1.16012,1.16060,1.16012,1.16051,1106
2026-09-01T17:10:00+00:00,1.16051,1.16081,1.16046,1.16073,855
2026-09-01T17:15:00+00:00,1.16073,1.16079,1.16032,1.16051,1180
2026-09-01T17:20:00+00:00,1.16051,1.16070,1.16046,1.16065,889
2026-09-01T17:25:00+00:00,1.16065,1.16067,1.16010,1.16011,828
2026-09-01T17:30:00+00:00,1.16011,1.16033,1.16001,1.16024,766
2026-09-01T17:35:00+00:00,1.16023,1.16032,1.16008,1.16015,531
2026-09-01T17:40:00+00:00,1.16015,1.16020,1.15996,1.16002,819
2026-09-01T17:45:00+00:00,1.16002,1.16020,1.15984,1.15987,734
2026-09-01T17:50:00+00:00,1.15987,1.16002,1.15972,1.15976,1013
2026-09-01T17:55:00+00:00,1.15976,1.15987,1.15945,1.15962,1040
2026-09-01T18:00:00+00:00,1.15963,1.15987,1.15946,1.15963,1163
2026-09-01T18:05:00+00:00,1.15963,1.15987,1.15956,1.15976,854
2026-09-01T18:10:00+00:00,1.15976,1.15983,1.15941,1.15948,693
2026-09-01T18:15:00+00:00,1.15948,1.15954,1.15939,1.15946,596
2026-09-01T18:20:00+00:00,1.15946,1.15951,1.15922,1.15923,603
2026-09-01T18:25:00+00:00,1.15923,1.15939,1.15906,1.15936,572
2026-09-01T18:30:00+00:00,1.15936,1.15940,1.15913,1.15923,531
2026-09-01T18:35:00+00:00,1.15923,1.15934,1.15913,1.15919,328
2026-09-01T18:40:00+00:00,1.15920,1.15940,1.15907,1.15918,426
2026-09-01T18:45:00+00:00,1.15918,1.15919,1.15906,1.15914,368
2026-09-01T18:50:00+00:00,1.15914,1.15920,1.15904,1.15912,321
2026-09-01T18:55:00+00:00,1.15912,1.15925,1.15891,1.15922,475
2026-09-01T19:00:00+00:00,1.15922,1.15932,1.15911,1.15921,485
2026-09-01T19:05:00+00:00,1.15921,1.15924,1.15907,1.15913,320
2026-09-01T19:10:00+00:00,1.15913,1.15923,1.15903,1.15906,479
2026-09-01T19:15:00+00:00,1.15906,1.15918,1.15870,1.15877,1027
2026-09-01T19:20:00+00:00,1.15877,1.15894,1.15849,1.15876,1021
2026-09-01T19:25:00+00:00,1.15877,1.15889,1.15868,1.15872,784
2026-09-01T19:30:00+00:00,1.15872,1.15884,1.15857,1.15869,700
2026-09-01T19:35:00+00:00,1.15869,1.15902,1.15853,1.15898,540
2026-09-01T19:40:00+00:00,1.15898,1.15910,1.15871,1.15876,479
2026-09-01T19:45:00+00:00,1.15877,1.15880,1.15861,1.15867,477
2026-09-01T19:50:00+00:00,1.15867,1.15878,1.15858,1.15861,419
2026-09-01T19:55:00+00:00,1.15861,1.15871,1.15854,1.15855,471
2026-09-01T20:00:00+00:00,1.15856,1.15880,1.15849,1.15876,640
2026-09-01T20:05:00+00:00,1.15876,1.15903,1.15867,1.15898,448
2026-09-01T20:10:00+00:00,1.15898,1.15900,1.15877,1.15887,335
2026-09-01T20:15:00+00:00,1.15887,1.15890,1.15877,1.15888,292
2026-09-01T20:20:00+00:00,1.15888,1.15909,1.15887,1.15908,204
2026-09-01T20:25:00+00:00,1.15908,1.15935,1.15879,1.15935,859
2026-09-01T20:30:00+00:00,1.15935,1.15955,1.15886,1.15887,587
2026-09-01T20:35:00+00:00,1.15887,1.15911,1.15887,1.15893,551
2026-09-01T20:40:00+00:00,1.15893,1.15894,1.15873,1.15883,276
2026-09-01T20:45:00+00:00,1.15883,1.15886,1.15862,1.15870,438
2026-09-01T20:50:00+00:00,1.15870,1.15879,1.15865,1.15876,231
2026-09-01T20:55:00+00:00,1.15876,1.15879,1.15863,1.15876,293
2026-09-01T21:00:00+00:00,1.15875,1.15899,1.15873,1.15893,500
2026-09-01T21:05:00+00:00,1.15893,1.15908,1.15892,1.15892,257
2026-09-01T21:10:00+00:00,1.15892,1.15892,1.15878,1.15881,166
2026-09-01T21:15:00+00:00,1.15881,1.15889,1.15871,1.15884,268
2026-09-01T21:20:00+00:00,1.15884,1.15897,1.15883,1.15887,431
2026-09-01T21:25:00+00:00,1.15887,1.15887,1.15874,1.15877,350
2026-09-01T21:30:00+00:00,1.15878,1.15881,1.15870,1.15877,281
2026-09-01T21:35:00+00:00,1.15877,1.15879,1.15854,1.15858,315
2026-09-01T21:40:00+00:00,1.15858,1.15868,1.15854,1.15866,346
2026-09-01T21:45:00+00:00,1.15866,1.15881,1.15866,1.15880,315
2026-09-01T21:50:00+00:00,1.15880,1.15894,1.15876,1.15887,329
2026-09-01T21:55:00+00:00,1.15887,1.15905,1.15876,1.15902,672
2026-09-01T22:00:00+00:00,1.15902,1.15915,1.15892,1.15914,614
2026-09-01T22:05:00+00:00,1.15914,1.15928,1.15910,1.15925,327
2026-09-01T22:10:00+00:00,1.15925,1.15930,1.15921,1.15924,194
2026-09-01T22:15:00+00:00,1.15926,1.15929,1.15921,1.15924,233
2026-09-01T22:20:00+00:00,1.15924,1.15924,1.15915,1.15916,367
2026-09-01T22:25:00+00:00,1.15916,1.15916,1.15904,1.15908,340
2026-09-01T22:30:00+00:00,1.15908,1.15923,1.15897,1.15898,385
2026-09-01T22:35:00+00:00,1.15898,1.15899,1.15890,1.15892,306
2026-09-01T22:40:00+00:00,1.15892,1.15898,1.15888,1.15888,243
2026-09-01T22:45:00+00:00,1.15888,1.15894,1.15881,1.15883,232
2026-09-01T22:50:00+00:00,1.15883,1.15900,1.15883,1.15890,299
2026-09-01T22:55:00+00:00,1.15890,1.15901,1.15890,1.15897,487
2026-09-01T23:00:00+00:00,1.15898,1.15899,1.15880,1.15887,259
2026-09-01T23:05:00+00:00,1.15888,1.15896,1.15886,1.15886,138
2026-09-01T23:10:00+00:00,1.15886,1.15886,1.15875,1.15876,93
2026-09-01T23:15:00+00:00,1.15876,1.15888,1.15872,1.15887,151
2026-09-01T23:20:00+00:00,1.15887,1.15902,1.15886,1.15902,114
2026-09-01T23:25:00+00:00,1.15902,1.15904,1.15893,1.15899,77
2026-09-01T23:30:00+00:00,1.15899,1.15900,1.15896,1.15897,47
2026-09-01T23:35:00+00:00,1.15897,1.15904,1.15897,1.15900,55
2026-09-01T23:40:00+00:00,1.15900,1.15924,1.15899,1.15914,290
2026-09-01T23:45:00+00:00,1.15914,1.15930,1.15911,1.15920,241
2026-09-01T23:50:00+00:00,1.15920,1.15922,1.15914,1.15917,153
2026-09-01T23:55:00+00:00,1.15917,1.15930,1.15917,1.15926,134
2026-09-02T00:00:00+00:00,1.15922,1.15922,1.15888,1.15894,88
2026-09-02T00:05:00+00:00,1.15911,1.15911,1.15892,1.15894,71
2026-09-02T00:10:00+00:00,1.15899,1.15907,1.15897,1.15903,32
2026-09-02T00:15:00+00:00,1.15903,1.15905,1.15892,1.15897,42
2026-09-02T00:20:00+00:00,1.15897,1.15897,1.15891,1.15892,27
2026-09-02T00:25:00+00:00,1.15892,1.15914,1.15887,1.15901,55
2026-09-02T00:30:00+00:00,1.15901,1.15917,1.15889,1.15896,36
2026-09-02T00:35:00+00:00,1.15896,1.15922,1.15888,1.15904,39
2026-09-02T00:40:00+00:00,1.15904,1.15909,1.15897,1.15909,42
2026-09-02T00:45:00+00:00,1.15909,1.15911,1.15904,1.15911,19
2026-09-02T00:50:00+00:00,1.15911,1.15920,1.15909,1.15912,19
2026-09-02T00:55:00+00:00,1.15912,1.15924,1.15912,1.15918,30
2026-09-02T01:00:00+00:00,1.15918,1.15939,1.15917,1.15937,153
2026-09-02T01:05:00+00:00,1.15937,1.15943,1.15934,1.15941,127
2026-09-02T01:10:00+00:00,1.15941,1.15960,1.15941,1.15953,155
2026-09-02T01:15:00+00:00,1.15953,1.15954,1.15945,1.15952,87
2026-09-02T01:20:00+00:00,1.15952,1.15962,1.15951,1.15952,117
2026-09-02T01:25:00+00:00,1.15952,1.15952,1.15936,1.15938,139
2026-09-02T01:30:00+00:00,1.15937,1.15942,1.15933,1.15935,1244
2026-09-02T01:35:00+00:00,1.15934,1.15939,1.15934,1.15936,531
2026-09-02T01:40:00+00:00,1.15936,1.15936,1.15925,1.15925,87
2026-09-02T01:45:00+00:00,1.15925,1.15927,1.15925,1.15927,25
2026-09-02T01:50:00+00:00,1.15927,1.15932,1.15917,1.15925,98
2026-09-02T01:55:00+00:00,1.15925,1.15930,1.15925,1.15926,48
2026-09-02T02:00:00+00:00,1.15926,1.15927,1.15922,1.15926,108
2026-09-02T02:05:00+00:00,1.15926,1.15928,1.15922,1.15926,42
2026-09-02T02:10:00+00:00,1.15926,1.15932,1.15925,1.15928,161
2026-09-02T02:15:00+00:00,1.15928,1.15930,1.15926,1.15926,44
2026-09-02T02:20:00+00:00,1.15926,1.15928,1.15925,1.15925,37
2026-09-02T02:25:00+00:00,1.15925,1.15925,1.15920,1.15921,109
2026-09-02T02:30:00+00:00,1.15921,1.15922,1.15915,1.15920,97
2026-09-02T02:35:00+00:00,1.15920,1.15930,1.15920,1.15927,120
2026-09-02T02:40:00+00:00,1.15927,1.15928,1.15925,1.15926,85
2026-09-02T02:45:00+00:00,1.15926,1.15931,1.15922,1.15928,228
2026-09-02T02:50:00+00:00,1.15928,1.15931,1.15921,1.15921,169
2026-09-02T02:55:00+00:00,1.15921,1.15924,1.15904,1.15905,307
2026-09-02T03:00:00+00:00,1.15905,1.15919,1.15896,1.15914,771
2026-09-02T03:05:00+00:00,1.15914,1.15918,1.15871,1.15880,626
2026-09-02T03:10:00+00:00,1.15880,1.15888,1.15869,1.15885,654
2026-09-02T03:15:00+00:00,1.15885,1.15897,1.15885,1.15886,501
2026-09-02T03:20:00+00:00,1.15887,1.15915,1.15876,1.15894,606
2026-09-02T03:25:00+00:00,1.15894,1.15897,1.15862,1.15868,440
2026-09-02T03:30:00+00:00,1.15869,1.15873,1.15856,1.15864,557
2026-09-02T03:35:00+00:00,1.15864,1.15875,1.15863,1.15869,484
2026-09-02T03:40:00+00:00,1.15869,1.15887,1.15860,1.15882,572
2026-09-02T03:45:00+00:00,1.15882,1.15884,1.15851,1.15851,494
2026-09-02T03:50:00+00:00,1.15851,1.15860,1.15844,1.15854,496
2026-09-02T03:55:00+00:00,1.15854,1.15862,1.15832,1.15833,703
2026-09-02T04:00:00+00:00,1.15833,1.15843,1.15825,1.15826,790
2026-09-02T04:05:00+00:00,1.15826,1.15829,1.15812,1.15814,737
2026-09-02T04:10:00+00:00,1.15815,1.15835,1.15814,1.15821,726
2026-09-02T04:15:00+00:00,1.15822,1.15840,1.15819,1.15830,575
2026-09-02T04:20:00+00:00,1.15830,1.15833,1.15821,1.15831,458
2026-09-02T04:25:00+00:00,1.15831,1.15833,1.15826,1.15827,175
2026-09-02T04:30:00+00:00,1.15827,1.15832,1.15803,1.15807,607
2026-09-02T04:35:00+00:00,1.15807,1.15807,1.15769,1.15777,617
2026-09-02T04:40:00+00:00,1.15777,1.15787,1.15775,1.15780,395
2026-09-02T04:45:00+00:00,1.15781,1.15784,1.15771,1.15782,403
2026-09-02T04:50:00+00:00,1.15782,1.15784,1.15770,1.15778,431
2026-09-02T04:55:00+00:00,1.15778,1.15793,1.15773,1.15790,336
2026-09-02T05:00:00+00:00,1.15790,1.15792,1.15761,1.15772,1034
2026-09-02T05:05:00+00:00,1.15772,1.15774,1.15763,1.15770,939
2026-09-02T05:10:00+00:00,1.15771,1.15803,1.15770,1.15801,671
2026-09-02T05:15:00+00:00,1.15801,1.15814,1.15800,1.15804,377
2026-09-02T05:20:00+00:00,1.15804,1.15816,1.15776,1.15782,727
2026-09-02T05:25:00+00:00,1.15782,1.15805,1.15779,1.15802,670
2026-09-02T05:30:00+00:00,1.15802,1.15814,1.15791,1.15811,584
2026-09-02T05:35:00+00:00,1.15811,1.15817,1.15799,1.15815,419
2026-09-02T05:40:00+00:00,1.15815,1.15831,1.15814,1.15816,388
2026-09-02T05:45:00+00:00,1.15816,1.15820,1.15811,1.15817,228
2026-09-02T05:50:00+00:00,1.15817,1.15818,1.15805,1.15812,202
2026-09-02T05:55:00+00:00,1.15812,1.15817,1.15810,1.15816,281
2026-09-02T06:00:00+00:00,1.15816,1.15827,1.15814,1.15817,316
2026-09-02T06:05:00+00:00,1.15817,1.15823,1.15807,1.15820,303
2026-09-02T06:10:00+00:00,1.15820,1.15820,1.15801,1.15803,254
2026-09-02T06:15:00+00:00,1.15803,1.15809,1.15801,1.15804,275
2026-09-02T06:20:00+00:00,1.15804,1.15809,1.15790,1.15797,349
2026-09-02T06:25:00+00:00,1.15797,1.15804,1.15786,1.15786,398
2026-09-02T06:30:00+00:00,1.15786,1.15794,1.15786,1.15786,426
2026-09-02T06:35:00+00:00,1.15786,1.15794,1.15780,1.15793,368
2026-09-02T06:40:00+00:00,1.15793,1.15794,1.15779,1.15782,400
2026-09-02T06:45:00+00:00,1.15782,1.15798,1.15782,1.15792,270
2026-09-02T06:50:00+00:00,1.15792,1.15793,1.15783,1.15787,182
2026-09-02T06:55:00+00:00,1.15788,1.15799,1.15783,1.15799,193
2026-09-02T07:00:00+00:00,1.15799,1.15800,1.15774,1.15777,265
2026-09-02T07:05:00+00:00,1.15778,1.15784,1.15765,1.15766,389
2026-09-02T07:10:00+00:00,1.15766,1.15773,1.15761,1.15767,325
2026-09-02T07:15:00+00:00,1.15767,1.15775,1.15749,1.15752,510
2026-09-02T07:20:00+00:00,1.15752,1.15760,1.15741,1.15758,307
2026-09-02T07:25:00+00:00,1.15758,1.15764,1.15757,1.15762,270
2026-09-02T07:30:00+00:00,1.15762,1.15772,1.15754,1.15758,279
2026-09-02T07:35:00+00:00,1.15758,1.15765,1.15758,1.15761,113
2026-09-02T07:40:00+00:00,1.15761,1.15767,1.15760,1.15763,166
2026-09-02T07:45:00+00:00,1.15764,1.15783,1.15751,1.15752,308
2026-09-02T07:50:00+00:00,1.15752,1.15768,1.15752,1.15766,264
2026-09-02T07:55:00+00:00,1.15766,1.15767,1.15756,1.15758,236
2026-09-02T08:00:00+00:00,1.15758,1.15764,1.15747,1.15748,430
2026-09-02T08:05:00+00:00,1.15748,1.15756,1.15736,1.15751,454
2026-09-02T08:10:00+00:00,1.15751,1.15771,1.15745,1.15768,500
2026-09-02T08:15:00+00:00,1.15767,1.15788,1.15766,1.15777,403
2026-09-02T08:20:00+00:00,1.15777,1.15784,1.15771,1.15781,467
2026-09-02T08:25:00+00:00,1.15781,1.15797,1.15771,1.15796,373
2026-09-02T08:30:00+00:00,1.15796,1.15809,1.15794,1.15806,440
2026-09-02T08:35:00+00:00,1.15806,1.15809,1.15790,1.15792,275
2026-09-02T08:40:00+00:00,1.15792,1.15800,1.15784,1.15797,286
2026-09-02T08:45:00+00:00,1.15797,1.15810,1.15797,1.15805,457
2026-09-02T08:50:00+00:00,1.15804,1.15812,1.15796,1.15811,324
2026-09-02T08:55:00+00:00,1.15810,1.15819,1.15797,1.15801,386
2026-09-02T09:00:00+00:00,1.15801,1.15830,1.15794,1.15808,775
2026-09-02T09:05:00+00:00,1.15808,1.15828,1.15801,1.15827,800
2026-09-02T09:10:00+00:00,1.15827,1.15850,1.15821,1.15825,831
2026-09-02T09:15:00+00:00,1.15824,1.15826,1.15771,1.15781,937
2026-09-02T09:20:00+00:00,1.15781,1.15814,1.15775,1.15810,891
2026-09-02T09:25:00+00:00,1.15809,1.15815,1.15773,1.15776,988
2026-09-02T09:30:00+00:00,1.15775,1.15786,1.15765,1.15773,1007
2026-09-02T09:35:00+00:00,1.15773,1.15778,1.15745,1.15752,951
2026-09-02T09:40:00+00:00,1.15753,1.15780,1.15747,1.15775,831
2026-09-02T09:45:00+00:00,1.15776,1.15777,1.15730,1.15732,583
2026-09-02T09:50:00+00:00,1.15732,1.15736,1.15700,1.15705,695
2026-09-02T09:55:00+00:00,1.15704,1.15711,1.15674,1.15678,735
2026-09-02T10:00:00+00:00,1.15678,1.15707,1.15673,1.15678,966
2026-09-02T10:05:00+00:00,1.15677,1.15703,1.15663,1.15701,811
2026-09-02T10:10:00+00:00,1.15701,1.15739,1.15699,1.15732,642
2026-09-02T10:15:00+00:00,1.15732,1.15744,1.15722,1.15743,731
2026-09-02T10:20:00+00:00,1.15743,1.15743,1.15714,1.15727,666
2026-09-02T10:25:00+00:00,1.15727,1.15744,1.15711,1.15734,687
2026-09-02T10:30:00+00:00,1.15734,1.15770,1.15729,1.15763,841
2026-09-02T10:35:00+00:00,1.15763,1.15785,1.15762,1.15768,609
2026-09-02T10:40:00+00:00,1.15768,1.15772,1.15756,1.15762,556
2026-09-02T10:45:00+00:00,1.15762,1.15779,1.15760,1.15772,576
2026-09-02T10:50:00+00:00,1.15772,1.15777,1.15758,1.15772,403
2026-09-02T10:55:00+00:00,1.15772,1.15790,1.15763,1.15779,414
2026-09-02T11:00:00+00:00,1.15779,1.15811,1.15773,1.15802,529
2026-09-02T11:05:00+00:00,1.15802,1.15804,1.15788,1.15796,603
2026-09-02T11:10:00+00:00,1.15796,1.15803,1.15777,1.15787,731
2026-09-02T11:15:00+00:00,1.15787,1.15804,1.15781,1.15792,427
2026-09-02T11:20:00+00:00,1.15792,1.15810,1.15788,1.15799,468
2026-09-02T11:25:00+00:00,1.15798,1.15802,1.15784,1.15793,591
2026-09-02T11:30:00+00:00,1.15793,1.15803,1.15788,1.15793,731
2026-09-02T11:35:00+00:00,1.15793,1.15820,1.15789,1.15817,584
2026-09-02T11:40:00+00:00,1.15816,1.15822,1.15801,1.15807,558
2026-09-02T11:45:00+00:00,1.15807,1.15813,1.15786,1.15797,488
2026-09-02T11:50:00+00:00,1.15798,1.15800,1.15769,1.15774,693
2026-09-02T11:55:00+00:00,1.15774,1.15783,1.15727,1.15734,795
2026-09-02T12:00:00+00:00,1.15734,1.15759,1.15721,1.15757,809
2026-09-02T12:05:00+00:00,1.15759,1.15779,1.15748,1.15762,544
2026-09-02T12:10:00+00:00,1.15762,1.15762,1.15744,1.15745,692
2026-09-02T12:15:00+00:00,1.15746,1.15762,1.15739,1.15754,658
2026-09-02T12:20:00+00:00,1.15754,1.15757,1.15741,1.15741,563
2026-09-02T12:25:00+00:00,1.15741,1.15764,1.15736,1.15757,582
2026-09-02T12:30:00+00:00,1.15757,1.15764,1.15748,1.15748,511
2026-09-02T12:35:00+00:00,1.15748,1.15764,1.15740,1.15747,416
2026-09-02T12:40:00+00:00,1.15748,1.15749,1.15730,1.15739,478
2026-09-02T12:45:00+00:00,1.15740,1.15744,1.15729,1.15730,491
2026-09-02T12:50:00+00:00,1.15729,1.15740,1.15709,1.15715,474
2026-09-02T12:55:00+00:00,1.15716,1.15728,1.15706,1.15714,527
2026-09-02T13:00:00+00:00,1.15714,1.15727,1.15694,1.15694,582
2026-09-02T13:05:00+00:00,1.15694,1.15723,1.15692,1.15721,574
2026-09-02T13:10:00+00:00,1.15721,1.15726,1.15707,1.15725,430
2026-09-02T13:15:00+00:00,1.15725,1.15728,1.15700,1.15701,546
2026-09-02T13:20:00+00:00,1.15701,1.15709,1.15690,1.15700,391
2026-09-02T13:25:00+00:00,1.15700,1.15727,1.15687,1.15695,613
2026-09-02T13:30:00+00:00,1.15694,1.15697,1.15671,1.15687,655
2026-09-02T13:35:00+00:00,1.15687,1.15694,1.15676,1.15688,386
2026-09-02T13:40:00+00:00,1.15688,1.15693,1.15677,1.15681,492
2026-09-02T13:45:00+00:00,1.15680,1.15691,1.15673,1.15681,536
2026-09-02T13:50:00+00:00,1.15680,1.15692,1.15670,1.15691,581
2026-09-02T13:55:00+00:00,1.15691,1.15728,1.15681,1.15724,480
2026-09-02T14:00:00+00:00,1.15724,1.15728,1.15710,1.15725,742
2026-09-02T14:05:00+00:00,1.15725,1.15750,1.15712,1.15738,728
2026-09-02T14:10:00+00:00,1.15738,1.15768,1.15716,1.15758,1125
2026-09-02T14:15:00+00:00,1.15758,1.15765,1.15741,1.15757,865
2026-09-02T14:20:00+00:00,1.15757,1.15783,1.15751,1.15763,539
2026-09-02T14:25:00+00:00,1.15763,1.15766,1.15740,1.15741,642
2026-09-02T14:30:00+00:00,1.15741,1.15762,1.15729,1.15761,659
2026-09-02T14:35:00+00:00,1.15761,1.15792,1.15747,1.15785,746
2026-09-02T14:40:00+00:00,1.15785,1.15785,1.15748,1.15750,841
2026-09-02T14:45:00+00:00,1.15750,1.15779,1.15743,1.15755,512
2026-09-02T14:50:00+00:00,1.15755,1.15786,1.15746,1.15780,529
2026-09-02T14:55:00+00:00,1.15780,1.15780,1.15756,1.15773,817
2026-09-02T15:00:00+00:00,1.15773,1.15792,1.15767,1.15790,1061
2026-09-02T15:05:00+00:00,1.15790,1.15814,1.15765,1.15782,988
2026-09-02T15:10:00+00:00,1.15782,1.15792,1.15775,1.15786,686
2026-09-02T15:15:00+00:00,1.15786,1.15797,1.15772,1.15773,559
2026-09-02T15:20:00+00:00,1.15773,1.15857,1.15767,1.15821,2065
2026-09-02T15:25:00+00:00,1.15822,1.15847,1.15807,1.15822,1046
2026-09-02T15:30:00+00:00,1.15822,1.15824,1.15795,1.15796,850
2026-09-02T15:35:00+00:00,1.15797,1.15799,1.15772,1.15782,864
2026-09-02T15:40:00+00:00,1.15782,1.15790,1.15756,1.15764,960
2026-09-02T15:45:00+00:00,1.15764,1.15828,1.15760,1.15801,702
2026-09-02T15:50:00+00:00,1.15801,1.15807,1.15782,1.15789,759
2026-09-02T15:55:00+00:00,1.15789,1.15800,1.15776,1.15783,993
2026-09-02T16:00:00+00:00,1.15783,1.15813,1.15782,1.15799,1067
2026-09-02T16:05:00+00:00,1.15798,1.15817,1.15793,1.15811,714
2026-09-02T16:10:00+00:00,1.15811,1.15812,1.15781,1.15787,1070
2026-09-02T16:15:00+00:00,1.15787,1.15828,1.15781,1.15821,980
2026-09-02T16:20:00+00:00,1.15822,1.15907,1.15820,1.15903,1139
2026-09-02T16:25:00+00:00,1.15903,1.16093,1.15900,1.15956,3171
2026-09-02T16:30:00+00:00,1.15956,1.15976,1.15903,1.15906,1441
2026-09-02T16:35:00+00:00,1.15906,1.15924,1.15884,1.15892,1312
2026-09-02T16:40:00+00:00,1.15892,1.15977,1.15883,1.15972,1093
2026-09-02T16:45:00+00:00,1.15972,1.15972,1.15921,1.15931,1694
2026-09-02T16:50:00+00:00,1.15931,1.16004,1.15922,1.16000,1628
2026-09-02T16:55:00+00:00,1.16000,1.16051,1.15990,1.16045,1927
2026-09-02T17:00:00+00:00,1.16045,1.16045,1.15965,1.16016,1913
2026-09-02T17:05:00+00:00,1.16016,1.16020,1.15950,1.15951,1424
2026-09-02T17:10:00+00:00,1.15951,1.15984,1.15932,1.15940,1455
2026-09-02T17:15:00+00:00,1.15940,1.15959,1.15911,1.15921,977
2026-09-02T17:20:00+00:00,1.15922,1.15929,1.15886,1.15903,1475
2026-09-02T17:25:00+00:00,1.15903,1.15943,1.15903,1.15914,1234
2026-09-02T17:30:00+00:00,1.15914,1.15933,1.15896,1.15917,1316
2026-09-02T17:35:00+00:00,1.15917,1.15928,1.15906,1.15914,1134
2026-09-02T17:40:00+00:00,1.15914,1.15944,1.15892,1.15906,1403
2026-09-02T17:45:00+00:00,1.15906,1.15922,1.15891,1.15914,1101
2026-09-02T17:50:00+00:00,1.15914,1.15953,1.15888,1.15913,1532
2026-09-02T17:55:00+00:00,1.15913,1.15947,1.15912,1.15934,1407
2026-09-02T18:00:00+00:00,1.15934,1.15971,1.15922,1.15936,1974
2026-09-02T18:05:00+00:00,1.15937,1.15959,1.15931,1.15943,993
2026-09-02T18:10:00+00:00,1.15943,1.15945,1.15917,1.15926,944
2026-09-02T18:15:00+00:00,1.15927,1.15937,1.15915,1.15926,889
2026-09-02T18:20:00+00:00,1.15926,1.15928,1.15890,1.15915,825
2026-09-02T18:25:00+00:00,1.15915,1.15949,1.15915,1.15946,836
2026-09-02T18:30:00+00:00,1.15947,1.15963,1.15926,1.15927,960
2026-09-02T18:35:00+00:00,1.15927,1.15947,1.15916,1.15941,727
2026-09-02T18:40:00+00:00,1.15941,1.15949,1.15904,1.15904,603
2026-09-02T18:45:00+00:00,1.15904,1.15930,1.15895,1.15912,729
2026-09-02T18:50:00+00:00,1.15912,1.15917,1.15896,1.15901,573
2026-09-02T18:55:00+00:00,1.15901,1.15931,1.15895,1.15920,781
2026-09-02T19:00:00+00:00,1.15920,1.15934,1.15912,1.15915,943
2026-09-02T19:05:00+00:00,1.15915,1.15926,1.15909,1.15913,837
2026-09-02T19:10:00+00:00,1.15913,1.15936,1.15910,1.15936,713
2026-09-02T19:15:00+00:00,1.15935,1.15936,1.15919,1.15931,696
2026-09-02T19:20:00+00:00,1.15931,1.15941,1.15906,1.15908,595
2026-09-02T19:25:00+00:00,1.15908,1.15916,1.15889,1.15891,783
2026-09-02T19:30:00+00:00,1.15891,1.15912,1.15888,1.15901,571
2026-09-02T19:35:00+00:00,1.15901,1.15912,1.15900,1.15906,364
2026-09-02T19:40:00+00:00,1.15906,1.15908,1.15896,1.15901,435
2026-09-02T19:45:00+00:00,1.15902,1.15918,1.15890,1.15892,447
2026-09-02T19:50:00+00:00,1.15892,1.15914,1.15887,1.15910,373
2026-09-02T19:55:00+00:00,1.15910,1.15913,1.15871,1.15872,519
2026-09-02T20:00:00+00:00,1.15871,1.15891,1.15870,1.15877,494
2026-09-02T20:05:00+00:00,1.15876,1.15877,1.15859,1.15860,590
2026-09-02T20:10:00+00:00,1.15860,1.15867,1.15855,1.15861,407
2026-09-02T20:15:00+00:00,1.15861,1.15865,1.15834,1.15837,476
2026-09-02T20:20:00+00:00,1.15837,1.15850,1.15836,1.15846,339
2026-09-02T20:25:00+00:00,1.15846,1.15868,1.15845,1.15866,287
2026-09-02T20:30:00+00:00,1.15866,1.15866,1.15846,1.15862,356
2026-09-02T20:35:00+00:00,1.15861,1.15862,1.15849,1.15851,413
2026-09-02T20:40:00+00:00,1.15851,1.15885,1.15850,1.15867,669
2026-09-02T20:45:00+00:00,1.15867,1.15900,1.15862,1.15888,1044
2026-09-02T20:50:00+00:00,1.15888,1.15890,1.15869,1.15870,326
2026-09-02T20:55:00+00:00,1.15870,1.15883,1.15864,1.15867,341
2026-09-02T21:00:00+00:00,1.15867,1.15876,1.15859,1.15873,578
2026-09-02T21:05:00+00:00,1.15873,1.15875,1.15861,1.15862,288
2026-09-02T21:10:00+00:00,1.15862,1.15866,1.15860,1.15864,268
2026-09-02T21:15:00+00:00,1.15865,1.15897,1.15845,1.15875,828
2026-09-02T21:20:00+00:00,1.15875,1.15889,1.15851,1.15853,459
2026-09-02T21:25:00+00:00,1.15853,1.15862,1.15850,1.15861,442
2026-09-02T21:30:00+00:00,1.15861,1.15871,1.15861,1.15866,304
2026-09-02T21:35:00+00:00,1.15867,1.15879,1.15866,1.15878,191
2026-09-02T21:40:00+00:00,1.15878,1.15879,1.15845,1.15845,238
2026-09-02T21:45:00+00:00,1.15845,1.15859,1.15845,1.15856,188
2026-09-02T21:50:00+00:00,1.15857,1.15867,1.15856,1.15862,100
2026-09-02T21:55:00+00:00,1.15862,1.15863,1.15847,1.15857,332
2026-09-02T22:00:00+00:00,1.15857,1.15862,1.15849,1.15856,337
2026-09-02T22:05:00+00:00,1.15856,1.15857,1.15839,1.15840,327
2026-09-02T22:10:00+00:00,1.15839,1.15842,1.15827,1.15827,264
2026-09-02T22:15:00+00:00,1.15827,1.15857,1.15826,1.15856,248
2026-09-02T22:20:00+00:00,1.15856,1.15864,1.15847,1.15852,212
2026-09-02T22:25:00+00:00,1.15852,1.15856,1.15843,1.15845,184
2026-09-02T22:30:00+00:00,1.15846,1.15853,1.15843,1.15851,151
2026-09-02T22:35:00+00:00,1.15851,1.15854,1.15844,1.15852,184
2026-09-02T22:40:00+00:00,1.15852,1.15855,1.15846,1.15853,301
2026-09-02T22:45:00+00:00,1.15853,1.15855,1.15834,1.15836,247
2026-09-02T22:50:00+00:00,1.15836,1.15846,1.15836,1.15845,299
2026-09-02T22:55:00+00:00,1.15847,1.15877,1.15845,1.15874,626
2026-09-02T23:00:00+00:00,1.15874,1.15900,1.15871,1.15889,515
2026-09-02T23:05:00+00:00,1.15889,1.15899,1.15881,1.15888,266
2026-09-02T23:10:00+00:00,1.15888,1.15894,1.15884,1.15888,107
2026-09-02T23:15:00+00:00,1.15888,1.15899,1.15882,1.15884,186
2026-09-02T23:20:00+00:00,1.15884,1.15894,1.15877,1.15893,87
2026-09-02T23:25:00+00:00,1.15893,1.15894,1.15877,1.15878,74
2026-09-02T23:30:00+00:00,1.15878,1.15887,1.15876,1.15887,64
2026-09-02T23:35:00+00:00,1.15887,1.15887,1.15880,1.15886,81
2026-09-02T23:40:00+00:00,1.15886,1.15893,1.15883,1.15890,104
2026-09-02T23:45:00+00:00,1.15890,1.15894,1.15889,1.15891,158
2026-09-02T23:50:00+00:00,1.15891,1.15893,1.15887,1.15888,461
2026-09-02T23:55:00+00:00,1.15888,1.15888,1.15872,1.15885,336
2026-09-03T00:00:00+00:00,1.15882,1.15882,1.15868,1.15878,11
2026-09-03T00:05:00+00:00,1.15871,1.15887,1.15869,1.15883,17
2026-09-03T00:10:00+00:00,1.15883,1.15885,1.15872,1.15885,37
2026-09-03T00:15:00+00:00,1.15885,1.15885,1.15885,1.15885,5
2026-09-03T00:20:00+00:00,1.15885,1.15889,1.15884,1.15887,9
2026-09-03T00:25:00+00:00,1.15887,1.15888,1.15886,1.15886,7
2026-09-03T00:30:00+00:00,1.15886,1.15889,1.15886,1.15889,9
2026-09-03T00:35:00+00:00,1.15889,1.15889,1.15884,1.15888,13
2026-09-03T00:40:00+00:00,1.15888,1.15888,1.15887,1.15887,6
2026-09-03T00:45:00+00:00,1.15887,1.15889,1.15883,1.15883,9
2026-09-03T00:50:00+00:00,1.15883,1.15884,1.15870,1.15884,19
2026-09-03T00:55:00+00:00,1.15884,1.15884,1.15884,1.15884,5
2026-09-03T01:00:00+00:00,1.15884,1.15894,1.15866,1.15867,94
2026-09-03T01:05:00+00:00,1.15867,1.15871,1.15864,1.15866,36
2026-09-03T01:10:00+00:00,1.15866,1.15872,1.15866,1.15869,38
2026-09-03T01:15:00+00:00,1.15869,1.15869,1.15856,1.15856,69
2026-09-03T01:20:00+00:00,1.15856,1.15869,1.15855,1.15866,53
2026-09-03T01:25:00+00:00,1.15866,1.15868,1.15863,1.15865,103
2026-09-03T01:30:00+00:00,1.15865,1.15868,1.15862,1.15868,110
2026-09-03T01:35:00+00:00,1.15868,1.15881,1.15868,1.15878,161
2026-09-03T01:40:00+00:00,1.15877,1.15880,1.15870,1.15870,131
2026-09-03T01:45:00+00:00,1.15870,1.15873,1.15863,1.15868,124
2026-09-03T01:50:00+00:00,1.15868,1.15880,1.15866,1.15871,114
2026-09-03T01:55:00+00:00,1.15871,1.15873,1.15869,1.15871,77
2026-09-03T02:00:00+00:00,1.15871,1.15874,1.15863,1.15869,217
2026-09-03T02:05:00+00:00,1.15869,1.15869,1.15858,1.15858,90
2026-09-03T02:10:00+00:00,1.15859,1.15860,1.15852,1.15855,119
2026-09-03T02:15:00+00:00,1.15855,1.15858,1.15852,1.15855,93
2026-09-03T02:20:00+00:00,1.15855,1.15862,1.15851,1.15860,94
2026-09-03T02:25:00+00:00,1.15861,1.15862,1.15854,1.15856,119
2026-09-03T02:30:00+00:00,1.15856,1.15856,1.15851,1.15854,138
2026-09-03T02:35:00+00:00,1.15854,1.15855,1.15844,1.15848,136
2026-09-03T02:40:00+00:00,1.15847,1.15855,1.15845,1.15852,186
2026-09-03T02:45:00+00:00,1.15852,1.15854,1.15846,1.15854,254
2026-09-03T02:50:00+00:00,1.15853,1.15855,1.15847,1.15848,187
2026-09-03T02:55:00+00:00,1.15848,1.15855,1.15847,1.15852,253
2026-09-03T03:00:00+00:00,1.15852,1.15869,1.15835,1.15866,578
2026-09-03T03:05:00+00:00,1.15866,1.15871,1.15848,1.15855,280
2026-09-03T03:10:00+00:00,1.15855,1.15867,1.15854,1.15854,282
2026-09-03T03:15:00+00:00,1.15854,1.15868,1.15854,1.15863,248
2026-09-03T03:20:00+00:00,1.15863,1.15881,1.15862,1.15879,422
2026-09-03T03:25:00+00:00,1.15878,1.15900,1.15878,1.15894,358
2026-09-03T03:30:00+00:00,1.15894,1.15897,1.15877,1.15889,281
2026-09-03T03:35:00+00:00,1.15889,1.15889,1.15876,1.15887,497
2026-09-03T03:40:00+00:00,1.15886,1.15889,1.15871,1.15875,400
2026-09-03T03:45:00+00:00,1.15876,1.15900,1.15869,1.15897,448
2026-09-03T03:50:00+00:00,1.15897,1.15909,1.15894,1.15899,377
2026-09-03T03:55:00+00:00,1.15899,1.15901,1.15891,1.15895,338
2026-09-03T04:00:00+00:00,1.15895,1.15901,1.15890,1.15894,618
2026-09-03T04:05:00+00:00,1.15894,1.15899,1.15887,1.15896,439
2026-09-03T04:10:00+00:00,1.15896,1.15902,1.15893,1.15894,299
2026-09-03T04:15:00+00:00,1.15894,1.15904,1.15888,1.15900,379
2026-09-03T04:20:00+00:00,1.15900,1.15904,1.15875,1.15881,415
2026-09-03T04:25:00+00:00,1.15881,1.15915,1.15879,1.15914,357
2026-09-03T04:30:00+00:00,1.15914,1.15935,1.15910,1.15932,597
2026-09-03T04:35:00+00:00,1.15932,1.15934,1.15913,1.15920,426
2026-09-03T04:40:00+00:00,1.15921,1.15927,1.15899,1.15900,311
2026-09-03T04:45:00+00:00,1.15900,1.15906,1.15876,1.15885,369
2026-09-03T04:50:00+00:00,1.15886,1.15886,1.15868,1.15875,397
2026-09-03T04:55:00+00:00,1.15875,1.15877,1.15851,1.15861,363
2026-09-03T05:00:00+00:00,1.15861,1.15883,1.15857,1.15869,344
2026-09-03T05:05:00+00:00,1.15869,1.15874,1.15865,1.15867,380
2026-09-03T05:10:00+00:00,1.15867,1.15871,1.15852,1.15871,406
2026-09-03T05:15:00+00:00,1.15871,1.15879,1.15854,1.15862,320
2026-09-03T05:20:00+00:00,1.15862,1.15916,1.15862,1.15903,772
2026-09-03T05:25:00+00:00,1.15903,1.15907,1.15882,1.15897,533
2026-09-03T05:30:00+00:00,1.15897,1.15920,1.15893,1.15915,405
2026-09-03T05:35:00+00:00,1.15915,1.15950,1.15914,1.15946,580
2026-09-03T05:40:00+00:00,1.15946,1.15946,1.15907,1.15909,578
2026-09-03T05:45:00+00:00,1.15908,1.15923,1.15895,1.15919,449
2026-09-03T05:50:00+00:00,1.15919,1.15932,1.15910,1.15930,655
2026-09-03T05:55:00+00:00,1.15931,1.15935,1.15907,1.15911,329
2026-09-03T06:00:00+00:00,1.15912,1.15944,1.15909,1.15941,494
2026-09-03T06:05:00+00:00,1.15941,1.15959,1.15937,1.15957,438
2026-09-03T06:10:00+00:00,1.15957,1.15974,1.15949,1.15956,540
2026-09-03T06:15:00+00:00,1.15956,1.15960,1.15944,1.15951,316
2026-09-03T06:20:00+00:00,1.15951,1.15957,1.15944,1.15948,345
2026-09-03T06:25:00+00:00,1.15948,1.15962,1.15943,1.15955,396
2026-09-03T06:30:00+00:00,1.15955,1.15965,1.15945,1.15962,241
2026-09-03T06:35:00+00:00,1.15961,1.15965,1.15952,1.15964,365
2026-09-03T06:40:00+00:00,1.15964,1.15978,1.15962,1.15976,197
2026-09-03T06:45:00+00:00,1.15976,1.15976,1.15958,1.15967,288
2026-09-03T06:50:00+00:00,1.15967,1.15979,1.15965,1.15976,213
2026-09-03T06:55:00+00:00,1.15975,1.15976,1.15961,1.15966,239
2026-09-03T07:00:00+00:00,1.15965,1.15976,1.15958,1.15961,265
2026-09-03T07:05:00+00:00,1.15962,1.15963,1.15950,1.15961,279
2026-09-03T07:10:00+00:00,1.15961,1.15976,1.15960,1.15971,196
2026-09-03T07:15:00+00:00,1.15971,1.15972,1.15960,1.15962,226
2026-09-03T07:20:00+00:00,1.15961,1.15971,1.15961,1.15969,127
2026-09-03T07:25:00+00:00,1.15969,1.15975,1.15967,1.15974,98
2026-09-03T07:30:00+00:00,1.15974,1.15998,1.15970,1.15986,490
2026-09-03T07:35:00+00:00,1.15986,1.16000,1.15981,1.15998,293
2026-09-03T07:40:00+00:00,1.15998,1.16003,1.15989,1.15995,214
2026-09-03T07:45:00+00:00,1.15996,1.15997,1.15979,1.15980,205
2026-09-03T07:50:00+00:00,1.15980,1.15983,1.15965,1.15966,257
2026-09-03T07:55:00+00:00,1.15966,1.15967,1.15945,1.15955,336
2026-09-03T08:00:00+00:00,1.15955,1.15962,1.15938,1.15945,261
2026-09-03T08:05:00+00:00,1.15945,1.15949,1.15935,1.15937,240
2026-09-03T08:10:00+00:00,1.15938,1.15950,1.15937,1.15944,223
2026-09-03T08:15:00+00:00,1.15944,1.15970,1.15943,1.15962,384
2026-09-03T08:20:00+00:00,1.15961,1.15979,1.15949,1.15978,459
2026-09-03T08:25:00+00:00,1.15977,1.15992,1.15970,1.15977,446
2026-09-03T08:30:00+00:00,1.15977,1.15980,1.15971,1.15976,429
2026-09-03T08:35:00+00:00,1.15976,1.15995,1.15975,1.15995,400
2026-09-03T08:40:00+00:00,1.15995,1.15997,1.15977,1.15979,437
2026-09-03T08:45:00+00:00,1.15980,1.15997,1.15976,1.15997,261
2026-09-03T08:50:00+00:00,1.15996,1.16005,1.15975,1.15983,436
2026-09-03T08:55:00+00:00,1.15982,1.16005,1.15982,1.16001,465
2026-09-03T09:00:00+00:00,1.16000,1.16002,1.15976,1.15990,876
2026-09-03T09:05:00+00:00,1.15990,1.16001,1.15979,1.15982,907
2026-09-03T09:10:00+00:00,1.15982,1.15984,1.15962,1.15975,857
2026-09-03T09:15:00+00:00,1.15975,1.15994,1.15968,1.15973,766
2026-09-03T09:20:00+00:00,1.15973,1.15980,1.15965,1.15969,660
2026-09-03T09:25:00+00:00,1.15968,1.16006,1.15968,1.16004,470
2026-09-03T09:30:00+00:00,1.16004,1.16079,1.16004,1.16061,975
2026-09-03T09:35:00+00:00,1.16061,1.16074,1.16042,1.16047,1038
2026-09-03T09:40:00+00:00,1.16048,1.16078,1.16040,1.16069,935
2026-09-03T09:45:00+00:00,1.16069,1.16083,1.16060,1.16073,845
2026-09-03T09:50:00+00:00,1.16073,1.16079,1.16058,1.16066,810
2026-09-03T09:55:00+00:00,1.16066,1.16085,1.16044,1.16044,473
2026-09-03T10:00:00+00:00,1.16045,1.16140,1.16036,1.16131,1386
2026-09-03T10:05:00+00:00,1.16131,1.16148,1.16115,1.16139,1327
2026-09-03T10:10:00+00:00,1.16139,1.16141,1.16069,1.16070,1158
2026-09-03T10:15:00+00:00,1.16070,1.16096,1.16060,1.16086,880
2026-09-03T10:20:00+00:00,1.16086,1.16103,1.16063,1.16086,654
2026-09-03T10:25:00+00:00,1.16086,1.16091,1.16047,1.16048,1010
2026-09-03T10:30:00+00:00,1.16048,1.16064,1.16045,1.16054,1072
2026-09-03T10:35:00+00:00,1.16054,1.16082,1.16019,1.16030,2107
2026-09-03T10:40:00+00:00,1.16030,1.16042,1.16020,1.16025,1046
2026-09-03T10:45:00+00:00,1.16025,1.16051,1.16018,1.16027,900
2026-09-03T10:50:00+00:00,1.16027,1.16052,1.16018,1.16046,732
2026-09-03T10:55:00+00:00,1.16046,1.16068,1.16032,1.16040,770
2026-09-03T11:00:00+00:00,1.16040,1.16062,1.16009,1.16038,1177
2026-09-03T11:05:00+00:00,1.16039,1.16086,1.16036,1.16058,1353
2026-09-03T11:10:00+00:00,1.16058,1.16058,1.15997,1.16013,1025
2026-09-03T11:15:00+00:00,1.16012,1.16028,1.15998,1.16022,735
2026-09-03T11:20:00+00:00,1.16022,1.16038,1.16009,1.16021,607
2026-09-03T11:25:00+00:00,1.16021,1.16047,1.16020,1.16046,421
2026-09-03T11:30:00+00:00,1.16046,1.16047,1.16023,1.16031,472
2026-09-03T11:35:00+00:00,1.16031,1.16050,1.16020,1.16042,538
2026-09-03T11:40:00+00:00,1.16042,1.16066,1.16039,1.16065,478
2026-09-03T11:45:00+00:00,1.16065,1.16098,1.16065,1.16089,612
2026-09-03T11:50:00+00:00,1.16088,1.16115,1.16070,1.16111,757
2026-09-03T11:55:00+00:00,1.16111,1.16115,1.16081,1.16090,797
2026-09-03T12:00:00+00:00,1.16090,1.16124,1.16083,1.16089,1155
2026-09-03T12:05:00+00:00,1.16089,1.16091,1.16054,1.16074,1112
2026-09-03T12:10:00+00:00,1.16074,1.16082,1.16048,1.16050,1141
2026-09-03T12:15:00+00:00,1.16050,1.16055,1.16038,1.16047,820
2026-09-03T12:20:00+00:00,1.16047,1.16068,1.16027,1.16037,837
2026-09-03T12:25:00+00:00,1.16037,1.16040,1.16021,1.16034,609
2026-09-03T12:30:00+00:00,1.16034,1.16039,1.16014,1.16020,675
2026-09-03T12:35:00+00:00,1.16020,1.16036,1.16013,1.16030,508
2026-09-03T12:40:00+00:00,1.16030,1.16051,1.16020,1.16045,588
2026-09-03T12:45:00+00:00,1.16045,1.16064,1.16041,1.16053,729
2026-09-03T12:50:00+00:00,1.16053,1.16061,1.16039,1.16050,636
2026-09-03T12:55:00+00:00,1.16050,1.16062,1.16035,1.16057,571
2026-09-03T13:00:00+00:00,1.16058,1.16070,1.16042,1.16059,827
2026-09-03T13:05:00+00:00,1.16059,1.16067,1.16031,1.16032,612
2026-09-03T13:10:00+00:00,1.16032,1.16040,1.16013,1.16015,685
2026-09-03T13:15:00+00:00,1.16014,1.16027,1.16004,1.16006,776
2026-09-03T13:20:00+00:00,1.16006,1.16023,1.15999,1.16016,598
2026-09-03T13:25:00+00:00,1.16016,1.16029,1.16003,1.16009,575
2026-09-03T13:30:00+00:00,1.16009,1.16015,1.15984,1.15989,707
2026-09-03T13:35:00+00:00,1.15990,1.16000,1.15980,1.15980,734
2026-09-03T13:40:00+00:00,1.15980,1.16001,1.15978,1.15987,489
2026-09-03T13:45:00+00:00,1.15987,1.16005,1.15983,1.16004,408
2026-09-03T13:50:00+00:00,1.16004,1.16025,1.15999,1.16023,481
2026-09-03T13:55:00+00:00,1.16023,1.16051,1.16023,1.16039,513
2026-09-03T14:00:00+00:00,1.16039,1.16045,1.16020,1.16032,984
2026-09-03T14:05:00+00:00,1.16032,1.16068,1.16018,1.16057,720
2026-09-03T14:10:00+00:00,1.16057,1.16081,1.16054,1.16075,792
2026-09-03T14:15:00+00:00,1.16075,1.16143,1.16074,1.16128,1017
2026-09-03T14:20:00+00:00,1.16128,1.16132,1.16104,1.16105,723
2026-09-03T14:25:00+00:00,1.16105,1.16109,1.16084,1.16100,635
2026-09-03T14:30:00+00:00,1.16100,1.16108,1.16051,1.16100,790
2026-09-03T14:35:00+00:00,1.16100,1.16117,1.16088,1.16090,575
2026-09-03T14:40:00+00:00,1.16090,1.16101,1.16082,1.16090,516
2026-09-03T14:45:00+00:00,1.16089,1.16143,1.16079,1.16133,862
2026-09-03T14:50:00+00:00,1.16133,1.16145,1.16107,1.16116,790
2026-09-03T14:55:00+00:00,1.16115,1.16131,1.16110,1.16126,764
2026-09-03T15:00:00+00:00,1.16125,1.16158,1.16112,1.16143,959
2026-09-03T15:05:00+00:00,1.16143,1.16170,1.16139,1.16153,819
2026-09-03T15:10:00+00:00,1.16153,1.16154,1.16113,1.16132,1059
2026-09-03T15:15:00+00:00,1.16133,1.16145,1.16127,1.16133,1101
2026-09-03T15:20:00+00:00,1.16133,1.16135,1.16089,1.16110,1356
2026-09-03T15:25:00+00:00,1.16109,1.16109,1.16083,1.16102,835
2026-09-03T15:30:00+00:00,1.16103,1.16253,1.16100,1.16205,3091
2026-09-03T15:35:00+00:00,1.16205,1.16236,1.16156,1.16230,2266
2026-09-03T15:40:00+00:00,1.16230,1.16230,1.16178,1.16191,1815
2026-09-03T15:45:00+00:00,1.16191,1.16247,1.16176,1.16234,1678
2026-09-03T15:50:00+00:00,1.16234,1.16303,1.16209,1.16285,1877
2026-09-03T15:55:00+00:00,1.16285,1.16296,1.16241,1.16257,1900
2026-09-03T16:00:00+00:00,1.16257,1.16288,1.16239,1.16259,1841
2026-09-03T16:05:00+00:00,1.16259,1.16267,1.16225,1.16242,1391
2026-09-03T16:10:00+00:00,1.16242,1.16272,1.16214,1.16265,1213
2026-09-03T16:15:00+00:00,1.16266,1.16279,1.16201,1.16215,1319
2026-09-03T16:20:00+00:00,1.16215,1.16237,1.16210,1.16222,1166
2026-09-03T16:25:00+00:00,1.16222,1.16239,1.16210,1.16233,1196
2026-09-03T16:30:00+00:00,1.16233,1.16238,1.16208,1.16222,1487
2026-09-03T16:35:00+00:00,1.16222,1.16251,1.16214,1.16219,1708
2026-09-03T16:40:00+00:00,1.16219,1.16237,1.16187,1.16232,1219
2026-09-03T16:45:00+00:00,1.16232,1.16239,1.16174,1.16179,1157
2026-09-03T16:50:00+00:00,1.16179,1.16220,1.16173,1.16215,1361
2026-09-03T16:55:00+00:00,1.16215,1.16281,1.16212,1.16268,1103
2026-09-03T17:00:00+00:00,1.16268,1.16269,1.16203,1.16220,1560
2026-09-03T17:05:00+00:00,1.16220,1.16252,1.16201,1.16218,1557
2026-09-03T17:10:00+00:00,1.16218,1.16276,1.16213,1.16246,1591
2026-09-03T17:15:00+00:00,1.16246,1.16255,1.16233,1.16235,1240
2026-09-03T17:20:00+00:00,1.16236,1.16250,1.16214,1.16234,1245
2026-09-03T17:25:00+00:00,1.16234,1.16235,1.16199,1.16231,1159
2026-09-03T17:30:00+00:00,1.16231,1.16241,1.16184,1.16186,1207
2026-09-03T17:35:00+00:00,1.16186,1.16192,1.16155,1.16158,1357
2026-09-03T17:40:00+00:00,1.16158,1.16164,1.16140,1.16140,1195
2026-09-03T17:45:00+00:00,1.16140,1.16181,1.16133,1.16164,1278
2026-09-03T17:50:00+00:00,1.16164,1.16204,1.16153,1.16191,1184
2026-09-03T17:55:00+00:00,1.16191,1.16206,1.16153,1.16183,1885
2026-09-03T18:00:00+00:00,1.16183,1.16227,1.16176,1.16216,1666
2026-09-03T18:05:00+00:00,1.16216,1.16245,1.16210,1.16219,1278
2026-09-03T18:10:00+00:00,1.16219,1.16243,1.16213,1.16235,1066
2026-09-03T18:15:00+00:00,1.16234,1.16237,1.16212,1.16237,1076
2026-09-03T18:20:00+00:00,1.16236,1.16248,1.16214,1.16226,1247
2026-09-03T18:25:00+00:00,1.16227,1.16247,1.16223,1.16241,1010
2026-09-03T18:30:00+00:00,1.16241,1.16276,1.16236,1.16249,1207
2026-09-03T18:35:00+00:00,1.16249,1.16249,1.16194,1.16197,822
2026-09-03T18:40:00+00:00,1.16198,1.16210,1.16185,1.16197,975
2026-09-03T18:45:00+00:00,1.16198,1.16204,1.16183,1.16183,657
2026-09-03T18:50:00+00:00,1.16183,1.16190,1.16174,1.16180,686
2026-09-03T18:55:00+00:00,1.16180,1.16237,1.16177,1.16229,734
2026-09-03T19:00:00+00:00,1.16229,1.16251,1.16213,1.16231,733
2026-09-03T19:05:00+00:00,1.16231,1.16258,1.16227,1.16256,761
2026-09-03T19:10:00+00:00,1.16256,1.16274,1.16250,1.16271,602
2026-09-03T19:15:00+00:00,1.16271,1.16317,1.16271,1.16311,589
2026-09-03T19:20:00+00:00,1.16311,1.16332,1.16305,1.16331,396
2026-09-03T19:25:00+00:00,1.16331,1.16356,1.16324,1.16353,699
2026-09-03T19:30:00+00:00,1.16352,1.16368,1.16344,1.16354,665
2026-09-03T19:35:00+00:00,1.16353,1.16367,1.16339,1.16358,579
2026-09-03T19:40:00+00:00,1.16358,1.16375,1.16349,1.16371,453
2026-09-03T19:45:00+00:00,1.16370,1.16385,1.16369,1.16384,338
2026-09-03T19:50:00+00:00,1.16384,1.16413,1.16380,1.16381,513
2026-09-03T19:55:00+00:00,1.16380,1.16406,1.16367,1.16369,715
2026-09-03T20:00:00+00:00,1.16369,1.16386,1.16357,1.16359,553
2026-09-03T20:05:00+00:00,1.16359,1.16380,1.16354,1.16355,527
2026-09-03T20:10:00+00:00,1.16355,1.16369,1.16355,1.16366,438
2026-09-03T20:15:00+00:00,1.16365,1.16380,1.16359,1.16364,431
2026-09-03T20:20:00+00:00,1.16364,1.16382,1.16363,1.16376,461
2026-09-03T20:25:00+00:00,1.16376,1.16376,1.16353,1.16370,332
2026-09-03T20:30:00+00:00,1.16370,1.16378,1.16362,1.16374,303
2026-09-03T20:35:00+00:00,1.16374,1.16380,1.16364,1.16366,372
2026-09-03T20:40:00+00:00,1.16366,1.16372,1.16361,1.16366,276
2026-09-03T20:45:00+00:00,1.16366,1.16371,1.16360,1.16364,274
2026-09-03T20:50:00+00:00,1.16364,1.16364,1.16348,1.16354,333
2026-09-03T20:55:00+00:00,1.16354,1.16355,1.16327,1.16328,331
2026-09-03T21:00:00+00:00,1.16328,1.16344,1.16327,1.16338,446
2026-09-03T21:05:00+00:00,1.16338,1.16344,1.16317,1.16343,387
2026-09-03T21:10:00+00:00,1.16343,1.16354,1.16341,1.16344,243
2026-09-03T21:15:00+00:00,1.16344,1.16361,1.16342,1.16344,194
2026-09-03T21:20:00+00:00,1.16344,1.16353,1.16335,1.16345,303
2026-09-03T21:25:00+00:00,1.16345,1.16364,1.16338,1.16351,376
2026-09-03T21:30:00+00:00,1.16351,1.16354,1.16336,1.16338,359
2026-09-03T21:35:00+00:00,1.16338,1.16343,1.16333,1.16337,345
2026-09-03T21:40:00+00:00,1.16337,1.16342,1.16331,1.16332,241
2026-09-03T21:45:00+00:00,1.16332,1.16342,1.16321,1.16330,254
2026-09-03T21:50:00+00:00,1.16330,1.16348,1.16329,1.16338,269
2026-09-03T21:55:00+00:00,1.16338,1.16348,1.16335,1.16346,280
2026-09-03T22:00:00+00:00,1.16346,1.16352,1.16326,1.16327,326
2026-09-03T22:05:00+00:00,1.16327,1.16331,1.16318,1.16322,256
2026-09-03T22:10:00+00:00,1.16323,1.16332,1.16290,1.16290,378
2026-09-03T22:15:00+00:00,1.16290,1.16297,1.16275,1.16287,622
2026-09-03T22:20:00+00:00,1.16287,1.16287,1.16260,1.16263,494
2026-09-03T22:25:00+00:00,1.16263,1.16270,1.16256,1.16268,347
2026-09-03T22:30:00+00:00,1.16268,1.16277,1.16255,1.16255,700
2026-09-03T22:35:00+00:00,1.16255,1.16263,1.16253,1.16260,540
2026-09-03T22:40:00+00:00,1.16260,1.16273,1.16259,1.16272,300
2026-09-03T22:45:00+00:00,1.16272,1.16289,1.16272,1.16286,269
2026-09-03T22:50:00+00:00,1.16286,1.16288,1.16274,1.16275,269
2026-09-03T22:55:00+00:00,1.16275,1.16306,1.16275,1.16287,583
2026-09-03T23:00:00+00:00,1.16287,1.16300,1.16279,1.16296,276
2026-09-03T23:05:00+00:00,1.16295,1.16302,1.16292,1.16295,160
2026-09-03T23:10:00+00:00,1.16295,1.16297,1.16279,1.16279,97
2026-09-03T23:15:00+00:00,1.16279,1.16279,1.16262,1.16271,141
2026-09-03T23:20:00+00:00,1.16271,1.16279,1.16259,1.16261,100
2026-09-03T23:25:00+00:00,1.16261,1.16271,1.16260,1.16270,76
2026-09-03T23:30:00+00:00,1.16271,1.16275,1.16264,1.16265,83
2026-09-03T23:35:00+00:00,1.16265,1.16276,1.16259,1.16274,82
2026-09-03T23:40:00+00:00,1.16274,1.16275,1.16264,1.16267,237
2026-09-03T23:45:00+00:00,1.16267,1.16273,1.16263,1.16272,169
2026-09-03T23:50:00+00:00,1.16272,1.16275,1.16268,1.16270,151
2026-09-03T23:55:00+00:00,1.16270,1.16273,1.16252,1.16258,232
2026-09-04T00:00:00+00:00,1.16255,1.16277,1.16255,1.16273,68
2026-09-04T00:05:00+00:00,1.16273,1.16278,1.16251,1.16251,72
2026-09-04T00:10:00+00:00,1.16261,1.16296,1.16261,1.16291,79
2026-09-04T00:15:00+00:00,1.16291,1.16292,1.16270,1.16271,47
2026-09-04T00:20:00+00:00,1.16271,1.16286,1.16265,1.16268,75
2026-09-04T00:25:00+00:00,1.16268,1.16288,1.16246,1.16250,93
2026-09-04T00:30:00+00:00,1.16250,1.16253,1.16248,1.16251,64
2026-09-04T00:35:00+00:00,1.16251,1.16262,1.16246,1.16262,49
2026-09-04T00:40:00+00:00,1.16262,1.16262,1.16259,1.16259,8
2026-09-04T00:45:00+00:00,1.16259,1.16262,1.16257,1.16262,18
2026-09-04T00:50:00+00:00,1.16262,1.16263,1.16259,1.16263,16
2026-09-04T00:55:00+00:00,1.16263,1.16280,1.16258,1.16271,39
2026-09-04T01:00:00+00:00,1.16271,1.16271,1.16244,1.16255,136
2026-09-04T01:05:00+00:00,1.16255,1.16255,1.16248,1.16249,29
2026-09-04T01:10:00+00:00,1.16249,1.16271,1.16249,1.16264,168
2026-09-04T01:15:00+00:00,1.16264,1.16267,1.16257,1.16258,112
2026-09-04T01:20:00+00:00,1.16257,1.16261,1.16255,1.16260,82
2026-09-04T01:25:00+00:00,1.16259,1.16261,1.16259,1.16260,111
2026-09-04T01:30:00+00:00,1.16260,1.16266,1.16259,1.16261,149
2026-09-04T01:35:00+00:00,1.16261,1.16261,1.16249,1.16256,219
2026-09-04T01:40:00+00:00,1.16256,1.16257,1.16252,1.16253,88
2026-09-04T01:45:00+00:00,1.16253,1.16254,1.16240,1.16244,162
2026-09-04T01:50:00+00:00,1.16244,1.16245,1.16233,1.16235,166
2026-09-04T01:55:00+00:00,1.16235,1.16236,1.16229,1.16231,87
2026-09-04T02:00:00+00:00,1.16231,1.16239,1.16229,1.16236,219
2026-09-04T02:05:00+00:00,1.16236,1.16250,1.16234,1.16247,212
2026-09-04T02:10:00+00:00,1.16249,1.16250,1.16235,1.16238,165
2026-09-04T02:15:00+00:00,1.16238,1.16246,1.16238,1.16245,123
2026-09-04T02:20:00+00:00,1.16245,1.16255,1.16244,1.16252,136
2026-09-04T02:25:00+00:00,1.16253,1.16254,1.16247,1.16250,108
2026-09-04T02:30:00+00:00,1.16250,1.16276,1.16248,1.16256,347
2026-09-04T02:35:00+00:00,1.16256,1.16265,1.16254,1.16260,198
2026-09-04T02:40:00+00:00,1.16260,1.16269,1.16253,1.16263,216
2026-09-04T02:45:00+00:00,1.16262,1.16276,1.16259,1.16272,210
2026-09-04T02:50:00+00:00,1.16272,1.16284,1.16271,1.16280,236
2026-09-04T02:55:00+00:00,1.16279,1.16285,1.16277,1.16279,248
2026-09-04T03:00:00+00:00,1.16279,1.16303,1.16275,1.16300,659
2026-09-04T03:05:00+00:00,1.16300,1.16314,1.16285,1.16285,665
2026-09-04T03:10:00+00:00,1.16285,1.16296,1.16276,1.16286,526
2026-09-04T03:15:00+00:00,1.16286,1.16291,1.16268,1.16274,435
2026-09-04T03:20:00+00:00,1.16274,1.16288,1.16267,1.16283,569
2026-09-04T03:25:00+00:00,1.16283,1.16284,1.16260,1.16261,410
2026-09-04T03:30:00+00:00,1.16261,1.16273,1.16259,1.16265,370
2026-09-04T03:35:00+00:00,1.16265,1.16276,1.16252,1.16260,436
2026-09-04T03:40:00+00:00,1.16260,1.16285,1.16257,1.16279,548
2026-09-04T03:45:00+00:00,1.16279,1.16301,1.16279,1.16290,381
2026-09-04T03:50:00+00:00,1.16290,1.16311,1.16290,1.16306,420
2026-09-04T03:55:00+00:00,1.16306,1.16311,1.16278,1.16278,477
2026-09-04T04:00:00+00:00,1.16279,1.16293,1.16273,1.16278,502
2026-09-04T04:05:00+00:00,1.16279,1.16294,1.16275,1.16284,449
2026-09-04T04:10:00+00:00,1.16284,1.16297,1.16274,1.16274,321
2026-09-04T04:15:00+00:00,1.16274,1.16289,1.16270,1.16283,523
2026-09-04T04:20:00+00:00,1.16283,1.16315,1.16283,1.16295,522
2026-09-04T04:25:00+00:00,1.16295,1.16304,1.16281,1.16292,769
2026-09-04T04:30:00+00:00,1.16292,1.16296,1.16278,1.16281,426
2026-09-04T04:35:00+00:00,1.16281,1.16296,1.16278,1.16281,394
2026-09-04T04:40:00+00:00,1.16280,1.16294,1.16280,1.16292,361
2026-09-04T04:45:00+00:00,1.16292,1.16296,1.16283,1.16288,381
2026-09-04T04:50:00+00:00,1.16289,1.16291,1.16280,1.16286,283
2026-09-04T04:55:00+00:00,1.16285,1.16301,1.16285,1.16300,387
2026-09-04T05:00:00+00:00,1.16301,1.16331,1.16299,1.16329,544
2026-09-04T05:05:00+00:00,1.16329,1.16330,1.16300,1.16302,416
2026-09-04T05:10:00+00:00,1.16302,1.16307,1.16294,1.16301,342
2026-09-04T05:15:00+00:00,1.16301,1.16305,1.16284,1.16285,282
2026-09-04T05:20:00+00:00,1.16285,1.16287,1.16267,1.16270,283
2026-09-04T05:25:00+00:00,1.16271,1.16275,1.16260,1.16274,439
2026-09-04T05:30:00+00:00,1.16274,1.16285,1.16270,1.16273,203
2026-09-04T05:35:00+00:00,1.16273,1.16289,1.16271,1.16287,276
2026-09-04T05:40:00+00:00,1.16287,1.16291,1.16279,1.16281,244
2026-09-04T05:45:00+00:00,1.16281,1.16287,1.16279,1.16286,223
2026-09-04T05:50:00+00:00,1.16286,1.16296,1.16282,1.16295,217
2026-09-04T05:55:00+00:00,1.16296,1.16298,1.16271,1.16276,183
2026-09-04T06:00:00+00:00,1.16275,1.16284,1.16270,1.16282,258
2026-09-04T06:05:00+00:00,1.16282,1.16282,1.16268,1.16275,461
2026-09-04T06:10:00+00:00,1.16274,1.16284,1.16269,1.16281,326
2026-09-04T06:15:00+00:00,1.16281,1.16286,1.16279,1.16279,205
2026-09-04T06:20:00+00:00,1.16279,1.16286,1.16276,1.16280,231
2026-09-04T06:25:00+00:00,1.16280,1.16280,1.16270,1.16272,138
2026-09-04T06:30:00+00:00,1.16272,1.16272,1.16253,1.16268,250
2026-09-04T06:35:00+00:00,1.16268,1.16270,1.16243,1.16246,275
2026-09-04T06:40:00+00:00,1.16246,1.16252,1.16229,1.16231,462
2026-09-04T06:45:00+00:00,1.16231,1.16239,1.16225,1.16230,400
2026-09-04T06:50:00+00:00,1.16230,1.16245,1.16227,1.16231,332
2026-09-04T06:55:00+00:00,1.16231,1.16239,1.16227,1.16228,382
2026-09-04T07:00:00+00:00,1.16229,1.16268,1.16228,1.16267,712
2026-09-04T07:05:00+00:00,1.16267,1.16277,1.16250,1.16253,380
2026-09-04T07:10:00+00:00,1.16253,1.16262,1.16248,1.16255,275
2026-09-04T07:15:00+00:00,1.16255,1.16258,1.16248,1.16250,203
2026-09-04T07:20:00+00:00,1.16250,1.16256,1.16239,1.16240,277
2026-09-04T07:25:00+00:00,1.16240,1.16255,1.16235,1.16251,194
2026-09-04T07:30:00+00:00,1.16251,1.16263,1.16246,1.16248,203
2026-09-04T07:35:00+00:00,1.16248,1.16278,1.16245,1.16275,203
2026-09-04T07:40:00+00:00,1.16274,1.16275,1.16266,1.16271,274
2026-09-04T07:45:00+00:00,1.16271,1.16276,1.16260,1.16265,197
2026-09-04T07:50:00+00:00,1.16266,1.16273,1.16260,1.16269,250
2026-09-04T07:55:00+00:00,1.16269,1.16275,1.16260,1.16265,172
2026-09-04T08:00:00+00:00,1.16265,1.16267,1.16250,1.16252,203
2026-09-04T08:05:00+00:00,1.16252,1.16265,1.16246,1.16255,175
2026-09-04T08:10:00+00:00,1.16255,1.16271,1.16253,1.16270,164
2026-09-04T08:15:00+00:00,1.16270,1.16278,1.16266,1.16271,263
2026-09-04T08:20:00+00:00,1.16271,1.16276,1.16264,1.16266,209
2026-09-04T08:25:00+00:00,1.16266,1.16277,1.16265,1.16273,185
2026-09-04T08:30:00+00:00,1.16273,1.16288,1.16272,1.16286,234
2026-09-04T08:35:00+00:00,1.16286,1.16287,1.16275,1.16279,207
2026-09-04T08:40:00+00:00,1.16279,1.16279,1.16263,1.16265,203
2026-09-04T08:45:00+00:00,1.16265,1.16273,1.16258,1.16269,252
2026-09-04T08:50:00+00:00,1.16269,1.16269,1.16250,1.16264,245
2026-09-04T08:55:00+00:00,1.16265,1.16283,1.16264,1.16279,243
2026-09-04T09:00:00+00:00,1.16279,1.16302,1.16274,1.16299,537
2026-09-04T09:05:00+00:00,1.16299,1.16302,1.16293,1.16298,600
2026-09-04T09:10:00+00:00,1.16298,1.16304,1.16285,1.16298,449
2026-09-04T09:15:00+00:00,1.16298,1.16298,1.16278,1.16290,415
2026-09-04T09:20:00+00:00,1.16290,1.16297,1.16284,1.16287,375
2026-09-04T09:25:00+00:00,1.16287,1.16294,1.16280,1.16291,312
2026-09-04T09:30:00+00:00,1.16291,1.16300,1.16270,1.16297,444
2026-09-04T09:35:00+00:00,1.16297,1.16297,1.16276,1.16285,284
2026-09-04T09:40:00+00:00,1.16285,1.16297,1.16282,1.16286,286
2026-09-04T09:45:00+00:00,1.16286,1.16295,1.16275,1.16284,454
2026-09-04T09:50:00+00:00,1.16284,1.16294,1.16281,1.16289,304
2026-09-04T09:55:00+00:00,1.16289,1.16293,1.16270,1.16273,341
2026-09-04T10:00:00+00:00,1.16274,1.16298,1.16267,1.16292,525
2026-09-04T10:05:00+00:00,1.16292,1.16299,1.16273,1.16277,461
2026-09-04T10:10:00+00:00,1.16277,1.16286,1.16260,1.16261,613
2026-09-04T10:15:00+00:00,1.16261,1.16267,1.16256,1.16266,461
2026-09-04T10:20:00+00:00,1.16267,1.16276,1.16259,1.16260,557
2026-09-04T10:25:00+00:00,1.16260,1.16286,1.16260,1.16284,415
2026-09-04T10:30:00+00:00,1.16283,1.16289,1.16276,1.16284,496
2026-09-04T10:35:00+00:00,1.16284,1.16286,1.16264,1.16266,498
2026-09-04T10:40:00+00:00,1.16266,1.16285,1.16260,1.16282,782
2026-09-04T10:45:00+00:00,1.16283,1.16286,1.16266,1.16277,696
2026-09-04T10:50:00+00:00,1.16278,1.16279,1.16229,1.16231,656
2026-09-04T10:55:00+00:00,1.16231,1.16237,1.16211,1.16226,754
2026-09-04T11:00:00+00:00,1.16226,1.16235,1.16211,1.16230,585
2026-09-04T11:05:00+00:00,1.16230,1.16231,1.16188,1.16201,518
2026-09-04T11:10:00+00:00,1.16202,1.16207,1.16190,1.16196,595
2026-09-04T11:15:00+00:00,1.16195,1.16217,1.16190,1.16216,351
2026-09-04T11:20:00+00:00,1.16216,1.16221,1.16200,1.16204,265
2026-09-04T11:25:00+00:00,1.16204,1.16231,1.16204,1.16231,333
2026-09-04T11:30:00+00:00,1.16231,1.16232,1.16210,1.16222,362
2026-09-04T11:35:00+00:00,1.16222,1.16236,1.16214,1.16230,451
2026-09-04T11:40:00+00:00,1.16230,1.16237,1.16220,1.16236,358
2026-09-04T11:45:00+00:00,1.16235,1.16248,1.16235,1.16242,416
2026-09-04T11:50:00+00:00,1.16242,1.16249,1.16227,1.16236,417
2026-09-04T11:55:00+00:00,1.16236,1.16255,1.16235,1.16251,320
2026-09-04T12:00:00+00:00,1.16251,1.16251,1.16224,1.16227,457
2026-09-04T12:05:00+00:00,1.16227,1.16234,1.16215,1.16225,569
2026-09-04T12:10:00+00:00,1.16224,1.16232,1.16215,1.16224,435
2026-09-04T12:15:00+00:00,1.16224,1.16240,1.16219,1.16234,431
2026-09-04T12:20:00+00:00,1.16234,1.16237,1.16220,1.16220,506
2026-09-04T12:25:00+00:00,1.16220,1.16225,1.16209,1.16218,551
2026-09-04T12:30:00+00:00,1.16218,1.16222,1.16189,1.16200,648
2026-09-04T12:35:00+00:00,1.16200,1.16210,1.16192,1.16209,617
2026-09-04T12:40:00+00:00,1.16209,1.16225,1.16200,1.16202,620
2026-09-04T12:45:00+00:00,1.16203,1.16209,1.16193,1.16204,531
2026-09-04T12:50:00+00:00,1.16205,1.16205,1.16173,1.16186,737
2026-09-04T12:55:00+00:00,1.16187,1.16204,1.16162,1.16171,567
2026-09-04T13:00:00+00:00,1.16171,1.16191,1.16167,1.16179,498
2026-09-04T13:05:00+00:00,1.16179,1.16188,1.16173,1.16185,365
2026-09-04T13:10:00+00:00,1.16185,1.16192,1.16176,1.16190,400
2026-09-04T13:15:00+00:00,1.16190,1.16208,1.16190,1.16203,389
2026-09-04T13:20:00+00:00,1.16203,1.16204,1.16184,1.16188,402
2026-09-04T13:25:00+00:00,1.16189,1.16209,1.16175,1.16181,555
2026-09-04T13:30:00+00:00,1.16180,1.16197,1.16175,1.16185,474
2026-09-04T13:35:00+00:00,1.16185,1.16193,1.16171,1.16183,332
2026-09-04T13:40:00+00:00,1.16183,1.16203,1.16182,1.16200,310
2026-09-04T13:45:00+00:00,1.16200,1.16233,1.16200,1.16212,402
2026-09-04T13:50:00+00:00,1.16212,1.16223,1.16206,1.16216,295
2026-09-04T13:55:00+00:00,1.16216,1.16220,1.16206,1.16207,301
2026-09-04T14:00:00+00:00,1.16207,1.16227,1.16206,1.16217,351
2026-09-04T14:05:00+00:00,1.16217,1.16219,1.16203,1.16205,257
2026-09-04T14:10:00+00:00,1.16206,1.16227,1.16205,1.16218,390
2026-09-04T14:15:00+00:00,1.16218,1.16224,1.16209,1.16211,336
2026-09-04T14:20:00+00:00,1.16211,1.16237,1.16211,1.16231,323
2026-09-04T14:25:00+00:00,1.16231,1.16231,1.16217,1.16217,271
2026-09-04T14:30:00+00:00,1.16217,1.16218,1.16205,1.16211,505
2026-09-04T14:35:00+00:00,1.16211,1.16222,1.16207,1.16212,420
2026-09-04T14:40:00+00:00,1.16212,1.16217,1.16195,1.16217,418
2026-09-04T14:45:00+00:00,1.16217,1.16237,1.16211,1.16214,378
2026-09-04T14:50:00+00:00,1.16213,1.16239,1.16210,1.16222,439
2026-09-04T14:55:00+00:00,1.16222,1.16229,1.16201,1.16205,405
2026-09-04T15:00:00+00:00,1.16206,1.16241,1.16205,1.16231,694
2026-09-04T15:05:00+00:00,1.16231,1.16238,1.16215,1.16220,535
2026-09-04T15:10:00+00:00,1.16221,1.16229,1.16204,1.16219,408
2026-09-04T15:15:00+00:00,1.16219,1.16246,1.16219,1.16243,716
2026-09-04T15:20:00+00:00,1.16243,1.16250,1.16231,1.16236,778
2026-09-04T15:25:00+00:00,1.16234,1.16270,1.16232,1.16259,924
2026-09-04T15:30:00+00:00,1.16259,1.16267,1.15849,1.15946,4985
2026-09-04T15:35:00+00:00,1.15946,1.16018,1.15915,1.15965,3475
2026-09-04T15:40:00+00:00,1.15965,1.16008,1.15921,1.15991,2246
2026-09-04T15:45:00+00:00,1.15991,1.16018,1.15904,1.16008,2774
2026-09-04T15:50:00+00:00,1.16008,1.16045,1.15979,1.15996,3409
2026-09-04T15:55:00+00:00,1.15996,1.16023,1.15964,1.16017,1901
2026-09-04T16:00:00+00:00,1.16017,1.16040,1.15989,1.15990,2273
2026-09-04T16:05:00+00:00,1.15990,1.16009,1.15970,1.15982,1469
2026-09-04T16:10:00+00:00,1.15982,1.16011,1.15964,1.16006,1577
2026-09-04T16:15:00+00:00,1.16006,1.16078,1.16004,1.16070,1490
2026-09-04T16:20:00+00:00,1.16070,1.16112,1.16067,1.16111,1903
2026-09-04T16:25:00+00:00,1.16111,1.16156,1.16106,1.16150,1330
2026-09-04T16:30:00+00:00,1.16150,1.16183,1.16120,1.16125,1740
2026-09-04T16:35:00+00:00,1.16124,1.16134,1.16096,1.16105,1554
2026-09-04T16:40:00+00:00,1.16105,1.16153,1.16104,1.16147,1570
2026-09-04T16:45:00+00:00,1.16147,1.16232,1.16143,1.16199,1731
2026-09-04T16:50:00+00:00,1.16199,1.16199,1.16130,1.16149,1813
2026-09-04T16:55:00+00:00,1.16149,1.16152,1.16088,1.16102,1273
2026-09-04T17:00:00+00:00,1.16102,1.16121,1.16087,1.16101,1533
2026-09-04T17:05:00+00:00,1.16102,1.16154,1.16094,1.16144,1703
2026-09-04T17:10:00+00:00,1.16144,1.16144,1.16103,1.16134,1689
2026-09-04T17:15:00+00:00,1.16134,1.16162,1.16113,1.16161,1291
2026-09-04T17:20:00+00:00,1.16161,1.16176,1.16143,1.16145,1141
2026-09-04T17:25:00+00:00,1.16145,1.16176,1.16145,1.16155,1044
2026-09-04T17:30:00+00:00,1.16155,1.16213,1.16147,1.16201,1243
2026-09-04T17:35:00+00:00,1.16201,1.16206,1.16176,1.16189,1269
2026-09-04T17:40:00+00:00,1.16189,1.16217,1.16181,1.16201,1384
2026-09-04T17:45:00+00:00,1.16201,1.16211,1.16160,1.16175,1371
2026-09-04T17:50:00+00:00,1.16175,1.16177,1.16148,1.16155,1313
2026-09-04T17:55:00+00:00,1.16155,1.16174,1.16135,1.16154,1387
2026-09-04T18:00:00+00:00,1.16154,1.16183,1.16123,1.16171,1228
2026-09-04T18:05:00+00:00,1.16171,1.16194,1.16166,1.16186,1279
2026-09-04T18:10:00+00:00,1.16186,1.16222,1.16185,1.16221,1000
2026-09-04T18:15:00+00:00,1.16221,1.16227,1.16200,1.16224,1191
2026-09-04T18:20:00+00:00,1.16224,1.16227,1.16200,1.16209,934
2026-09-04T18:25:00+00:00,1.16209,1.16212,1.16194,1.16195,799
2026-09-04T18:30:00+00:00,1.16195,1.16221,1.16193,1.16196,747
2026-09-04T18:35:00+00:00,1.16197,1.16215,1.16190,1.16205,559
2026-09-04T18:40:00+00:00,1.16205,1.16227,1.16198,1.16200,640
2026-09-04T18:45:00+00:00,1.16200,1.16228,1.16199,1.16226,499
2026-09-04T18:50:00+00:00,1.16226,1.16233,1.16184,1.16184,470
2026-09-04T18:55:00+00:00,1.16184,1.16201,1.16176,1.16177,644
2026-09-04T19:00:00+00:00,1.16177,1.16211,1.16176,1.16207,631
2026-09-04T19:05:00+00:00,1.16207,1.16212,1.16182,1.16196,523
2026-09-04T19:10:00+00:00,1.16196,1.16227,1.16182,1.16219,463
2026-09-04T19:15:00+00:00,1.16219,1.16235,1.16217,1.16226,457
2026-09-04T19:20:00+00:00,1.16226,1.16246,1.16222,1.16223,518
2026-09-04T19:25:00+00:00,1.16223,1.16226,1.16205,1.16212,405
2026-09-04T19:30:00+00:00,1.16212,1.16232,1.16207,1.16229,427
2026-09-04T19:35:00+00:00,1.16229,1.16236,1.16211,1.16211,285
2026-09-04T19:40:00+00:00,1.16211,1.16222,1.16201,1.16217,441
2026-09-04T19:45:00+00:00,1.16217,1.16227,1.16210,1.16222,396
2026-09-04T19:50:00+00:00,1.16222,1.16228,1.16210,1.16211,266
2026-09-04T19:55:00+00:00,1.16211,1.16216,1.16191,1.16206,369
2026-09-04T20:00:00+00:00,1.16206,1.16207,1.16154,1.16154,755
2026-09-04T20:05:00+00:00,1.16154,1.16172,1.16150,1.16165,500
2026-09-04T20:10:00+00:00,1.16165,1.16168,1.16157,1.16159,382
2026-09-04T20:15:00+00:00,1.16159,1.16177,1.16158,1.16167,295
2026-09-04T20:20:00+00:00,1.16167,1.16175,1.16143,1.16155,325
2026-09-04T20:25:00+00:00,1.16155,1.16157,1.16134,1.16136,462
2026-09-04T20:30:00+00:00,1.16136,1.16149,1.16134,1.16146,443
2026-09-04T20:35:00+00:00,1.16146,1.16147,1.16132,1.16140,386
2026-09-04T20:40:00+00:00,1.16140,1.16141,1.16126,1.16127,410
2026-09-04T20:45:00+00:00,1.16127,1.16130,1.16120,1.16126,277
2026-09-04T20:50:00+00:00,1.16126,1.16143,1.16124,1.16137,331
2026-09-04T20:55:00+00:00,1.16137,1.16137,1.16122,1.16124,380
2026-09-04T21:00:00+00:00,1.16125,1.16134,1.16120,1.16125,455
2026-09-04T21:05:00+00:00,1.16125,1.16133,1.16106,1.16116,436
2026-09-04T21:10:00+00:00,1.16116,1.16126,1.16109,1.16112,382
2026-09-04T21:15:00+00:00,1.16112,1.16121,1.16106,1.16110,272
2026-09-04T21:20:00+00:00,1.16110,1.16122,1.16103,1.16115,369
2026-09-04T21:25:00+00:00,1.16115,1.16126,1.16108,1.16114,377
2026-09-04T21:30:00+00:00,1.16115,1.16125,1.16113,1.16122,209
2026-09-04T21:35:00+00:00,1.16123,1.16123,1.16099,1.16105,313
2026-09-04T21:40:00+00:00,1.16105,1.16123,1.16099,1.16099,375
2026-09-04T21:45:00+00:00,1.16100,1.16101,1.16085,1.16094,340
2026-09-04T21:50:00+00:00,1.16095,1.16100,1.16089,1.16091,347
2026-09-04T21:55:00+00:00,1.16091,1.16109,1.16090,1.16107,339
2026-09-04T22:00:00+00:00,1.16107,1.16122,1.16101,1.16122,335
2026-09-04T22:05:00+00:00,1.16122,1.16128,1.16120,1.16127,138
2026-09-04T22:10:00+00:00,1.16127,1.16127,1.16116,1.16121,262
2026-09-04T22:15:00+00:00,1.16121,1.16136,1.16121,1.16131,254
2026-09-04T22:20:00+00:00,1.16131,1.16145,1.16124,1.16136,222
2026-09-04T22:25:00+00:00,1.16136,1.16147,1.16135,1.16147,233
2026-09-04T22:30:00+00:00,1.16147,1.16147,1.16132,1.16145,339
2026-09-04T22:35:00+00:00,1.16145,1.16147,1.16136,1.16147,319
2026-09-04T22:40:00+00:00,1.16147,1.16159,1.16144,1.16156,229
2026-09-04T22:45:00+00:00,1.16156,1.16156,1.16142,1.16143,242
2026-09-04T22:50:00+00:00,1.16143,1.16150,1.16143,1.16146,376
2026-09-04T22:55:00+00:00,1.16146,1.16155,1.16135,1.16145,370
2026-09-04T23:00:00+00:00,1.16145,1.16153,1.16135,1.16137,217
2026-09-04T23:05:00+00:00,1.16137,1.16137,1.16128,1.16129,70
2026-09-04T23:10:00+00:00,1.16129,1.16130,1.16121,1.16126,91
2026-09-04T23:15:00+00:00,1.16126,1.16132,1.16126,1.16130,59
2026-09-04T23:20:00+00:00,1.16130,1.16137,1.16130,1.16132,93
2026-09-04T23:25:00+00:00,1.16132,1.16136,1.16118,1.16132,146
2026-09-04T23:30:00+00:00,1.16132,1.16133,1.16126,1.16126,35
2026-09-04T23:35:00+00:00,1.16126,1.16128,1.16125,1.16126,55
2026-09-04T23:40:00+00:00,1.16126,1.16128,1.16121,1.16126,75
2026-09-04T23:45:00+00:00,1.16125,1.16131,1.16117,1.16121,167
2026-09-04T23:50:00+00:00,1.16121,1.16132,1.16120,1.16131,199
2026-09-04T23:55:00+00:00,1.16131,1.16142,1.16127,1.16132,361
2026-09-07T00:00:00+00:00,1.16124,1.16128,1.16124,1.16126,17
2026-09-07T00:05:00+00:00,1.16126,1.16128,1.16124,1.16124,22
2026-09-07T00:10:00+00:00,1.16124,1.16132,1.16123,1.16123,26
2026-09-07T00:15:00+00:00,1.16123,1.16123,1.16123,1.16123,5
2026-09-07T00:20:00+00:00,1.16123,1.16123,1.16103,1.16104,14
2026-09-07T00:25:00+00:00,1.16104,1.16104,1.16104,1.16104,5
2026-09-07T00:30:00+00:00,1.16109,1.16110,1.16070,1.16085,168
2026-09-07T00:35:00+00:00,1.16085,1.16088,1.16082,1.16087,67
2026-09-07T00:40:00+00:00,1.16086,1.16098,1.16083,1.16098,61
2026-09-07T00:45:00+00:00,1.16098,1.16098,1.16089,1.16093,37
2026-09-07T00:50:00+00:00,1.16096,1.16103,1.16092,1.16102,108
2026-09-07T00:55:00+00:00,1.16102,1.16102,1.16075,1.16077,60
2026-09-07T01:00:00+00:00,1.16077,1.16113,1.16077,1.16108,327
2026-09-07T01:05:00+00:00,1.16108,1.16122,1.16107,1.16122,146
2026-09-07T01:10:00+00:00,1.16122,1.16127,1.16113,1.16126,167
2026-09-07T01:15:00+00:00,1.16126,1.16133,1.16123,1.16125,204
2026-09-07T01:20:00+00:00,1.16126,1.16132,1.16123,1.16129,169
2026-09-07T01:25:00+00:00,1.16129,1.16131,1.16127,1.16128,97
2026-09-07T01:30:00+00:00,1.16128,1.16128,1.16122,1.16128,91
2026-09-07T01:35:00+00:00,1.16128,1.16128,1.16122,1.16126,56
2026-09-07T01:40:00+00:00,1.16126,1.16128,1.16121,1.16126,117
2026-09-07T01:45:00+00:00,1.16126,1.16138,1.16125,1.16136,90
2026-09-07T01:50:00+00:00,1.16136,1.16136,1.16130,1.16130,79
2026-09-07T01:55:00+00:00,1.16130,1.16131,1.16130,1.16130,23
2026-09-07T02:00:00+00:00,1.16130,1.16141,1.16129,1.16136,132
2026-09-07T02:05:00+00:00,1.16136,1.16143,1.16135,1.16140,122
2026-09-07T02:10:00+00:00,1.16139,1.16156,1.16135,1.16153,113
2026-09-07T02:15:00+00:00,1.16153,1.16154,1.16150,1.16151,56
2026-09-07T02:20:00+00:00,1.16151,1.16152,1.16146,1.16146,75
2026-09-07T02:25:00+00:00,1.16146,1.16149,1.16146,1.16146,130
2026-09-07T02:30:00+00:00,1.16146,1.16161,1.16140,1.16158,163
2026-09-07T02:35:00+00:00,1.16158,1.16160,1.16149,1.16156,202
2026-09-07T02:40:00+00:00,1.16156,1.16159,1.16150,1.16156,176
2026-09-07T02:45:00+00:00,1.16156,1.16157,1.16140,1.16141,164
2026-09-07T02:50:00+00:00,1.16141,1.16148,1.16132,1.16147,188
2026-09-07T02:55:00+00:00,1.16147,1.16148,1.16130,1.16131,343
2026-09-07T03:00:00+00:00,1.16132,1.16144,1.16126,1.16139,709
2026-09-07T03:05:00+00:00,1.16139,1.16148,1.16128,1.16134,449
2026-09-07T03:10:00+00:00,1.16134,1.16153,1.16133,1.16145,495
2026-09-07T03:15:00+00:00,1.16145,1.16167,1.16144,1.16159,485
2026-09-07T03:20:00+00:00,1.16159,1.16175,1.16151,1.16165,336
2026-09-07T03:25:00+00:00,1.16165,1.16188,1.16165,1.16181,429
2026-09-07T03:30:00+00:00,1.16181,1.16192,1.16176,1.16180,431
2026-09-07T03:35:00+00:00,1.16180,1.16193,1.16178,1.16189,357
2026-09-07T03:40:00+00:00,1.16189,1.16200,1.16186,1.16192,317
2026-09-07T03:45:00+00:00,1.16192,1.16200,1.16188,1.16195,282
2026-09-07T03:50:00+00:00,1.16195,1.16202,1.16183,1.16188,431
2026-09-07T03:55:00+00:00,1.16188,1.16189,1.16170,1.16183,503
2026-09-07T04:00:00+00:00,1.16183,1.16187,1.16164,1.16165,889
2026-09-07T04:05:00+00:00,1.16165,1.16184,1.16162,1.16163,650
2026-09-07T04:10:00+00:00,1.16163,1.16182,1.16156,1.16171,449
2026-09-07T04:15:00+00:00,1.16171,1.16176,1.16131,1.16141,493
2026-09-07T04:20:00+00:00,1.16141,1.16162,1.16135,1.16146,413
2026-09-07T04:25:00+00:00,1.16146,1.16169,1.16145,1.16163,369
2026-09-07T04:30:00+00:00,1.16163,1.16166,1.16144,1.16149,347
2026-09-07T04:35:00+00:00,1.16149,1.16161,1.16147,1.16158,323
2026-09-07T04:40:00+00:00,1.16158,1.16160,1.16131,1.16141,428
2026-09-07T04:45:00+00:00,1.16141,1.16156,1.16135,1.16150,334
2026-09-07T04:50:00+00:00,1.16150,1.16164,1.16149,1.16155,238
2026-09-07T04:55:00+00:00,1.16155,1.16155,1.16130,1.16135,371
2026-09-07T05:00:00+00:00,1.16135,1.16137,1.16119,1.16131,483
2026-09-07T05:05:00+00:00,1.16131,1.16132,1.16107,1.16111,269
2026-09-07T05:10:00+00:00,1.16111,1.16111,1.16095,1.16097,260
2026-09-07T05:15:00+00:00,1.16096,1.16106,1.16093,1.16106,317
2026-09-07T05:20:00+00:00,1.16106,1.16107,1.16088,1.16106,238
2026-09-07T05:25:00+00:00,1.16106,1.16111,1.16103,1.16111,188
2026-09-07T05:30:00+00:00,1.16111,1.16120,1.16107,1.16116,206
2026-09-07T05:35:00+00:00,1.16115,1.16119,1.16108,1.16109,148
2026-09-07T05:40:00+00:00,1.16109,1.16110,1.16089,1.16092,285
2026-09-07T05:45:00+00:00,1.16092,1.16098,1.16085,1.16095,302
2026-09-07T05:50:00+00:00,1.16095,1.16096,1.16088,1.16089,229
2026-09-07T05:55:00+00:00,1.16089,1.16094,1.16074,1.16092,475
2026-09-07T06:00:00+00:00,1.16092,1.16102,1.16084,1.16101,388
2026-09-07T06:05:00+00:00,1.16101,1.16102,1.16089,1.16090,164
2026-09-07T06:10:00+00:00,1.16090,1.16095,1.16085,1.16094,303
2026-09-07T06:15:00+00:00,1.16094,1.16109,1.16092,1.16106,343
2026-09-07T06:20:00+00:00,1.16106,1.16121,1.16103,1.16120,370
2026-09-07T06:25:00+00:00,1.16120,1.16121,1.16113,1.16120,177
2026-09-07T06:30:00+00:00,1.16120,1.16122,1.16099,1.16101,181
2026-09-07T06:35:00+00:00,1.16101,1.16106,1.16096,1.16097,302
2026-09-07T06:40:00+00:00,1.16097,1.16106,1.16088,1.16095,217
2026-09-07T06:45:00+00:00,1.16095,1.16101,1.16095,1.16095,176
2026-09-07T06:50:00+00:00,1.16095,1.16098,1.16090,1.16095,199
2026-09-07T06:55:00+00:00,1.16095,1.16117,1.16095,1.16116,250
2026-09-07T07:00:00+00:00,1.16116,1.16119,1.16102,1.16104,274
2026-09-07T07:05:00+00:00,1.16104,1.16111,1.16100,1.16106,218
2026-09-07T07:10:00+00:00,1.16106,1.16108,1.16102,1.16107,283
2026-09-07T07:15:00+00:00,1.16107,1.16111,1.16104,1.16106,291
2026-09-07T07:20:00+00:00,1.16106,1.16107,1.16098,1.16104,161
2026-09-07T07:25:00+00:00,1.16104,1.16106,1.16099,1.16101,206
2026-09-07T07:30:00+00:00,1.16101,1.16105,1.16096,1.16102,262
2026-09-07T07:35:00+00:00,1.16103,1.16105,1.16085,1.16088,271
2026-09-07T07:40:00+00:00,1.16088,1.16097,1.16083,1.16094,277
2026-09-07T07:45:00+00:00,1.16094,1.16111,1.16091,1.16106,229
2026-09-07T07:50:00+00:00,1.16105,1.16111,1.16102,1.16104,289
2026-09-07T07:55:00+00:00,1.16104,1.16120,1.16103,1.16114,293
2026-09-07T08:00:00+00:00,1.16113,1.16119,1.16106,1.16116,306
2026-09-07T08:05:00+00:00,1.16116,1.16117,1.16100,1.16103,231
2026-09-07T08:10:00+00:00,1.16103,1.16115,1.16103,1.16104,321
2026-09-07T08:15:00+00:00,1.16104,1.16104,1.16095,1.16101,172
2026-09-07T08:20:00+00:00,1.16101,1.16101,1.16091,1.16100,178
2026-09-07T08:25:00+00:00,1.16099,1.16112,1.16093,1.16104,202
2026-09-07T08:30:00+00:00,1.16104,1.16107,1.16094,1.16104,265
2026-09-07T08:35:00+00:00,1.16104,1.16116,1.16104,1.16109,356
2026-09-07T08:40:00+00:00,1.16109,1.16110,1.16100,1.16105,368
2026-09-07T08:45:00+00:00,1.16105,1.16114,1.16104,1.16109,244
2026-09-07T08:50:00+00:00,1.16109,1.16122,1.16104,1.16113,356
2026-09-07T08:55:00+00:00,1.16113,1.16144,1.16111,1.16144,550
2026-09-07T09:00:00+00:00,1.16144,1.16145,1.16103,1.16118,571
2026-09-07T09:05:00+00:00,1.16118,1.16127,1.16106,1.16117,687
2026-09-07T09:10:00+00:00,1.16117,1.16121,1.16105,1.16114,649
2026-09-07T09:15:00+00:00,1.16115,1.16139,1.16108,1.16135,502
2026-09-07T09:20:00+00:00,1.16135,1.16169,1.16125,1.16161,750
2026-09-07T09:25:00+00:00,1.16160,1.16167,1.16153,1.16160,756
2026-09-07T09:30:00+00:00,1.16160,1.16194,1.16159,1.16190,599
2026-09-07T09:35:00+00:00,1.16190,1.16190,1.16164,1.16184,802
2026-09-07T09:40:00+00:00,1.16184,1.16186,1.16168,1.16170,685
2026-09-07T09:45:00+00:00,1.16170,1.16179,1.16161,1.16165,585
2026-09-07T09:50:00+00:00,1.16165,1.16175,1.16159,1.16167,678
2026-09-07T09:55:00+00:00,1.16167,1.16169,1.16138,1.16146,620
2026-09-07T10:00:00+00:00,1.16147,1.16156,1.16135,1.16154,576
2026-09-07T10:05:00+00:00,1.16154,1.16156,1.16126,1.16128,831
2026-09-07T10:10:00+00:00,1.16128,1.16135,1.16113,1.16134,451
2026-09-07T10:15:00+00:00,1.16135,1.16153,1.16129,1.16141,541
2026-09-07T10:20:00+00:00,1.16141,1.16152,1.16138,1.16146,432
2026-09-07T10:25:00+00:00,1.16146,1.16177,1.16146,1.16172,449
2026-09-07T10:30:00+00:00,1.16172,1.16196,1.16170,1.16186,573
2026-09-07T10:35:00+00:00,1.16186,1.16186,1.16154,1.16156,596
2026-09-07T10:40:00+00:00,1.16156,1.16167,1.16142,1.16166,783
2026-09-07T10:45:00+00:00,1.16166,1.16182,1.16150,1.16166,616
2026-09-07T10:50:00+00:00,1.16166,1.16204,1.16162,1.16204,835
2026-09-07T10:55:00+00:00,1.16204,1.16239,1.16203,1.16236,1261
2026-09-07T11:00:00+00:00,1.16236,1.16251,1.16217,1.16236,759
2026-09-07T11:05:00+00:00,1.16236,1.16302,1.16227,1.16286,1498
2026-09-07T11:10:00+00:00,1.16286,1.16316,1.16281,1.16316,1474
2026-09-07T11:15:00+00:00,1.16316,1.16340,1.16287,1.16334,1252
2026-09-07T11:20:00+00:00,1.16334,1.16358,1.16316,1.16321,1446
2026-09-07T11:25:00+00:00,1.16321,1.16346,1.16313,1.16324,1377
2026-09-07T11:30:00+00:00,1.16324,1.16343,1.16317,1.16331,931
2026-09-07T11:35:00+00:00,1.16330,1.16336,1.16269,1.16271,998
2026-09-07T11:40:00+00:00,1.16271,1.16272,1.16250,1.16254,880
2026-09-07T11:45:00+00:00,1.16254,1.16262,1.16229,1.16229,751
2026-09-07T11:50:00+00:00,1.16229,1.16230,1.16209,1.16225,647
2026-09-07T11:55:00+00:00,1.16225,1.16227,1.16211,1.16211,417
2026-09-07T12:00:00+00:00,1.16211,1.16233,1.16205,1.16226,407
2026-09-07T12:05:00+00:00,1.16226,1.16233,1.16208,1.16232,436
2026-09-07T12:10:00+00:00,1.16232,1.16234,1.16202,1.16222,469
2026-09-07T12:15:00+00:00,1.16222,1.16225,1.16209,1.16215,380
2026-09-07T12:20:00+00:00,1.16215,1.16226,1.16209,1.16226,431
2026-09-07T12:25:00+00:00,1.16226,1.16251,1.16219,1.16241,482
2026-09-07T12:30:00+00:00,1.16241,1.16260,1.16235,1.16259,477
2026-09-07T12:35:00+00:00,1.16259,1.16259,1.16243,1.16251,276
2026-09-07T12:40:00+00:00,1.16251,1.16251,1.16208,1.16221,357
2026-09-07T12:45:00+00:00,1.16221,1.16231,1.16212,1.16221,353
2026-09-07T12:50:00+00:00,1.16221,1.16222,1.16195,1.16204,418
2026-09-07T12:55:00+00:00,1.16204,1.16211,1.16203,1.16204,460
2026-09-07T13:00:00+00:00,1.16204,1.16222,1.16198,1.16219,421
2026-09-07T13:05:00+00:00,1.16219,1.16235,1.16212,1.16228,454
2026-09-07T13:10:00+00:00,1.16228,1.16235,1.16221,1.16225,281
2026-09-07T13:15:00+00:00,1.16225,1.16247,1.16220,1.16247,384
2026-09-07T13:20:00+00:00,1.16247,1.16252,1.16234,1.16250,388
2026-09-07T13:25:00+00:00,1.16250,1.16250,1.16225,1.16237,306
2026-09-07T13:30:00+00:00,1.16237,1.16248,1.16230,1.16231,281
2026-09-07T13:35:00+00:00,1.16231,1.16244,1.16228,1.16243,278
2026-09-07T13:40:00+00:00,1.16244,1.16252,1.16240,1.16252,246
2026-09-07T13:45:00+00:00,1.16252,1.16259,1.16247,1.16252,252
2026-09-07T13:50:00+00:00,1.16252,1.16268,1.16249,1.16261,374
2026-09-07T13:55:00+00:00,1.16261,1.16263,1.16233,1.16244,1009
2026-09-07T14:00:00+00:00,1.16244,1.16248,1.16225,1.16242,597
2026-09-07T14:05:00+00:00,1.16242,1.16256,1.16240,1.16248,474
2026-09-07T14:10:00+00:00,1.16248,1.16253,1.16220,1.16235,435
2026-09-07T14:15:00+00:00,1.16235,1.16246,1.16223,1.16224,388
2026-09-07T14:20:00+00:00,1.16225,1.16241,1.16224,1.16238,371
2026-09-07T14:25:00+00:00,1.16238,1.16240,1.16227,1.16238,425
2026-09-07T14:30:00+00:00,1.16238,1.16244,1.16228,1.16229,619
2026-09-07T14:35:00+00:00,1.16228,1.16249,1.16222,1.16244,407
2026-09-07T14:40:00+00:00,1.16243,1.16245,1.16228,1.16234,368
2026-09-07T14:45:00+00:00,1.16234,1.16251,1.16230,1.16249,320
2026-09-07T14:50:00+00:00,1.16249,1.16254,1.16229,1.16229,345
2026-09-07T14:55:00+00:00,1.16229,1.16237,1.16219,1.16230,602
2026-09-07T15:00:00+00:00,1.16230,1.16243,1.16224,1.16226,421
2026-09-07T15:05:00+00:00,1.16226,1.16248,1.16222,1.16222,398
2026-09-07T15:10:00+00:00,1.16222,1.16233,1.16218,1.16221,441
2026-09-07T15:15:00+00:00,1.16221,1.16231,1.16209,1.16229,533
2026-09-07T15:20:00+00:00,1.16229,1.16256,1.16222,1.16251,676
2026-09-07T15:25:00+00:00,1.16251,1.16271,1.16246,1.16269,389
2026-09-07T15:30:00+00:00,1.16269,1.16274,1.16263,1.16269,525
2026-09-07T15:35:00+00:00,1.16269,1.16282,1.16264,1.16270,527
2026-09-07T15:40:00+00:00,1.16271,1.16279,1.16261,1.16279,465
2026-09-07T15:45:00+00:00,1.16279,1.16284,1.16259,1.16277,550
2026-09-07T15:50:00+00:00,1.16277,1.16284,1.16246,1.16253,549
2026-09-07T15:55:00+00:00,1.16253,1.16262,1.16249,1.16250,557
2026-09-07T16:00:00+00:00,1.16250,1.16265,1.16248,1.16250,696
2026-09-07T16:05:00+00:00,1.16250,1.16251,1.16240,1.16245,374
2026-09-07T16:10:00+00:00,1.16246,1.16265,1.16243,1.16265,417
2026-09-07T16:15:00+00:00,1.16265,1.16266,1.16239,1.16250,400
2026-09-07T16:20:00+00:00,1.16250,1.16265,1.16249,1.16252,418
2026-09-07T16:25:00+00:00,1.16252,1.16260,1.16243,1.16248,323
2026-09-07T16:30:00+00:00,1.16248,1.16265,1.16241,1.16260,413
2026-09-07T16:35:00+00:00,1.16260,1.16264,1.16246,1.16250,404
2026-09-07T16:40:00+00:00,1.16250,1.16266,1.16250,1.16261,459
2026-09-07T16:45:00+00:00,1.16261,1.16296,1.16261,1.16273,613
2026-09-07T16:50:00+00:00,1.16273,1.16294,1.16266,1.16276,567
2026-09-07T16:55:00+00:00,1.16276,1.16289,1.16274,1.16289,692
2026-09-07T17:00:00+00:00,1.16289,1.16300,1.16283,1.16288,629
2026-09-07T17:05:00+00:00,1.16288,1.16295,1.16280,1.16295,526
2026-09-07T17:10:00+00:00,1.16295,1.16321,1.16293,1.16311,462
2026-09-07T17:15:00+00:00,1.16311,1.16330,1.16305,1.16314,569
2026-09-07T17:20:00+00:00,1.16314,1.16320,1.16295,1.16317,668
2026-09-07T17:25:00+00:00,1.16317,1.16325,1.16302,1.16304,569
2026-09-07T17:30:00+00:00,1.16304,1.16305,1.16294,1.16295,455
2026-09-07T17:35:00+00:00,1.16295,1.16308,1.16293,1.16299,509
2026-09-07T17:40:00+00:00,1.16300,1.16306,1.16294,1.16299,456
2026-09-07T17:45:00+00:00,1.16299,1.16299,1.16285,1.16289,456
2026-09-07T17:50:00+00:00,1.16289,1.16292,1.16271,1.16271,397
2026-09-07T17:55:00+00:00,1.16273,1.16328,1.16273,1.16312,951
2026-09-07T18:00:00+00:00,1.16312,1.16320,1.16300,1.16309,1025
2026-09-07T18:05:00+00:00,1.16310,1.16310,1.16273,1.16285,657
2026-09-07T18:10:00+00:00,1.16285,1.16289,1.16270,1.16275,355
2026-09-07T18:15:00+00:00,1.16275,1.16280,1.16268,1.16279,386
2026-09-07T18:20:00+00:00,1.16279,1.16290,1.16275,1.16285,278
2026-09-07T18:25:00+00:00,1.16285,1.16307,1.16284,1.16303,233
2026-09-07T18:30:00+00:00,1.16303,1.16313,1.16290,1.16290,306
2026-09-07T18:35:00+00:00,1.16290,1.16300,1.16285,1.16295,191
2026-09-07T18:40:00+00:00,1.16295,1.16299,1.16286,1.16293,193
2026-09-07T18:45:00+00:00,1.16293,1.16294,1.16278,1.16289,206
2026-09-07T18:50:00+00:00,1.16289,1.16289,1.16271,1.16272,124
2026-09-07T18:55:00+00:00,1.16272,1.16278,1.16264,1.16276,259
2026-09-07T19:00:00+00:00,1.16276,1.16277,1.16260,1.16264,238
2026-09-07T19:05:00+00:00,1.16264,1.16277,1.16264,1.16275,203
2026-09-07T19:10:00+00:00,1.16274,1.16276,1.16268,1.16270,126
2026-09-07T19:15:00+00:00,1.16270,1.16274,1.16263,1.16265,128
2026-09-07T19:20:00+00:00,1.16265,1.16273,1.16265,1.16271,107
2026-09-07T19:25:00+00:00,1.16271,1.16280,1.16268,1.16278,134
2026-09-07T19:30:00+00:00,1.16278,1.16281,1.16274,1.16279,115
2026-09-07T19:35:00+00:00,1.16279,1.16288,1.16278,1.16284,113
2026-09-07T19:40:00+00:00,1.16284,1.16296,1.16284,1.16295,112
2026-09-07T19:45:00+00:00,1.16295,1.16298,1.16288,1.16294,111
2026-09-07T19:50:00+00:00,1.16294,1.16299,1.16284,1.16287,97
2026-09-07T19:55:00+00:00,1.16287,1.16292,1.16281,1.16286,135
2026-09-07T20:00:00+00:00,1.16286,1.16287,1.16264,1.16264,120
2026-09-07T20:05:00+00:00,1.16265,1.16271,1.16264,1.16265,105
2026-09-07T20:10:00+00:00,1.16265,1.16269,1.16259,1.16265,136
2026-09-07T20:15:00+00:00,1.16265,1.16268,1.16258,1.16259,88
2026-09-07T20:20:00+00:00,1.16259,1.16264,1.16256,1.16256,133
2026-09-07T20:25:00+00:00,1.16256,1.16262,1.16253,1.16254,81
2026-09-07T20:30:00+00:00,1.16254,1.16256,1.16252,1.16255,75
2026-09-07T20:35:00+00:00,1.16255,1.16256,1.16251,1.16251,64
2026-09-07T20:40:00+00:00,1.16252,1.16254,1.16247,1.16254,96
2026-09-07T20:45:00+00:00,1.16254,1.16254,1.16244,1.16246,75
2026-09-07T20:50:00+00:00,1.16246,1.16251,1.16245,1.16250,99
2026-09-07T20:55:00+00:00,1.16250,1.16257,1.16249,1.16255,74
2026-09-07T21:00:00+00:00,1.16255,1.16258,1.16251,1.16251,100
2026-09-07T21:05:00+00:00,1.16252,1.16252,1.16247,1.16251,38
2026-09-07T21:10:00+00:00,1.16251,1.16252,1.16246,1.16246,82
2026-09-07T21:15:00+00:00,1.16246,1.16250,1.16244,1.16245,110
2026-09-07T21:20:00+00:00,1.16245,1.16246,1.16244,1.16244,104
2026-09-07T21:25:00+00:00,1.16244,1.16244,1.16235,1.16236,55
2026-09-07T21:30:00+00:00,1.16236,1.16241,1.16235,1.16240,84
2026-09-07T21:35:00+00:00,1.16241,1.16242,1.16238,1.16241,115
2026-09-07T21:40:00+00:00,1.16240,1.16242,1.16239,1.16240,60
2026-09-07T21:45:00+00:00,1.16240,1.16241,1.16234,1.16235,67
2026-09-07T21:50:00+00:00,1.16235,1.16236,1.16231,1.16231,61
2026-09-07T21:55:00+00:00,1.16231,1.16238,1.16229,1.16236,83
2026-09-07T22:00:00+00:00,1.16236,1.16237,1.16229,1.16231,68
2026-09-07T22:05:00+00:00,1.16231,1.16232,1.16230,1.16231,67
2026-09-07T22:10:00+00:00,1.16231,1.16232,1.16230,1.16231,99
2026-09-07T22:15:00+00:00,1.16231,1.16231,1.16229,1.16231,111
2026-09-07T22:20:00+00:00,1.16231,1.16231,1.16224,1.16229,72
2026-09-07T22:25:00+00:00,1.16229,1.16230,1.16226,1.16226,47
2026-09-07T22:30:00+00:00,1.16226,1.16226,1.16215,1.16220,96
2026-09-07T22:35:00+00:00,1.16220,1.16222,1.16215,1.16219,106
2026-09-07T22:40:00+00:00,1.16219,1.16219,1.16211,1.16212,131
2026-09-07T22:45:00+00:00,1.16212,1.16216,1.16211,1.16213,79
2026-09-07T22:50:00+00:00,1.16214,1.16216,1.16213,1.16215,102
2026-09-07T22:55:00+00:00,1.16215,1.16222,1.16215,1.16222,40
2026-09-07T23:00:00+00:00,1.16222,1.16222,1.16214,1.16219,275
2026-09-07T23:05:00+00:00,1.16219,1.16220,1.16214,1.16215,234
2026-09-07T23:10:00+00:00,1.16215,1.16220,1.16215,1.16219,92
2026-09-07T23:15:00+00:00,1.16220,1.16227,1.16220,1.16225,137
2026-09-07T23:20:00+00:00,1.16225,1.16227,1.16222,1.16224,59
2026-09-07T23:25:00+00:00,1.16224,1.16224,1.16221,1.16222,22
2026-09-07T23:30:00+00:00,1.16222,1.16227,1.16219,1.16225,127
2026-09-07T23:35:00+00:00,1.16226,1.16227,1.16223,1.16225,279
2026-09-07T23:40:00+00:00,1.16225,1.16226,1.16222,1.16224,201
2026-09-07T23:45:00+00:00,1.16224,1.16226,1.16222,1.16224,119
2026-09-07T23:50:00+00:00,1.16224,1.16225,1.16220,1.16222,178
2026-09-07T23:55:00+00:00,1.16222,1.16232,1.16221,1.16228,75
2026-09-08T00:00:00+00:00,1.16232,1.16270,1.16218,1.16224,49
2026-09-08T00:05:00+00:00,1.16224,1.16232,1.16218,1.16219,43
2026-09-08T00:10:00+00:00,1.16218,1.16227,1.16210,1.16216,23
2026-09-08T00:15:00+00:00,1.16216,1.16231,1.16216,1.16231,54
2026-09-08T00:20:00+00:00,1.16231,1.16239,1.16231,1.16238,21
2026-09-08T00:25:00+00:00,1.16238,1.16238,1.16236,1.16238,19
2026-09-08T00:30:00+00:00,1.16238,1.16239,1.16220,1.16239,19
2026-09-08T00:35:00+00:00,1.16239,1.16241,1.16220,1.16239,38
2026-09-08T00:40:00+00:00,1.16239,1.16239,1.16237,1.16237,22
2026-09-08T00:45:00+00:00,1.16237,1.16239,1.16237,1.16237,8
2026-09-08T00:50:00+00:00,1.16237,1.16238,1.16217,1.16238,12
2026-09-08T00:55:00+00:00,1.16238,1.16241,1.16237,1.16241,10
2026-09-08T01:00:00+00:00,1.16241,1.16257,1.16237,1.16250,72
2026-09-08T01:05:00+00:00,1.16250,1.16250,1.16244,1.16245,21
2026-09-08T01:10:00+00:00,1.16244,1.16246,1.16235,1.16244,130
2026-09-08T01:15:00+00:00,1.16243,1.16254,1.16241,1.16254,156
2026-09-08T01:20:00+00:00,1.16254,1.16255,1.16245,1.16251,103
2026-09-08T01:25:00+00:00,1.16251,1.16261,1.16250,1.16260,175
2026-09-08T01:30:00+00:00,1.16260,1.16260,1.16252,1.16255,144
2026-09-08T01:35:00+00:00,1.16255,1.16258,1.16245,1.16250,172
2026-09-08T01:40:00+00:00,1.16250,1.16253,1.16248,1.16251,154
2026-09-08T01:45:00+00:00,1.16251,1.16251,1.16245,1.16251,62
2026-09-08T01:50:00+00:00,1.16251,1.16261,1.16251,1.16257,85
2026-09-08T01:55:00+00:00,1.16257,1.16260,1.16251,1.16256,117
2026-09-08T02:00:00+00:00,1.16256,1.16266,1.16254,1.16264,300
2026-09-08T02:05:00+00:00,1.16264,1.16269,1.16259,1.16267,207
2026-09-08T02:10:00+00:00,1.16267,1.16279,1.16260,1.16278,273
2026-09-08T02:15:00+00:00,1.16278,1.16302,1.16272,1.16291,493
2026-09-08T02:20:00+00:00,1.16291,1.16297,1.16279,1.16285,339
2026-09-08T02:25:00+00:00,1.16285,1.16291,1.16271,1.16282,349
2026-09-08T02:30:00+00:00,1.16283,1.16290,1.16271,1.16277,375
2026-09-08T02:35:00+00:00,1.16277,1.16288,1.16273,1.16283,369
2026-09-08T02:40:00+00:00,1.16283,1.16294,1.16279,1.16293,294
2026-09-08T02:45:00+00:00,1.16293,1.16295,1.16285,1.16290,179
2026-09-08T02:50:00+00:00,1.16290,1.16290,1.16264,1.16265,241
2026-09-08T02:55:00+00:00,1.16265,1.16280,1.16264,1.16279,430
2026-09-08T03:00:00+00:00,1.16278,1.16314,1.16271,1.16283,965
2026-09-08T03:05:00+00:00,1.16283,1.16288,1.16274,1.16279,647
2026-09-08T03:10:00+00:00,1.16279,1.16279,1.16247,1.16250,843
2026-09-08T03:15:00+00:00,1.16251,1.16264,1.16240,1.16260,706
2026-09-08T03:20:00+00:00,1.16260,1.16270,1.16250,1.16256,569
2026-09-08T03:25:00+00:00,1.16256,1.16278,1.16254,1.16274,528
2026-09-08T03:30:00+00:00,1.16274,1.16292,1.16271,1.16280,457
2026-09-08T03:35:00+00:00,1.16280,1.16282,1.16265,1.16270,395
2026-09-08T03:40:00+00:00,1.16270,1.16279,1.16261,1.16262,397
2026-09-08T03:45:00+00:00,1.16262,1.16270,1.16256,1.16269,391
2026-09-08T03:50:00+00:00,1.16269,1.16276,1.16260,1.16273,464
2026-09-08T03:55:00+00:00,1.16273,1.16273,1.16260,1.16265,764
2026-09-08T04:00:00+00:00,1.16265,1.16279,1.16259,1.16261,562
2026-09-08T04:05:00+00:00,1.16261,1.16281,1.16257,1.16279,462
2026-09-08T04:10:00+00:00,1.16279,1.16280,1.16265,1.16278,496
2026-09-08T04:15:00+00:00,1.16278,1.16304,1.16275,1.16288,407
2026-09-08T04:20:00+00:00,1.16288,1.16319,1.16285,1.16313,388
2026-09-08T04:25:00+00:00,1.16313,1.16329,1.16312,1.16318,434
2026-09-08T04:30:00+00:00,1.16319,1.16327,1.16305,1.16307,467
2026-09-08T04:35:00+00:00,1.16307,1.16319,1.16302,1.16302,580
2026-09-08T04:40:00+00:00,1.16302,1.16318,1.16296,1.16312,493
2026-09-08T04:45:00+00:00,1.16312,1.16320,1.16308,1.16311,416
2026-09-08T04:50:00+00:00,1.16310,1.16321,1.16303,1.16318,489
2026-09-08T04:55:00+00:00,1.16318,1.16334,1.16313,1.16333,424
2026-09-08T05:00:00+00:00,1.16333,1.16344,1.16328,1.16334,711
2026-09-08T05:05:00+00:00,1.16334,1.16347,1.16322,1.16326,592
2026-09-08T05:10:00+00:00,1.16327,1.16331,1.16305,1.16314,467
2026-09-08T05:15:00+00:00,1.16313,1.16334,1.16312,1.16312,488
2026-09-08T05:20:00+00:00,1.16313,1.16328,1.16305,1.16313,728
2026-09-08T05:25:00+00:00,1.16313,1.16317,1.16275,1.16286,645
2026-09-08T05:30:00+00:00,1.16286,1.16289,1.16263,1.16263,522
2026-09-08T05:35:00+00:00,1.16263,1.16264,1.16238,1.16245,491
2026-09-08T05:40:00+00:00,1.16245,1.16259,1.16243,1.16258,498
2026-09-08T05:45:00+00:00,1.16258,1.16261,1.16246,1.16250,335
2026-09-08T05:50:00+00:00,1.16250,1.16262,1.16239,1.16242,376
2026-09-08T05:55:00+00:00,1.16242,1.16245,1.16236,1.16239,286
2026-09-08T06:00:00+00:00,1.16239,1.16241,1.16230,1.16240,291
2026-09-08T06:05:00+00:00,1.16240,1.16256,1.16239,1.16241,323
2026-09-08T06:10:00+00:00,1.16240,1.16246,1.16232,1.16244,268
2026-09-08T06:15:00+00:00,1.16244,1.16260,1.16239,1.16256,274
2026-09-08T06:20:00+00:00,1.16256,1.16263,1.16246,1.16252,275
2026-09-08T06:25:00+00:00,1.16252,1.16258,1.16251,1.16254,242
2026-09-08T06:30:00+00:00,1.16254,1.16261,1.16240,1.16248,244
2026-09-08T06:35:00+00:00,1.16248,1.16253,1.16243,1.16250,315
2026-09-08T06:40:00+00:00,1.16250,1.16261,1.16248,1.16259,218
2026-09-08T06:45:00+00:00,1.16259,1.16273,1.16255,1.16271,403
2026-09-08T06:50:00+00:00,1.16270,1.16272,1.16244,1.16251,345
2026-09-08T06:55:00+00:00,1.16251,1.16255,1.16239,1.16244,328
2026-09-08T07:00:00+00:00,1.16243,1.16257,1.16239,1.16246,354
2026-09-08T07:05:00+00:00,1.16248,1.16250,1.16238,1.16240,333
2026-09-08T07:10:00+00:00,1.16240,1.16253,1.16239,1.16241,391
2026-09-08T07:15:00+00:00,1.16241,1.16241,1.16229,1.16231,301
2026-09-08T07:20:00+00:00,1.16231,1.16252,1.16224,1.16250,228
2026-09-08T07:25:00+00:00,1.16250,1.16250,1.16229,1.16232,254
2026-09-08T07:30:00+00:00,1.16232,1.16243,1.16232,1.16238,314
2026-09-08T07:35:00+00:00,1.16238,1.16239,1.16231,1.16239,264
2026-09-08T07:40:00+00:00,1.16238,1.16248,1.16238,1.16247,180
2026-09-08T07:45:00+00:00,1.16247,1.16252,1.16243,1.16246,215
2026-09-08T07:50:00+00:00,1.16246,1.16251,1.16234,1.16240,215
2026-09-08T07:55:00+00:00,1.16240,1.16252,1.16230,1.16249,309
2026-09-08T08:00:00+00:00,1.16249,1.16257,1.16245,1.16252,208
2026-09-08T08:05:00+00:00,1.16252,1.16257,1.16247,1.16257,204
2026-09-08T08:10:00+00:00,1.16258,1.16260,1.16251,1.16254,240
2026-09-08T08:15:00+00:00,1.16254,1.16266,1.16253,1.16256,272
2026-09-08T08:20:00+00:00,1.16256,1.16260,1.16235,1.16239,337
2026-09-08T08:25:00+00:00,1.16239,1.16248,1.16236,1.16237,425
2026-09-08T08:30:00+00:00,1.16237,1.16247,1.16233,1.16247,382
2026-09-08T08:35:00+00:00,1.16247,1.16261,1.16246,1.16255,283
2026-09-08T08:40:00+00:00,1.16255,1.16270,1.16254,1.16269,244
2026-09-08T08:45:00+00:00,1.16269,1.16281,1.16266,1.16275,288
2026-09-08T08:50:00+00:00,1.16275,1.16287,1.16272,1.16275,362
2026-09-08T08:55:00+00:00,1.16275,1.16309,1.16275,1.16307,666
2026-09-08T09:00:00+00:00,1.16307,1.16344,1.16299,1.16343,854
2026-09-08T09:05:00+00:00,1.16344,1.16360,1.16312,1.16313,1031
2026-09-08T09:10:00+00:00,1.16312,1.16313,1.16288,1.16302,623
2026-09-08T09:15:00+00:00,1.16302,1.16305,1.16254,1.16254,686
2026-09-08T09:20:00+00:00,1.16255,1.16257,1.16232,1.16257,1010
2026-09-08T09:25:00+00:00,1.16257,1.16266,1.16243,1.16245,793
2026-09-08T09:30:00+00:00,1.16245,1.16252,1.16226,1.16229,790
2026-09-08T09:35:00+00:00,1.16229,1.16233,1.16213,1.16229,645
2026-09-08T09:40:00+00:00,1.16229,1.16259,1.16229,1.16250,479
2026-09-08T09:45:00+00:00,1.16250,1.16251,1.16233,1.16240,365
2026-09-08T09:50:00+00:00,1.16240,1.16251,1.16229,1.16232,448
2026-09-08T09:55:00+00:00,1.16232,1.16234,1.16208,1.16209,577
2026-09-08T10:00:00+00:00,1.16209,1.16232,1.16200,1.16224,830
2026-09-08T10:05:00+00:00,1.16224,1.16234,1.16206,1.16207,752
2026-09-08T10:10:00+00:00,1.16207,1.16207,1.16177,1.16189,897
2026-09-08T10:15:00+00:00,1.16189,1.16192,1.16167,1.16176,971
2026-09-08T10:20:00+00:00,1.16176,1.16179,1.16138,1.16143,746
2026-09-08T10:25:00+00:00,1.16143,1.16159,1.16133,1.16147,606
2026-09-08T10:30:00+00:00,1.16147,1.16166,1.16136,1.16137,511
2026-09-08T10:35:00+00:00,1.16137,1.16146,1.16119,1.16123,495
2026-09-08T10:40:00+00:00,1.16123,1.16126,1.16099,1.16124,785
2026-09-08T10:45:00+00:00,1.16124,1.16139,1.16115,1.16120,557
2026-09-08T10:50:00+00:00,1.16120,1.16131,1.16098,1.16100,662
2026-09-08T10:55:00+00:00,1.16100,1.16128,1.16099,1.16128,797
2026-09-08T11:00:00+00:00,1.16128,1.16146,1.16114,1.16135,922
2026-09-08T11:05:00+00:00,1.16135,1.16165,1.16102,1.16103,875
2026-09-08T11:10:00+00:00,1.16102,1.16126,1.16100,1.16101,977
2026-09-08T11:15:00+00:00,1.16101,1.16113,1.16085,1.16113,787
2026-09-08T11:20:00+00:00,1.16113,1.16133,1.16099,1.16129,615
2026-09-08T11:25:00+00:00,1.16129,1.16152,1.16129,1.16135,580
2026-09-08T11:30:00+00:00,1.16134,1.16159,1.16130,1.16148,614
2026-09-08T11:35:00+00:00,1.16148,1.16151,1.16128,1.16147,615
2026-09-08T11:40:00+00:00,1.16147,1.16148,1.16116,1.16116,553
2026-09-08T11:45:00+00:00,1.16116,1.16144,1.16103,1.16128,1117
2026-09-08T11:50:00+00:00,1.16129,1.16137,1.16109,1.16124,482
2026-09-08T11:55:00+00:00,1.16124,1.16127,1.16097,1.16106,502
2026-09-08T12:00:00+00:00,1.16106,1.16129,1.16091,1.16104,646
2026-09-08T12:05:00+00:00,1.16104,1.16152,1.16097,1.16099,735
2026-09-08T12:10:00+00:00,1.16099,1.16119,1.16099,1.16118,624
2026-09-08T12:15:00+00:00,1.16118,1.16120,1.16108,1.16117,399
2026-09-08T12:20:00+00:00,1.16117,1.16130,1.16110,1.16116,368
2026-09-08T12:25:00+00:00,1.16117,1.16121,1.16107,1.16116,421
2026-09-08T12:30:00+00:00,1.16116,1.16136,1.16108,1.16118,752
2026-09-08T12:35:00+00:00,1.16118,1.16137,1.16116,1.16135,538
2026-09-08T12:40:00+00:00,1.16135,1.16165,1.16133,1.16140,982
2026-09-08T12:45:00+00:00,1.16140,1.16150,1.16119,1.16136,445
2026-09-08T12:50:00+00:00,1.16136,1.16147,1.16128,1.16136,418
2026-09-08T12:55:00+00:00,1.16136,1.16147,1.16130,1.16141,489
2026-09-08T13:00:00+00:00,1.16141,1.16141,1.16114,1.16121,372
2026-09-08T13:05:00+00:00,1.16121,1.16138,1.16116,1.16128,414
2026-09-08T13:10:00+00:00,1.16128,1.16142,1.16124,1.16135,483
2026-09-08T13:15:00+00:00,1.16135,1.16140,1.16114,1.16117,525
2026-09-08T13:20:00+00:00,1.16117,1.16166,1.16111,1.16115,1110
2026-09-08T13:25:00+00:00,1.16115,1.16119,1.16106,1.16116,422
2026-09-08T13:30:00+00:00,1.16116,1.16117,1.16094,1.16103,339
2026-09-08T13:35:00+00:00,1.16103,1.16106,1.16090,1.16100,307
2026-09-08T13:40:00+00:00,1.16100,1.16103,1.16089,1.16094,319
2026-09-08T13:45:00+00:00,1.16094,1.16109,1.16092,1.16107,214
2026-09-08T13:50:00+00:00,1.16107,1.16133,1.16106,1.16121,417
2026-09-08T13:55:00+00:00,1.16121,1.16147,1.16116,1.16125,435
2026-09-08T14:00:00+00:00,1.16124,1.16131,1.16114,1.16121,561
2026-09-08T14:05:00+00:00,1.16121,1.16144,1.16107,1.16109,700
2026-09-08T14:10:00+00:00,1.16109,1.16111,1.16091,1.16108,621
2026-09-08T14:15:00+00:00,1.16108,1.16141,1.16103,1.16140,590
2026-09-08T14:20:00+00:00,1.16140,1.16146,1.16128,1.16144,444
2026-09-08T14:25:00+00:00,1.16144,1.16161,1.16136,1.16154,414
2026-09-08T14:30:00+00:00,1.16154,1.16161,1.16145,1.16153,328
2026-09-08T14:35:00+00:00,1.16153,1.16190,1.16145,1.16173,758
2026-09-08T14:40:00+00:00,1.16173,1.16177,1.16122,1.16130,601
2026-09-08T14:45:00+00:00,1.16131,1.16141,1.16113,1.16138,566
2026-09-08T14:50:00+00:00,1.16138,1.16140,1.16079,1.16099,561
2026-09-08T14:55:00+00:00,1.16098,1.16135,1.16094,1.16133,594
2026-09-08T15:00:00+00:00,1.16134,1.16149,1.16120,1.16143,849
2026-09-08T15:05:00+00:00,1.16144,1.16150,1.16136,1.16144,629
2026-09-08T15:10:00+00:00,1.16144,1.16146,1.16120,1.16128,823
2026-09-08T15:15:00+00:00,1.16128,1.16136,1.16107,1.16135,935
2026-09-08T15:20:00+00:00,1.16134,1.16151,1.16119,1.16140,896
2026-09-08T15:25:00+00:00,1.16140,1.16171,1.16136,1.16164,805
2026-09-08T15:30:00+00:00,1.16164,1.16191,1.16148,1.16185,1204
2026-09-08T15:35:00+00:00,1.16185,1.16186,1.16162,1.16164,961
2026-09-08T15:40:00+00:00,1.16166,1.16174,1.16149,1.16158,1082
2026-09-08T15:45:00+00:00,1.16158,1.16187,1.16148,1.16186,1011
2026-09-08T15:50:00+00:00,1.16186,1.16193,1.16167,1.16190,960
2026-09-08T15:55:00+00:00,1.16190,1.16203,1.16184,1.16203,687
2026-09-08T16:00:00+00:00,1.16203,1.16223,1.16199,1.16222,899
2026-09-08T16:05:00+00:00,1.16223,1.16251,1.16220,1.16244,990
2026-09-08T16:10:00+00:00,1.16244,1.16251,1.16232,1.16238,667
2026-09-08T16:15:00+00:00,1.16238,1.16243,1.16227,1.16234,638
2026-09-08T16:20:00+00:00,1.16234,1.16275,1.16233,1.16251,923
2026-09-08T16:25:00+00:00,1.16251,1.16265,1.16220,1.16224,969
2026-09-08T16:30:00+00:00,1.16224,1.16244,1.16208,1.16208,1280
2026-09-08T16:35:00+00:00,1.16208,1.16231,1.16189,1.16219,966
2026-09-08T16:40:00+00:00,1.16220,1.16225,1.16204,1.16213,1001
2026-09-08T16:45:00+00:00,1.16213,1.16227,1.16197,1.16219,818
2026-09-08T16:50:00+00:00,1.16220,1.16235,1.16209,1.16225,820
2026-09-08T16:55:00+00:00,1.16225,1.16233,1.16210,1.16222,858
2026-09-08T17:00:00+00:00,1.16222,1.16248,1.16220,1.16241,1048
2026-09-08T17:05:00+00:00,1.16241,1.16251,1.16215,1.16215,876
2026-09-08T17:10:00+00:00,1.16214,1.16214,1.16190,1.16198,782
2026-09-08T17:15:00+00:00,1.16198,1.16223,1.16189,1.16216,831
2026-09-08T17:20:00+00:00,1.16216,1.16254,1.16208,1.16251,569
2026-09-08T17:25:00+00:00,1.16251,1.16274,1.16242,1.16260,659
2026-09-08T17:30:00+00:00,1.16260,1.16281,1.16259,1.16276,779
2026-09-08T17:35:00+00:00,1.16276,1.16306,1.16274,1.16294,651
2026-09-08T17:40:00+00:00,1.16294,1.16309,1.16280,1.16304,710
2026-09-08T17:45:00+00:00,1.16304,1.16312,1.16291,1.16297,762
2026-09-08T17:50:00+00:00,1.16297,1.16305,1.16270,1.16281,937
2026-09-08T17:55:00+00:00,1.16281,1.16310,1.16262,1.16310,983
2026-09-08T18:00:00+00:00,1.16310,1.16322,1.16292,1.16311,946
2026-09-08T18:05:00+00:00,1.16311,1.16322,1.16304,1.16320,669
2026-09-08T18:10:00+00:00,1.16320,1.16340,1.16312,1.16313,616
2026-09-08T18:15:00+00:00,1.16313,1.16330,1.16306,1.16315,513
2026-09-08T18:20:00+00:00,1.16314,1.16317,1.16288,1.16305,694
2026-09-08T18:25:00+00:00,1.16305,1.16328,1.16292,1.16296,766
2026-09-08T18:30:00+00:00,1.16296,1.16312,1.16284,1.16285,710
2026-09-08T18:35:00+00:00,1.16285,1.16285,1.16269,1.16275,671
2026-09-08T18:40:00+00:00,1.16275,1.16285,1.16269,1.16276,466
2026-09-08T18:45:00+00:00,1.16276,1.16280,1.16263,1.16271,542
2026-09-08T18:50:00+00:00,1.16271,1.16282,1.16268,1.16273,556
2026-09-08T18:55:00+00:00,1.16273,1.16278,1.16263,1.16263,418
2026-09-08T19:00:00+00:00,1.16263,1.16266,1.16255,1.16263,543
2026-09-08T19:05:00+00:00,1.16263,1.16264,1.16234,1.16235,306
2026-09-08T19:10:00+00:00,1.16235,1.16239,1.16224,1.16224,451
2026-09-08T19:15:00+00:00,1.16224,1.16236,1.16215,1.16220,390
2026-09-08T19:20:00+00:00,1.16220,1.16228,1.16209,1.16215,458
2026-09-08T19:25:00+00:00,1.16215,1.16237,1.16213,1.16234,604
2026-09-08T19:30:00+00:00,1.16234,1.16241,1.16230,1.16235,373
2026-09-08T19:35:00+00:00,1.16235,1.16238,1.16219,1.16226,330
2026-09-08T19:40:00+00:00,1.16226,1.16231,1.16208,1.16214,269
2026-09-08T19:45:00+00:00,1.16214,1.16222,1.16206,1.16221,259
2026-09-08T19:50:00+00:00,1.16221,1.16242,1.16219,1.16224,588
2026-09-08T19:55:00+00:00,1.16225,1.16235,1.16209,1.16234,643
2026-09-08T20:00:00+00:00,1.16234,1.16261,1.16234,1.16258,679
2026-09-08T20:05:00+00:00,1.16258,1.16269,1.16254,1.16262,406
2026-09-08T20:10:00+00:00,1.16262,1.16274,1.16261,1.16264,267
2026-09-08T20:15:00+00:00,1.16264,1.16270,1.16260,1.16266,234
2026-09-08T20:20:00+00:00,1.16266,1.16267,1.16255,1.16266,230
2026-09-08T20:25:00+00:00,1.16266,1.16266,1.16250,1.16261,211
2026-09-08T20:30:00+00:00,1.16262,1.16264,1.16244,1.16245,225
2026-09-08T20:35:00+00:00,1.16245,1.16254,1.16238,1.16249,247
2026-09-08T20:40:00+00:00,1.16249,1.16250,1.16242,1.16243,212
2026-09-08T20:45:00+00:00,1.16243,1.16254,1.16243,1.16250,183
2026-09-08T20:50:00+00:00,1.16250,1.16266,1.16250,1.16254,201
2026-09-08T20:55:00+00:00,1.16254,1.16263,1.16249,1.16261,199
2026-09-08T21:00:00+00:00,1.16261,1.16265,1.16256,1.16260,250
2026-09-08T21:05:00+00:00,1.16260,1.16269,1.16253,1.16259,247
2026-09-08T21:10:00+00:00,1.16259,1.16266,1.16254,1.16256,200
2026-09-08T21:15:00+00:00,1.16256,1.16264,1.16245,1.16254,380
2026-09-08T21:20:00+00:00,1.16254,1.16272,1.16247,1.16270,337
2026-09-08T21:25:00+00:00,1.16270,1.16278,1.16264,1.16277,350
2026-09-08T21:30:00+00:00,1.16277,1.16298,1.16272,1.16295,379
2026-09-08T21:35:00+00:00,1.16295,1.16305,1.16293,1.16299,277
2026-09-08T21:40:00+00:00,1.16299,1.16306,1.16298,1.16306,277
2026-09-08T21:45:00+00:00,1.16306,1.16306,1.16220,1.16226,1568
2026-09-08T21:50:00+00:00,1.16227,1.16266,1.16223,1.16266,1266
2026-09-08T21:55:00+00:00,1.16266,1.16291,1.16254,1.16289,704
2026-09-08T22:00:00+00:00,1.16290,1.16303,1.16273,1.16294,559
2026-09-08T22:05:00+00:00,1.16294,1.16300,1.16263,1.16264,393
2026-09-08T22:10:00+00:00,1.16264,1.16269,1.16248,1.16261,674
2026-09-08T22:15:00+00:00,1.16261,1.16271,1.16257,1.16261,342
2026-09-08T22:20:00+00:00,1.16261,1.16272,1.16256,1.16256,324
2026-09-08T22:25:00+00:00,1.16256,1.16265,1.16253,1.16257,305
2026-09-08T22:30:00+00:00,1.16257,1.16268,1.16249,1.16255,458
2026-09-08T22:35:00+00:00,1.16255,1.16270,1.16248,1.16266,372
2026-09-08T22:40:00+00:00,1.16266,1.16273,1.16263,1.16270,183
2026-09-08T22:45:00+00:00,1.16270,1.16271,1.16255,1.16257,237
2026-09-08T22:50:00+00:00,1.16258,1.16259,1.16239,1.16244,538
2026-09-08T22:55:00+00:00,1.16244,1.16244,1.16224,1.16232,582
2026-09-08T23:00:00+00:00,1.16232,1.16253,1.16232,1.16241,347
2026-09-08T23:05:00+00:00,1.16241,1.16241,1.16226,1.16229,109
2026-09-08T23:10:00+00:00,1.16229,1.16238,1.16227,1.16235,106
2026-09-08T23:15:00+00:00,1.16235,1.16243,1.16233,1.16240,134
2026-09-08T23:20:00+00:00,1.16240,1.16245,1.16239,1.16239,53
2026-09-08T23:25:00+00:00,1.16239,1.16239,1.16218,1.16225,97
2026-09-08T23:30:00+00:00,1.16225,1.16234,1.16217,1.16229,154
2026-09-08T23:35:00+00:00,1.16229,1.16235,1.16229,1.16235,48
2026-09-08T23:40:00+00:00,1.16235,1.16235,1.16225,1.16228,88
2026-09-08T23:45:00+00:00,1.16228,1.16228,1.16222,1.16223,59
2026-09-08T23:50:00+00:00,1.16223,1.16235,1.16222,1.16234,109
2026-09-08T23:55:00+00:00,1.16234,1.16239,1.16228,1.16237,216
2026-09-09T00:00:00+00:00,1.16242,1.16262,1.16237,1.16246,102
2026-09-09T00:05:00+00:00,1.16246,1.16260,1.16241,1.16254,60
2026-09-09T00:10:00+00:00,1.16254,1.16260,1.16254,1.16260,59
2026-09-09T00:15:00+00:00,1.16260,1.16260,1.16245,1.16248,33
2026-09-09T00:20:00+00:00,1.16248,1.16257,1.16241,1.16244,31
2026-09-09T00:25:00+00:00,1.16243,1.16256,1.16229,1.16254,24
2026-09-09T00:30:00+00:00,1.16254,1.16257,1.16246,1.16248,27
2026-09-09T00:35:00+00:00,1.16248,1.16257,1.16238,1.16255,123
2026-09-09T00:40:00+00:00,1.16255,1.16257,1.16237,1.16240,128
2026-09-09T00:45:00+00:00,1.16240,1.16263,1.16240,1.16256,204
2026-09-09T00:50:00+00:00,1.16255,1.16268,1.16254,1.16259,113
2026-09-09T00:55:00+00:00,1.16259,1.16267,1.16258,1.16265,55
2026-09-09T01:00:00+00:00,1.16265,1.16267,1.16243,1.16260,336
2026-09-09T01:05:00+00:00,1.16260,1.16265,1.16257,1.16263,96
2026-09-09T01:10:00+00:00,1.16263,1.16267,1.16259,1.16263,110
2026-09-09T01:15:00+00:00,1.16264,1.16271,1.16263,1.16268,123
2026-09-09T01:20:00+00:00,1.16268,1.16271,1.16263,1.16268,83
2026-09-09T01:25:00+00:00,1.16268,1.16274,1.16266,1.16274,67
2026-09-09T01:30:00+00:00,1.16274,1.16275,1.16260,1.16260,103
2026-09-09T01:35:00+00:00,1.16260,1.16264,1.16258,1.16261,114
2026-09-09T01:40:00+00:00,1.16261,1.16262,1.16254,1.16256,128
2026-09-09T01:45:00+00:00,1.16256,1.16261,1.16255,1.16260,124
2026-09-09T01:50:00+00:00,1.16260,1.16262,1.16252,1.16253,127
2026-09-09T01:55:00+00:00,1.16254,1.16259,1.16252,1.16258,122
2026-09-09T02:00:00+00:00,1.16258,1.16262,1.16252,1.16253,173
2026-09-09T02:05:00+00:00,1.16253,1.16264,1.16252,1.16262,131
2026-09-09T02:10:00+00:00,1.16262,1.16263,1.16257,1.16259,274
2026-09-09T02:15:00+00:00,1.16259,1.16271,1.16259,1.16268,200
2026-09-09T02:20:00+00:00,1.16268,1.16270,1.16257,1.16267,119
2026-09-09T02:25:00+00:00,1.16267,1.16270,1.16264,1.16269,169
2026-09-09T02:30:00+00:00,1.16269,1.16274,1.16257,1.16258,305
2026-09-09T02:35:00+00:00,1.16258,1.16271,1.16257,1.16270,208
2026-09-09T02:40:00+00:00,1.16269,1.16286,1.16269,1.16282,287
2026-09-09T02:45:00+00:00,1.16282,1.16289,1.16273,1.16285,453
2026-09-09T02:50:00+00:00,1.16285,1.16286,1.16267,1.16273,337
2026-09-09T02:55:00+00:00,1.16273,1.16281,1.16268,1.16279,396
2026-09-09T03:00:00+00:00,1.16279,1.16316,1.16278,1.16315,615
2026-09-09T03:05:00+00:00,1.16316,1.16316,1.16296,1.16299,583
2026-09-09T03:10:00+00:00,1.16299,1.16312,1.16295,1.16305,499
2026-09-09T03:15:00+00:00,1.16305,1.16319,1.16299,1.16315,502
2026-09-09T03:20:00+00:00,1.16315,1.16316,1.16300,1.16303,526
2026-09-09T03:25:00+00:00,1.16302,1.16316,1.16300,1.16314,506
2026-09-09T03:30:00+00:00,1.16315,1.16316,1.16297,1.16302,554
2026-09-09T03:35:00+00:00,1.16302,1.16310,1.16296,1.16307,344
2026-09-09T03:40:00+00:00,1.16306,1.16308,1.16298,1.16306,326
2026-09-09T03:45:00+00:00,1.16306,1.16310,1.16299,1.16308,308
2026-09-09T03:50:00+00:00,1.16309,1.16318,1.16298,1.16310,446
2026-09-09T03:55:00+00:00,1.16310,1.16323,1.16302,1.16323,322
2026-09-09T04:00:00+00:00,1.16323,1.16324,1.16288,1.16294,644
2026-09-09T04:05:00+00:00,1.16293,1.16311,1.16288,1.16308,529
2026-09-09T04:10:00+00:00,1.16308,1.16315,1.16307,1.16314,489
2026-09-09T04:15:00+00:00,1.16313,1.16324,1.16304,1.16307,414
2026-09-09T04:20:00+00:00,1.16307,1.16307,1.16278,1.16280,349
2026-09-09T04:25:00+00:00,1.16280,1.16291,1.16277,1.16287,277
2026-09-09T04:30:00+00:00,1.16287,1.16288,1.16276,1.16287,279
2026-09-09T04:35:00+00:00,1.16287,1.16292,1.16280,1.16290,443
2026-09-09T04:40:00+00:00,1.16290,1.16298,1.16286,1.16288,420
2026-09-09T04:45:00+00:00,1.16288,1.16306,1.16288,1.16293,439
2026-09-09T04:50:00+00:00,1.16293,1.16309,1.16293,1.16305,445
2026-09-09T04:55:00+00:00,1.16305,1.16315,1.16300,1.16312,381
2026-09-09T05:00:00+00:00,1.16312,1.16313,1.16296,1.16298,340
2026-09-09T05:05:00+00:00,1.16298,1.16303,1.16286,1.16300,225
2026-09-09T05:10:00+00:00,1.16300,1.16311,1.16293,1.16301,356
2026-09-09T05:15:00+00:00,1.16301,1.16303,1.16294,1.16301,379
2026-09-09T05:20:00+00:00,1.16301,1.16302,1.16281,1.16291,502
2026-09-09T05:25:00+00:00,1.16291,1.16292,1.16279,1.16284,279
2026-09-09T05:30:00+00:00,1.16284,1.16296,1.16281,1.16291,284
2026-09-09T05:35:00+00:00,1.16291,1.16292,1.16282,1.16288,296
2026-09-09T05:40:00+00:00,1.16288,1.16291,1.16285,1.16289,275
2026-09-09T05:45:00+00:00,1.16289,1.16318,1.16288,1.16306,374
2026-09-09T05:50:00+00:00,1.16306,1.16315,1.16301,1.16307,308
2026-09-09T05:55:00+00:00,1.16307,1.16315,1.16299,1.16309,346
2026-09-09T06:00:00+00:00,1.16309,1.16317,1.16304,1.16309,441
2026-09-09T06:05:00+00:00,1.16309,1.16318,1.16301,1.16305,479
2026-09-09T06:10:00+00:00,1.16305,1.16318,1.16302,1.16308,464
2026-09-09T06:15:00+00:00,1.16309,1.16309,1.16298,1.16308,329
2026-09-09T06:20:00+00:00,1.16308,1.16309,1.16299,1.16305,292
2026-09-09T06:25:00+00:00,1.16305,1.16307,1.16298,1.16299,341
2026-09-09T06:30:00+00:00,1.16299,1.16302,1.16290,1.16300,374
2026-09-09T06:35:00+00:00,1.16300,1.16314,1.16300,1.16308,437
2026-09-09T06:40:00+00:00,1.16309,1.16314,1.16306,1.16311,362
2026-09-09T06:45:00+00:00,1.16311,1.16318,1.16311,1.16316,298
2026-09-09T06:50:00+00:00,1.16316,1.16321,1.16305,1.16308,272
2026-09-09T06:55:00+00:00,1.16308,1.16308,1.16296,1.16300,122
2026-09-09T07:00:00+00:00,1.16301,1.16313,1.16296,1.16312,245
2026-09-09T07:05:00+00:00,1.16312,1.16314,1.16306,1.16311,206
2026-09-09T07:10:00+00:00,1.16311,1.16312,1.16301,1.16308,436
2026-09-09T07:15:00+00:00,1.16309,1.16311,1.16302,1.16309,273
2026-09-09T07:20:00+00:00,1.16309,1.16322,1.16300,1.16314,348
2026-09-09T07:25:00+00:00,1.16314,1.16334,1.16314,1.16326,269
2026-09-09T07:30:00+00:00,1.16326,1.16332,1.16319,1.16321,238
2026-09-09T07:35:00+00:00,1.16321,1.16327,1.16317,1.16319,289
2026-09-09T07:40:00+00:00,1.16319,1.16321,1.16310,1.16313,288
2026-09-09T07:45:00+00:00,1.16313,1.16320,1.16308,1.16314,284
2026-09-09T07:50:00+00:00,1.16314,1.16323,1.16313,1.16317,238
2026-09-09T07:55:00+00:00,1.16317,1.16329,1.16317,1.16328,366
2026-09-09T08:00:00+00:00,1.16328,1.16335,1.16319,1.16333,332
2026-09-09T08:05:00+00:00,1.16333,1.16349,1.16333,1.16348,389
2026-09-09T08:10:00+00:00,1.16348,1.16351,1.16336,1.16339,395
2026-09-09T08:15:00+00:00,1.16339,1.16349,1.16333,1.16348,362
2026-09-09T08:20:00+00:00,1.16348,1.16353,1.16344,1.16349,281
2026-09-09T08:25:00+00:00,1.16349,1.16368,1.16344,1.16358,526
2026-09-09T08:30:00+00:00,1.16358,1.16364,1.16339,1.16343,270
2026-09-09T08:35:00+00:00,1.16343,1.16347,1.16334,1.16344,267
2026-09-09T08:40:00+00:00,1.16344,1.16345,1.16331,1.16333,365
2026-09-09T08:45:00+00:00,1.16333,1.16339,1.16320,1.16338,400
2026-09-09T08:50:00+00:00,1.16338,1.16343,1.16328,1.16343,354
2026-09-09T08:55:00+00:00,1.16343,1.16351,1.16342,1.16342,303
2026-09-09T09:00:00+00:00,1.16342,1.16382,1.16342,1.16375,666
2026-09-09T09:05:00+00:00,1.16375,1.16378,1.16358,1.16359,404
2026-09-09T09:10:00+00:00,1.16359,1.16408,1.16353,1.16405,604
2026-09-09T09:15:00+00:00,1.16405,1.16450,1.16404,1.16448,680
2026-09-09T09:20:00+00:00,1.16448,1.16448,1.16416,1.16428,799
2026-09-09T09:25:00+00:00,1.16428,1.16429,1.16401,1.16402,785
2026-09-09T09:30:00+00:00,1.16402,1.16416,1.16388,1.16413,755
2026-09-09T09:35:00+00:00,1.16412,1.16423,1.16407,1.16412,526
2026-09-09T09:40:00+00:00,1.16412,1.16412,1.16372,1.16377,733
2026-09-09T09:45:00+00:00,1.16377,1.16390,1.16370,1.16386,378
2026-09-09T09:50:00+00:00,1.16386,1.16392,1.16371,1.16392,414
2026-09-09T09:55:00+00:00,1.16391,1.16398,1.16382,1.16383,537
2026-09-09T10:00:00+00:00,1.16383,1.16415,1.16383,1.16398,891
2026-09-09T10:05:00+00:00,1.16398,1.16409,1.16394,1.16408,888
2026-09-09T10:10:00+00:00,1.16408,1.16454,1.16407,1.16442,715
2026-09-09T10:15:00+00:00,1.16442,1.16456,1.16430,1.16431,905
2026-09-09T10:20:00+00:00,1.16431,1.16433,1.16377,1.16389,760
2026-09-09T10:25:00+00:00,1.16389,1.16398,1.16377,1.16393,730
2026-09-09T10:30:00+00:00,1.16393,1.16407,1.16374,1.16385,665
2026-09-09T10:35:00+00:00,1.16386,1.16423,1.16385,1.16420,595
2026-09-09T10:40:00+00:00,1.16420,1.16447,1.16417,1.16447,664
2026-09-09T10:45:00+00:00,1.16447,1.16494,1.16442,1.16461,821
2026-09-09T10:50:00+00:00,1.16461,1.16461,1.16430,1.16432,688
2026-09-09T10:55:00+00:00,1.16432,1.16439,1.16418,1.16427,848
2026-09-09T11:00:00+00:00,1.16427,1.16431,1.16382,1.16387,864
2026-09-09T11:05:00+00:00,1.16387,1.16395,1.16363,1.16365,831
2026-09-09T11:10:00+00:00,1.16365,1.16396,1.16361,1.16388,804
2026-09-09T11:15:00+00:00,1.16388,1.16395,1.16367,1.16390,757
2026-09-09T11:20:00+00:00,1.16390,1.16396,1.16368,1.16375,529
2026-09-09T11:25:00+00:00,1.16375,1.16379,1.16359,1.16367,619
2026-09-09T11:30:00+00:00,1.16368,1.16372,1.16355,1.16365,811
2026-09-09T11:35:00+00:00,1.16365,1.16368,1.16349,1.16356,483
2026-09-09T11:40:00+00:00,1.16356,1.16364,1.16338,1.16346,752
2026-09-09T11:45:00+00:00,1.16346,1.16369,1.16344,1.16361,600
2026-09-09T11:50:00+00:00,1.16361,1.16363,1.16344,1.16344,453
2026-09-09T11:55:00+00:00,1.16344,1.16352,1.16325,1.16327,414
2026-09-09T12:00:00+00:00,1.16327,1.16336,1.16316,1.16335,600
2026-09-09T12:05:00+00:00,1.16335,1.16340,1.16328,1.16337,400
2026-09-09T12:10:00+00:00,1.16337,1.16337,1.16305,1.16312,568
2026-09-09T12:15:00+00:00,1.16311,1.16337,1.16310,1.16331,552
2026-09-09T12:20:00+00:00,1.16331,1.16342,1.16323,1.16336,587
2026-09-09T12:25:00+00:00,1.16336,1.16347,1.16325,1.16331,652
2026-09-09T12:30:00+00:00,1.16330,1.16342,1.16319,1.16328,471
2026-09-09T12:35:00+00:00,1.16328,1.16331,1.16310,1.16322,536
2026-09-09T12:40:00+00:00,1.16322,1.16331,1.16299,1.16300,477
2026-09-09T12:45:00+00:00,1.16300,1.16304,1.16275,1.16279,552
2026-09-09T12:50:00+00:00,1.16278,1.16279,1.16234,1.16237,822
2026-09-09T12:55:00+00:00,1.16237,1.16248,1.16224,1.16236,903
2026-09-09T13:00:00+00:00,1.16236,1.16251,1.16218,1.16243,796
2026-09-09T13:05:00+00:00,1.16243,1.16261,1.16241,1.16252,566
2026-09-09T13:10:00+00:00,1.16252,1.16283,1.16247,1.16250,652
2026-09-09T13:15:00+00:00,1.16250,1.16259,1.16236,1.16258,642
2026-09-09T13:20:00+00:00,1.16258,1.16274,1.16257,1.16260,476
2026-09-09T13:25:00+00:00,1.16261,1.16272,1.16255,1.16265,560
2026-09-09T13:30:00+00:00,1.16265,1.16293,1.16261,1.16293,480
2026-09-09T13:35:00+00:00,1.16292,1.16316,1.16290,1.16302,551
2026-09-09T13:40:00+00:00,1.16303,1.16305,1.16277,1.16278,529
2026-09-09T13:45:00+00:00,1.16278,1.16318,1.16277,1.16313,498
2026-09-09T13:50:00+00:00,1.16313,1.16335,1.16308,1.16308,570
2026-09-09T13:55:00+00:00,1.16308,1.16310,1.16294,1.16303,511
2026-09-09T14:00:00+00:00,1.16303,1.16324,1.16300,1.16324,375
2026-09-09T14:05:00+00:00,1.16324,1.16334,1.16319,1.16330,531
2026-09-09T14:10:00+00:00,1.16330,1.16334,1.16320,1.16331,597
2026-09-09T14:15:00+00:00,1.16331,1.16381,1.16321,1.16376,634
2026-09-09T14:20:00+00:00,1.16376,1.16410,1.16374,1.16405,594
2026-09-09T14:25:00+00:00,1.16405,1.16479,1.16401,1.16477,773
2026-09-09T14:30:00+00:00,1.16477,1.16479,1.16424,1.16464,929
2026-09-09T14:35:00+00:00,1.16464,1.16468,1.16423,1.16429,569
2026-09-09T14:40:00+00:00,1.16429,1.16459,1.16429,1.16437,437
2026-09-09T14:45:00+00:00,1.16437,1.16483,1.16428,1.16477,956
2026-09-09T14:50:00+00:00,1.16477,1.16490,1.16441,1.16443,1004
2026-09-09T14:55:00+00:00,1.16443,1.16462,1.16430,1.16456,979
2026-09-09T15:00:00+00:00,1.16457,1.16499,1.16457,1.16492,964
2026-09-09T15:05:00+00:00,1.16493,1.16520,1.16479,1.16518,900
2026-09-09T15:10:00+00:00,1.16518,1.16543,1.16515,1.16524,873
2026-09-09T15:15:00+00:00,1.16524,1.16525,1.16508,1.16522,622
2026-09-09T15:20:00+00:00,1.16522,1.16524,1.16478,1.16488,870
2026-09-09T15:25:00+00:00,1.16488,1.16494,1.16457,1.16468,892
2026-09-09T15:30:00+00:00,1.16468,1.16472,1.16452,1.16462,774
2026-09-09T15:35:00+00:00,1.16462,1.16489,1.16455,1.16479,811
2026-09-09T15:40:00+00:00,1.16479,1.16483,1.16463,1.16464,643
2026-09-09T15:45:00+00:00,1.16464,1.16480,1.16433,1.16434,625
2026-09-09T15:50:00+00:00,1.16434,1.16456,1.16426,1.16440,623
2026-09-09T15:55:00+00:00,1.16440,1.16465,1.16439,1.16465,580
2026-09-09T16:00:00+00:00,1.16465,1.16488,1.16459,1.16477,901
2026-09-09T16:05:00+00:00,1.16477,1.16481,1.16465,1.16470,572
2026-09-09T16:10:00+00:00,1.16470,1.16485,1.16460,1.16481,668
2026-09-09T16:15:00+00:00,1.16481,1.16481,1.16448,1.16471,638
2026-09-09T16:20:00+00:00,1.16471,1.16471,1.16451,1.16470,620
2026-09-09T16:25:00+00:00,1.16470,1.16479,1.16464,1.16475,725
2026-09-09T16:30:00+00:00,1.16475,1.16495,1.16468,1.16489,943
2026-09-09T16:35:00+00:00,1.16489,1.16494,1.16461,1.16478,779
2026-09-09T16:40:00+00:00,1.16480,1.16492,1.16451,1.16486,884
2026-09-09T16:45:00+00:00,1.16486,1.16500,1.16478,1.16485,797
2026-09-09T16:50:00+00:00,1.16485,1.16494,1.16459,1.16461,758
2026-09-09T16:55:00+00:00,1.16462,1.16479,1.16456,1.16474,995
2026-09-09T17:00:00+00:00,1.16474,1.16500,1.16465,1.16494,931
2026-09-09T17:05:00+00:00,1.16494,1.16511,1.16487,1.16494,1009
2026-09-09T17:10:00+00:00,1.16494,1.16525,1.16484,1.16524,980
2026-09-09T17:15:00+00:00,1.16524,1.16530,1.16491,1.16502,1159
2026-09-09T17:20:00+00:00,1.16500,1.16502,1.16450,1.16451,1068
2026-09-09T17:25:00+00:00,1.16451,1.16474,1.16450,1.16470,1438
2026-09-09T17:30:00+00:00,1.16470,1.16470,1.16449,1.16454,921
2026-09-09T17:35:00+00:00,1.16454,1.16471,1.16446,1.16462,715
2026-09-09T17:40:00+00:00,1.16462,1.16463,1.16444,1.16454,727
2026-09-09T17:45:00+00:00,1.16454,1.16461,1.16445,1.16455,706
2026-09-09T17:50:00+00:00,1.16455,1.16476,1.16454,1.16469,754
2026-09-09T17:55:00+00:00,1.16470,1.16485,1.16459,1.16480,1003
2026-09-09T18:00:00+00:00,1.16479,1.16516,1.16351,1.16357,2910
2026-09-09T18:05:00+00:00,1.16357,1.16367,1.16277,1.16319,2395
2026-09-09T18:10:00+00:00,1.16319,1.16319,1.16229,1.16235,1593
2026-09-09T18:15:00+00:00,1.16235,1.16251,1.16211,1.16224,1569
2026-09-09T18:20:00+00:00,1.16224,1.16247,1.16201,1.16209,1197
2026-09-09T18:25:00+00:00,1.16210,1.16256,1.16210,1.16251,1388
2026-09-09T18:30:00+00:00,1.16251,1.16260,1.16235,1.16259,964
2026-09-09T18:35:00+00:00,1.16259,1.16349,1.16258,1.16341,1405
2026-09-09T18:40:00+00:00,1.16342,1.16345,1.16302,1.16313,867
2026-09-09T18:45:00+00:00,1.16313,1.16322,1.16273,1.16288,896
2026-09-09T18:50:00+00:00,1.16288,1.16329,1.16284,1.16287,969
2026-09-09T18:55:00+00:00,1.16287,1.16289,1.16252,1.16270,894
2026-09-09T19:00:00+00:00,1.16271,1.16335,1.16270,1.16333,924
2026-09-09T19:05:00+00:00,1.16333,1.16340,1.16278,1.16288,1027
2026-09-09T19:10:00+00:00,1.16288,1.16302,1.16281,1.16298,817
2026-09-09T19:15:00+00:00,1.16298,1.16301,1.16269,1.16284,728
2026-09-09T19:20:00+00:00,1.16284,1.16296,1.16270,1.16290,834
2026-09-09T19:25:00+00:00,1.16291,1.16301,1.16281,1.16295,845
2026-09-09T19:30:00+00:00,1.16295,1.16316,1.16287,1.16312,700
2026-09-09T19:35:00+00:00,1.16312,1.16338,1.16309,1.16336,497
2026-09-09T19:40:00+00:00,1.16336,1.16359,1.16334,1.16350,407
2026-09-09T19:45:00+00:00,1.16350,1.16391,1.16347,1.16386,455
2026-09-09T19:50:00+00:00,1.16386,1.16397,1.16371,1.16377,480
2026-09-09T19:55:00+00:00,1.16377,1.16377,1.16356,1.16359,443
2026-09-09T20:00:00+00:00,1.16359,1.16384,1.16350,1.16381,954
2026-09-09T20:05:00+00:00,1.16381,1.16413,1.16381,1.16399,758
2026-09-09T20:10:00+00:00,1.16398,1.16399,1.16382,1.16382,454
2026-09-09T20:15:00+00:00,1.16382,1.16392,1.16374,1.16383,437
2026-09-09T20:20:00+00:00,1.16383,1.16403,1.16382,1.16401,440
2026-09-09T20:25:00+00:00,1.16401,1.16408,1.16396,1.16404,378
2026-09-09T20:30:00+00:00,1.16404,1.16405,1.16384,1.16387,399
2026-09-09T20:35:00+00:00,1.16387,1.16387,1.16363,1.16371,432
2026-09-09T20:40:00+00:00,1.16371,1.16394,1.16371,1.16384,385
2026-09-09T20:45:00+00:00,1.16383,1.16389,1.16382,1.16383,347
2026-09-09T20:50:00+00:00,1.16384,1.16385,1.16377,1.16378,230
2026-09-09T20:55:00+00:00,1.16378,1.16389,1.16378,1.16382,220
2026-09-09T21:00:00+00:00,1.16382,1.16397,1.16380,1.16387,436
2026-09-09T21:05:00+00:00,1.16387,1.16391,1.16373,1.16378,216
2026-09-09T21:10:00+00:00,1.16378,1.16391,1.16377,1.16381,231
2026-09-09T21:15:00+00:00,1.16381,1.16382,1.16356,1.16358,222
2026-09-09T21:20:00+00:00,1.16358,1.16365,1.16350,1.16360,221
2026-09-09T21:25:00+00:00,1.16360,1.16369,1.16351,1.16357,307
2026-09-09T21:30:00+00:00,1.16357,1.16359,1.16333,1.16340,477
2026-09-09T21:35:00+00:00,1.16341,1.16341,1.16328,1.16331,321
2026-09-09T21:40:00+00:00,1.16331,1.16335,1.16307,1.16308,292
2026-09-09T21:45:00+00:00,1.16308,1.16310,1.16294,1.16295,215
2026-09-09T21:50:00+00:00,1.16295,1.16301,1.16284,1.16286,315
2026-09-09T21:55:00+00:00,1.16286,1.16295,1.16280,1.16293,508
2026-09-09T22:00:00+00:00,1.16294,1.16300,1.16267,1.16269,422
2026-09-09T22:05:00+00:00,1.16269,1.16278,1.16257,1.16272,449
2026-09-09T22:10:00+00:00,1.16272,1.16275,1.16260,1.16267,323
2026-09-09T22:15:00+00:00,1.16267,1.16279,1.16263,1.16274,404
2026-09-09T22:20:00+00:00,1.16274,1.16296,1.16274,1.16280,326
2026-09-09T22:25:00+00:00,1.16280,1.16284,1.16274,1.16275,272
2026-09-09T22:30:00+00:00,1.16275,1.16283,1.16270,1.16281,345
2026-09-09T22:35:00+00:00,1.16281,1.16292,1.16279,1.16290,256
2026-09-09T22:40:00+00:00,1.16290,1.16299,1.16289,1.16298,304
2026-09-09T22:45:00+00:00,1.16299,1.16316,1.16298,1.16311,325
2026-09-09T22:50:00+00:00,1.16311,1.16311,1.16299,1.16306,430
2026-09-09T22:55:00+00:00,1.16306,1.16316,1.16300,1.16311,522
2026-09-09T23:00:00+00:00,1.16311,1.16312,1.16287,1.16291,285
2026-09-09T23:05:00+00:00,1.16291,1.16297,1.16283,1.16286,74
2026-09-09T23:10:00+00:00,1.16286,1.16292,1.16285,1.16291,32
2026-09-09T23:15:00+00:00,1.16291,1.16292,1.16278,1.16281,104
2026-09-09T23:20:00+00:00,1.16281,1.16290,1.16281,1.16289,44
2026-09-09T23:25:00+00:00,1.16289,1.16294,1.16288,1.16294,82
2026-09-09T23:30:00+00:00,1.16294,1.16311,1.16294,1.16305,185
2026-09-09T23:35:00+00:00,1.16305,1.16317,1.16305,1.16308,85
2026-09-09T23:40:00+00:00,1.16308,1.16315,1.16308,1.16312,75
2026-09-09T23:45:00+00:00,1.16312,1.16325,1.16312,1.16323,250
2026-09-09T23:50:00+00:00,1.16323,1.16337,1.16322,1.16328,125
2026-09-09T23:55:00+00:00,1.16328,1.16337,1.16320,1.16334,267
2026-09-10T00:00:00+00:00,1.16334,1.16339,1.16287,1.16319,166
2026-09-10T00:05:00+00:00,1.16319,1.16365,1.16256,1.16355,89
2026-09-10T00:10:00+00:00,1.16355,1.16363,1.16331,1.16361,118
2026-09-10T00:15:00+00:00,1.16361,1.16361,1.16342,1.16347,41
2026-09-10T00:20:00+00:00,1.16349,1.16361,1.16345,1.16354,35
2026-09-10T00:25:00+00:00,1.16354,1.16356,1.16349,1.16355,21
2026-09-10T00:30:00+00:00,1.16349,1.16353,1.16349,1.16351,16
2026-09-10T00:35:00+00:00,1.16351,1.16354,1.16349,1.16353,43
2026-09-10T00:40:00+00:00,1.16353,1.16359,1.16352,1.16355,33
2026-09-10T00:45:00+00:00,1.16355,1.16357,1.16353,1.16355,57
2026-09-10T00:50:00+00:00,1.16355,1.16359,1.16350,1.16356,77
2026-09-10T00:55:00+00:00,1.16356,1.16356,1.16345,1.16349,132
2026-09-10T01:00:00+00:00,1.16348,1.16372,1.16335,1.16337,109
2026-09-10T01:05:00+00:00,1.16337,1.16353,1.16335,1.16353,30
2026-09-10T01:10:00+00:00,1.16353,1.16363,1.16352,1.16356,127
2026-09-10T01:15:00+00:00,1.16356,1.16370,1.16356,1.16369,105
2026-09-10T01:20:00+00:00,1.16369,1.16384,1.16369,1.16378,148
2026-09-10T01:25:00+00:00,1.16379,1.16385,1.16378,1.16380,248
2026-09-10T01:30:00+00:00,1.16380,1.16384,1.16367,1.16368,125
2026-09-10T01:35:00+00:00,1.16368,1.16369,1.16362,1.16363,150
2026-09-10T01:40:00+00:00,1.16363,1.16379,1.16362,1.16376,232
2026-09-10T01:45:00+00:00,1.16377,1.16377,1.16368,1.16369,278
2026-09-10T01:50:00+00:00,1.16368,1.16374,1.16367,1.16371,225
2026-09-10T01:55:00+00:00,1.16371,1.16381,1.16365,1.16377,339
2026-09-10T02:00:00+00:00,1.16377,1.16382,1.16373,1.16373,200
2026-09-10T02:05:00+00:00,1.16373,1.16375,1.16368,1.16368,47
2026-09-10T02:10:00+00:00,1.16368,1.16378,1.16368,1.16378,159
2026-09-10T02:15:00+00:00,1.16378,1.16381,1.16376,1.16377,70
2026-09-10T02:20:00+00:00,1.16376,1.16377,1.16366,1.16366,136
2026-09-10T02:25:00+00:00,1.16366,1.16373,1.16366,1.16368,104
2026-09-10T02:30:00+00:00,1.16368,1.16374,1.16361,1.16363,150
2026-09-10T02:35:00+00:00,1.16363,1.16367,1.16361,1.16363,120
2026-09-10T02:40:00+00:00,1.16363,1.16367,1.16350,1.16361,161
2026-09-10T02:45:00+00:00,1.16362,1.16362,1.16345,1.16352,121
2026-09-10T02:50:00+00:00,1.16352,1.16354,1.16335,1.16337,196
2026-09-10T02:55:00+00:00,1.16337,1.16341,1.16329,1.16340,252
2026-09-10T03:00:00+00:00,1.16340,1.16342,1.16319,1.16322,574
2026-09-10T03:05:00+00:00,1.16322,1.16329,1.16311,1.16327,563
2026-09-10T03:10:00+00:00,1.16327,1.16344,1.16321,1.16337,466
2026-09-10T03:15:00+00:00,1.16336,1.16346,1.16331,1.16333,317
2026-09-10T03:20:00+00:00,1.16334,1.16345,1.16314,1.16318,382
2026-09-10T03:25:00+00:00,1.16318,1.16330,1.16306,1.16307,427
2026-09-10T03:30:00+00:00,1.16307,1.16315,1.16295,1.16300,447
2026-09-10T03:35:00+00:00,1.16301,1.16323,1.16298,1.16321,417
2026-09-10T03:40:00+00:00,1.16321,1.16323,1.16310,1.16320,321
2026-09-10T03:45:00+00:00,1.16320,1.16328,1.16311,1.16327,393
2026-09-10T03:50:00+00:00,1.16327,1.16340,1.16314,1.16322,697
2026-09-10T03:55:00+00:00,1.16322,1.16331,1.16308,1.16311,472
2026-09-10T04:00:00+00:00,1.16311,1.16334,1.16308,1.16324,577
2026-09-10T04:05:00+00:00,1.16324,1.16352,1.16324,1.16351,585
2026-09-10T04:10:00+00:00,1.16352,1.16356,1.16331,1.16353,501
2026-09-10T04:15:00+00:00,1.16353,1.16364,1.16341,1.16356,559
2026-09-10T04:20:00+00:00,1.16356,1.16356,1.16336,1.16337,409
2026-09-10T04:25:00+00:00,1.16337,1.16337,1.16322,1.16323,499
2026-09-10T04:30:00+00:00,1.16323,1.16342,1.16320,1.16342,461
2026-09-10T04:35:00+00:00,1.16342,1.16344,1.16330,1.16338,450
2026-09-10T04:40:00+00:00,1.16338,1.16341,1.16330,1.16340,343
2026-09-10T04:45:00+00:00,1.16340,1.16355,1.16336,1.16347,301
2026-09-10T04:50:00+00:00,1.16347,1.16385,1.16345,1.16378,362
2026-09-10T04:55:00+00:00,1.16378,1.16401,1.16377,1.16396,657
2026-09-10T05:00:00+00:00,1.16396,1.16411,1.16391,1.16396,720
2026-09-10T05:05:00+00:00,1.16396,1.16400,1.16388,1.16393,452
2026-09-10T05:10:00+00:00,1.16393,1.16393,1.16376,1.16382,432
2026-09-10T05:15:00+00:00,1.16382,1.16385,1.16362,1.16373,295
2026-09-10T05:20:00+00:00,1.16373,1.16377,1.16360,1.16363,328
2026-09-10T05:25:00+00:00,1.16363,1.16370,1.16361,1.16364,262
2026-09-10T05:30:00+00:00,1.16364,1.16364,1.16341,1.16347,337
2026-09-10T05:35:00+00:00,1.16347,1.16373,1.16345,1.16366,393
2026-09-10T05:40:00+00:00,1.16367,1.16378,1.16361,1.16363,288
2026-09-10T05:45:00+00:00,1.16362,1.16376,1.16357,1.16372,308
2026-09-10T05:50:00+00:00,1.16372,1.16381,1.16366,1.16378,314
2026-09-10T05:55:00+00:00,1.16378,1.16399,1.16375,1.16399,274
2026-09-10T06:00:00+00:00,1.16399,1.16402,1.16387,1.16396,359
2026-09-10T06:05:00+00:00,1.16396,1.16397,1.16368,1.16371,255
2026-09-10T06:10:00+00:00,1.16372,1.16376,1.16366,1.16367,287
2026-09-10T06:15:00+00:00,1.16368,1.16374,1.16362,1.16373,267
2026-09-10T06:20:00+00:00,1.16373,1.16374,1.16363,1.16371,260
2026-09-10T06:25:00+00:00,1.16371,1.16378,1.16368,1.16374,398
2026-09-10T06:30:00+00:00,1.16374,1.16379,1.16371,1.16378,303
2026-09-10T06:35:00+00:00,1.16378,1.16379,1.16370,1.16370,153
2026-09-10T06:40:00+00:00,1.16370,1.16370,1.16363,1.16369,139
2026-09-10T06:45:00+00:00,1.16369,1.16379,1.16369,1.16378,119
2026-09-10T06:50:00+00:00,1.16378,1.16378,1.16371,1.16372,99
2026-09-10T06:55:00+00:00,1.16372,1.16389,1.16371,1.16387,132
2026-09-10T07:00:00+00:00,1.16387,1.16389,1.16376,1.16381,151
2026-09-10T07:05:00+00:00,1.16381,1.16393,1.16380,1.16386,208
2026-09-10T07:10:00+00:00,1.16385,1.16404,1.16385,1.16393,304
2026-09-10T07:15:00+00:00,1.16393,1.16399,1.16392,1.16393,141
2026-09-10T07:20:00+00:00,1.16393,1.16394,1.16381,1.16381,261
2026-09-10T07:25:00+00:00,1.16381,1.16384,1.16377,1.16378,308
2026-09-10T07:30:00+00:00,1.16378,1.16388,1.16377,1.16382,293
2026-09-10T07:35:00+00:00,1.16382,1.16390,1.16380,1.16388,299
2026-09-10T07:40:00+00:00,1.16388,1.16391,1.16378,1.16378,337
2026-09-10T07:45:00+00:00,1.16378,1.16383,1.16374,1.16379,146
2026-09-10T07:50:00+00:00,1.16379,1.16379,1.16363,1.16363,286
2026-09-10T07:55:00+00:00,1.16364,1.16372,1.16362,1.16368,255
2026-09-10T08:00:00+00:00,1.16369,1.16382,1.16368,1.16376,442
2026-09-10T08:05:00+00:00,1.16376,1.16378,1.16370,1.16371,218
2026-09-10T08:10:00+00:00,1.16371,1.16383,1.16370,1.16383,208
2026-09-10T08:15:00+00:00,1.16383,1.16390,1.16378,1.16383,297
2026-09-10T08:20:00+00:00,1.16383,1.16388,1.16380,1.16385,269
2026-09-10T08:25:00+00:00,1.16385,1.16388,1.16378,1.16388,253
2026-09-10T08:30:00+00:00,1.16388,1.16403,1.16384,1.16399,387
2026-09-10T08:35:00+00:00,1.16399,1.16401,1.16377,1.16378,274
2026-09-10T08:40:00+00:00,1.16378,1.16390,1.16372,1.16374,372
2026-09-10T08:45:00+00:00,1.16374,1.16393,1.16374,1.16385,460
2026-09-10T08:50:00+00:00,1.16385,1.16406,1.16385,1.16398,267
2026-09-10T08:55:00+00:00,1.16398,1.16403,1.16396,1.16401,248
2026-09-10T09:00:00+00:00,1.16401,1.16401,1.16391,1.16398,327
2026-09-10T09:05:00+00:00,1.16396,1.16400,1.16392,1.16397,263
2026-09-10T09:10:00+00:00,1.16397,1.16397,1.16376,1.16382,323
2026-09-10T09:15:00+00:00,1.16382,1.16395,1.16376,1.16392,403
2026-09-10T09:20:00+00:00,1.16392,1.16396,1.16380,1.16389,386
2026-09-10T09:25:00+00:00,1.16389,1.16398,1.16387,1.16397,259
2026-09-10T09:30:00+00:00,1.16397,1.16400,1.16379,1.16397,436
2026-09-10T09:35:00+00:00,1.16397,1.16399,1.16393,1.16398,281
2026-09-10T09:40:00+00:00,1.16398,1.16399,1.16378,1.16381,353
2026-09-10T09:45:00+00:00,1.16382,1.16397,1.16382,1.16392,271
2026-09-10T09:50:00+00:00,1.16392,1.16396,1.16365,1.16395,443
2026-09-10T09:55:00+00:00,1.16395,1.16402,1.16391,1.16399,475
2026-09-10T10:00:00+00:00,1.16398,1.16399,1.16366,1.16369,725
2026-09-10T10:05:00+00:00,1.16369,1.16371,1.16356,1.16366,462
2026-09-10T10:10:00+00:00,1.16366,1.16382,1.16362,1.16379,419
2026-09-10T10:15:00+00:00,1.16379,1.16390,1.16372,1.16387,328
2026-09-10T10:20:00+00:00,1.16387,1.16396,1.16383,1.16394,378
2026-09-10T10:25:00+00:00,1.16394,1.16396,1.16377,1.16389,439
2026-09-10T10:30:00+00:00,1.16389,1.16417,1.16389,1.16408,569
2026-09-10T10:35:00+00:00,1.16408,1.16419,1.16386,1.16392,496
2026-09-10T10:40:00+00:00,1.16392,1.16411,1.16386,1.16408,388
2026-09-10T10:45:00+00:00,1.16408,1.16412,1.16387,1.16390,410
2026-09-10T10:50:00+00:00,1.16390,1.16413,1.16389,1.16413,378
2026-09-10T10:55:00+00:00,1.16413,1.16414,1.16391,1.16398,571
2026-09-10T11:00:00+00:00,1.16398,1.16400,1.16369,1.16372,596
2026-09-10T11:05:00+00:00,1.16373,1.16376,1.16361,1.16370,482
2026-09-10T11:10:00+00:00,1.16370,1.16374,1.16354,1.16357,626
2026-09-10T11:15:00+00:00,1.16357,1.16374,1.16354,1.16372,538
2026-09-10T11:20:00+00:00,1.16371,1.16382,1.16369,1.16381,451
2026-09-10T11:25:00+00:00,1.16380,1.16387,1.16369,1.16386,508
2026-09-10T11:30:00+00:00,1.16386,1.16389,1.16356,1.16384,495
2026-09-10T11:35:00+00:00,1.16385,1.16396,1.16378,1.16379,398
2026-09-10T11:40:00+00:00,1.16380,1.16384,1.16360,1.16365,395
2026-09-10T11:45:00+00:00,1.16365,1.16378,1.16365,1.16368,316
2026-09-10T11:50:00+00:00,1.16368,1.16384,1.16358,1.16365,493
2026-09-10T11:55:00+00:00,1.16365,1.16380,1.16343,1.16378,627
2026-09-10T12:00:00+00:00,1.16378,1.16392,1.16373,1.16377,503
2026-09-10T12:05:00+00:00,1.16377,1.16390,1.16370,1.16383,367
2026-09-10T12:10:00+00:00,1.16383,1.16403,1.16378,1.16402,474
2026-09-10T12:15:00+00:00,1.16402,1.16404,1.16389,1.16391,349
2026-09-10T12:20:00+00:00,1.16391,1.16392,1.16363,1.16363,407
2026-09-10T12:25:00+00:00,1.16363,1.16376,1.16352,1.16369,452
2026-09-10T12:30:00+00:00,1.16369,1.16369,1.16336,1.16348,631
2026-09-10T12:35:00+00:00,1.16348,1.16348,1.16333,1.16341,429
2026-09-10T12:40:00+00:00,1.16341,1.16345,1.16313,1.16331,579
2026-09-10T12:45:00+00:00,1.16331,1.16344,1.16320,1.16328,519
2026-09-10T12:50:00+00:00,1.16328,1.16336,1.16313,1.16329,518
2026-09-10T12:55:00+00:00,1.16329,1.16351,1.16329,1.16347,559
2026-09-10T13:00:00+00:00,1.16346,1.16372,1.16335,1.16368,425
2026-09-10T13:05:00+00:00,1.16368,1.16381,1.16359,1.16370,546
2026-09-10T13:10:00+00:00,1.16370,1.16375,1.16349,1.16353,538
2026-09-10T13:15:00+00:00,1.16353,1.16362,1.16342,1.16342,358
2026-09-10T13:20:00+00:00,1.16342,1.16352,1.16325,1.16331,470
2026-09-10T13:25:00+00:00,1.16330,1.16335,1.16304,1.16305,660
2026-09-10T13:30:00+00:00,1.16306,1.16310,1.16254,1.16262,621
2026-09-10T13:35:00+00:00,1.16262,1.16262,1.16233,1.16250,883
2026-09-10T13:40:00+00:00,1.16251,1.16256,1.16236,1.16239,627
2026-09-10T13:45:00+00:00,1.16238,1.16251,1.16233,1.16246,605
2026-09-10T13:50:00+00:00,1.16246,1.16266,1.16243,1.16253,561
2026-09-10T13:55:00+00:00,1.16253,1.16299,1.16252,1.16277,983
2026-09-10T14:00:00+00:00,1.16277,1.16286,1.16263,1.16272,713
2026-09-10T14:05:00+00:00,1.16271,1.16276,1.16241,1.16242,448
2026-09-10T14:10:00+00:00,1.16242,1.16249,1.16229,1.16244,628
2026-09-10T14:15:00+00:00,1.16244,1.16254,1.16232,1.16248,711
2026-09-10T14:20:00+00:00,1.16248,1.16250,1.16216,1.16219,548
2026-09-10T14:25:00+00:00,1.16219,1.16256,1.16218,1.16232,602
2026-09-10T14:30:00+00:00,1.16232,1.16244,1.16226,1.16227,556
2026-09-10T14:35:00+00:00,1.16227,1.16245,1.16222,1.16244,468
2026-09-10T14:40:00+00:00,1.16244,1.16263,1.16243,1.16262,348
2026-09-10T14:45:00+00:00,1.16263,1.16269,1.16228,1.16249,566
2026-09-10T14:50:00+00:00,1.16249,1.16249,1.16222,1.16238,532
2026-09-10T14:55:00+00:00,1.16238,1.16238,1.16150,1.16170,1014
2026-09-10T15:00:00+00:00,1.16170,1.16194,1.16148,1.16154,1012
2026-09-10T15:05:00+00:00,1.16154,1.16176,1.16140,1.16154,770
2026-09-10T15:10:00+00:00,1.16154,1.16180,1.16138,1.16154,629
2026-09-10T15:15:00+00:00,1.16153,1.16175,1.16102,1.16153,1168
2026-09-10T15:20:00+00:00,1.16153,1.16202,1.16139,1.16202,1152
2026-09-10T15:25:00+00:00,1.16202,1.16249,1.16200,1.16217,941
2026-09-10T15:30:00+00:00,1.16217,1.16278,1.15972,1.15977,2740
2026-09-10T15:35:00+00:00,1.15977,1.16021,1.15921,1.15950,2246
2026-09-10T15:40:00+00:00,1.15950,1.16029,1.15934,1.16013,1644
2026-09-10T15:45:00+00:00,1.16013,1.16090,1.16010,1.16086,1589
2026-09-10T15:50:00+00:00,1.16086,1.16099,1.16031,1.16047,2030
2026-09-10T15:55:00+00:00,1.16047,1.16058,1.15999,1.16047,1890
2026-09-10T16:00:00+00:00,1.16047,1.16061,1.16017,1.16053,2156
2026-09-10T16:05:00+00:00,1.16055,1.16075,1.16004,1.16009,2268
2026-09-10T16:10:00+00:00,1.16009,1.16041,1.16000,1.16004,1923
2026-09-10T16:15:00+00:00,1.16004,1.16032,1.15999,1.16009,1577
2026-09-10T16:20:00+00:00,1.16009,1.16050,1.16000,1.16002,1137
2026-09-10T16:25:00+00:00,1.16002,1.16037,1.15976,1.16028,1606
2026-09-10T16:30:00+00:00,1.16028,1.16098,1.16017,1.16083,1683
2026-09-10T16:35:00+00:00,1.16083,1.16128,1.16083,1.16106,1425
2026-09-10T16:40:00+00:00,1.16106,1.16180,1.16101,1.16159,1454
2026-09-10T16:45:00+00:00,1.16159,1.16190,1.16157,1.16186,1369
2026-09-10T16:50:00+00:00,1.16185,1.16186,1.16138,1.16139,1420
2026-09-10T16:55:00+00:00,1.16139,1.16146,1.16105,1.16113,1036
2026-09-10T17:00:00+00:00,1.16113,1.16188,1.16113,1.16184,1542
2026-09-10T17:05:00+00:00,1.16184,1.16206,1.16175,1.16189,1638
2026-09-10T17:10:00+00:00,1.16188,1.16227,1.16187,1.16194,1387
2026-09-10T17:15:00+00:00,1.16194,1.16206,1.16161,1.16173,1436
2026-09-10T17:20:00+00:00,1.16173,1.16250,1.16171,1.16236,1704
2026-09-10T17:25:00+00:00,1.16236,1.16252,1.16172,1.16214,1540
2026-09-10T17:30:00+00:00,1.16214,1.16258,1.16199,1.16256,1216
2026-09-10T17:35:00+00:00,1.16256,1.16288,1.16231,1.16236,1406
2026-09-10T17:40:00+00:00,1.16235,1.16270,1.16234,1.16245,1179
2026-09-10T17:45:00+00:00,1.16245,1.16276,1.16244,1.16263,1250
2026-09-10T17:50:00+00:00,1.16263,1.16281,1.16245,1.16262,1285
2026-09-10T17:55:00+00:00,1.16262,1.16295,1.16262,1.16294,1144
2026-09-10T18:00:00+00:00,1.16294,1.16298,1.16252,1.16281,1267
2026-09-10T18:05:00+00:00,1.16281,1.16292,1.16260,1.16276,1049
2026-09-10T18:10:00+00:00,1.16276,1.16316,1.16272,1.16284,1296
2026-09-10T18:15:00+00:00,1.16284,1.16311,1.16277,1.16278,1131
2026-09-10T18:20:00+00:00,1.16278,1.16303,1.16270,1.16272,885
2026-09-10T18:25:00+00:00,1.16272,1.16273,1.16241,1.16249,818
2026-09-10T18:30:00+00:00,1.16249,1.16281,1.16247,1.16276,638
2026-09-10T18:35:00+00:00,1.16276,1.16294,1.16275,1.16289,662
2026-09-10T18:40:00+00:00,1.16289,1.16294,1.16265,1.16277,847
2026-09-10T18:45:00+00:00,1.16277,1.16284,1.16244,1.16277,600
2026-09-10T18:50:00+00:00,1.16277,1.16303,1.16273,1.16277,807
2026-09-10T18:55:00+00:00,1.16277,1.16289,1.16267,1.16280,662
2026-09-10T19:00:00+00:00,1.16280,1.16288,1.16251,1.16251,946
2026-09-10T19:05:00+00:00,1.16251,1.16262,1.16236,1.16246,735
2026-09-10T19:10:00+00:00,1.16246,1.16265,1.16236,1.16253,701
2026-09-10T19:15:00+00:00,1.16253,1.16254,1.16239,1.16253,639
2026-09-10T19:20:00+00:00,1.16253,1.16283,1.16253,1.16283,778
2026-09-10T19:25:00+00:00,1.16283,1.16287,1.16255,1.16259,568
2026-09-10T19:30:00+00:00,1.16259,1.16264,1.16220,1.16222,752
2026-09-10T19:35:00+00:00,1.16222,1.16229,1.16198,1.16203,816
2026-09-10T19:40:00+00:00,1.16203,1.16221,1.16196,1.16218,704
2026-09-10T19:45:00+00:00,1.16218,1.16221,1.16207,1.16208,610
2026-09-10T19:50:00+00:00,1.16207,1.16220,1.16207,1.16211,450
2026-09-10T19:55:00+00:00,1.16211,1.16216,1.16185,1.16194,550
2026-09-10T20:00:00+00:00,1.16194,1.16210,1.16164,1.16194,754
2026-09-10T20:05:00+00:00,1.16193,1.16198,1.16178,1.16186,487
2026-09-10T20:10:00+00:00,1.16186,1.16218,1.16182,1.16214,512
2026-09-10T20:15:00+00:00,1.16214,1.16218,1.16205,1.16216,445
2026-09-10T20:20:00+00:00,1.16216,1.16230,1.16214,1.16221,346
2026-09-10T20:25:00+00:00,1.16221,1.16224,1.16207,1.16212,378
2026-09-10T20:30:00+00:00,1.16212,1.16223,1.16205,1.16209,447
2026-09-10T20:35:00+00:00,1.16209,1.16216,1.16194,1.16198,328
2026-09-10T20:40:00+00:00,1.16198,1.16204,1.16186,1.16198,493
2026-09-10T20:45:00+00:00,1.16198,1.16209,1.16190,1.16207,286
2026-09-10T20:50:00+00:00,1.16207,1.16215,1.16200,1.16213,285
2026-09-10T20:55:00+00:00,1.16213,1.16213,1.16186,1.16194,523
2026-09-10T21:00:00+00:00,1.16194,1.16196,1.16168,1.16180,816
2026-09-10T21:05:00+00:00,1.16180,1.16184,1.16156,1.16158,757
2026-09-10T21:10:00+00:00,1.16158,1.16158,1.16127,1.16132,705
2026-09-10T21:15:00+00:00,1.16133,1.16150,1.16127,1.16145,505
2026-09-10T21:20:00+00:00,1.16145,1.16167,1.16145,1.16158,480
2026-09-10T21:25:00+00:00,1.16158,1.16165,1.16142,1.16153,479
2026-09-10T21:30:00+00:00,1.16153,1.16154,1.16131,1.16145,518
2026-09-10T21:35:00+00:00,1.16145,1.16157,1.16142,1.16148,329
2026-09-10T21:40:00+00:00,1.16148,1.16159,1.16145,1.16157,446
2026-09-10T21:45:00+00:00,1.16157,1.16157,1.16128,1.16129,464
2026-09-10T21:50:00+00:00,1.16129,1.16161,1.16127,1.16144,908
2026-09-10T21:55:00+00:00,1.16144,1.16150,1.16127,1.16137,605
2026-09-10T22:00:00+00:00,1.16137,1.16137,1.16105,1.16111,641
2026-09-10T22:05:00+00:00,1.16111,1.16129,1.16102,1.16119,683
2026-09-10T22:10:00+00:00,1.16119,1.16119,1.16090,1.16098,537
2026-09-10T22:15:00+00:00,1.16098,1.16111,1.16094,1.16109,394
2026-09-10T22:20:00+00:00,1.16109,1.16128,1.16108,1.16124,378
2026-09-10T22:25:00+00:00,1.16124,1.16128,1.16111,1.16117,465
2026-09-10T22:30:00+00:00,1.16118,1.16129,1.16103,1.16113,479
2026-09-10T22:35:00+00:00,1.16113,1.16122,1.16101,1.16104,439
2026-09-10T22:40:00+00:00,1.16104,1.16123,1.16104,1.16115,308
2026-09-10T22:45:00+00:00,1.16115,1.16119,1.16112,1.16118,161
2026-09-10T22:50:00+00:00,1.16118,1.16123,1.16107,1.16117,246
2026-09-10T22:55:00+00:00,1.16117,1.16118,1.16097,1.16102,439
2026-09-10T23:00:00+00:00,1.16102,1.16102,1.16089,1.16094,359
2026-09-10T23:05:00+00:00,1.16094,1.16101,1.16089,1.16092,156
2026-09-10T23:10:00+00:00,1.16092,1.16095,1.16087,1.16094,68
2026-09-10T23:15:00+00:00,1.16094,1.16096,1.16075,1.16078,143
2026-09-10T23:20:00+00:00,1.16078,1.16078,1.16061,1.16065,169
2026-09-10T23:25:00+00:00,1.16065,1.16068,1.16052,1.16067,171
2026-09-10T23:30:00+00:00,1.16067,1.16089,1.16067,1.16083,222
2026-09-10T23:35:00+00:00,1.16083,1.16093,1.16079,1.16090,147
2026-09-10T23:40:00+00:00,1.16090,1.16092,1.16070,1.16072,233
2026-09-10T23:45:00+00:00,1.16072,1.16102,1.16072,1.16099,248
2026-09-10T23:50:00+00:00,1.16099,1.16107,1.16091,1.16101,236
2026-09-10T23:55:00+00:00,1.16100,1.16119,1.16092,1.16117,356
2026-09-11T00:00:00+00:00,1.16114,1.16148,1.16110,1.16132,55
2026-09-11T00:05:00+00:00,1.16132,1.16166,1.16078,1.16096,176
2026-09-11T00:10:00+00:00,1.16096,1.16096,1.16079,1.16091,123
2026-09-11T00:15:00+00:00,1.16091,1.16096,1.16085,1.16088,79
2026-09-11T00:20:00+00:00,1.16088,1.16091,1.16076,1.16086,113
2026-09-11T00:25:00+00:00,1.16087,1.16089,1.16077,1.16089,110
2026-09-11T00:30:00+00:00,1.16089,1.16090,1.16083,1.16088,104
2026-09-11T00:35:00+00:00,1.16088,1.16099,1.16080,1.16089,130
2026-09-11T00:40:00+00:00,1.16089,1.16097,1.16089,1.16092,102
2026-09-11T00:45:00+00:00,1.16093,1.16100,1.16089,1.16093,104
2026-09-11T00:50:00+00:00,1.16093,1.16099,1.16089,1.16093,129
2026-09-11T00:55:00+00:00,1.16093,1.16109,1.16071,1.16101,206
2026-09-11T01:00:00+00:00,1.16101,1.16113,1.16064,1.16087,426
2026-09-11T01:05:00+00:00,1.16087,1.16098,1.16082,1.16084,93
2026-09-11T01:10:00+00:00,1.16084,1.16088,1.16075,1.16086,334
2026-09-11T01:15:00+00:00,1.16086,1.16092,1.16085,1.16090,182
2026-09-11T01:20:00+00:00,1.16090,1.16103,1.16090,1.16094,319
2026-09-11T01:25:00+00:00,1.16094,1.16096,1.16086,1.16091,126
2026-09-11T01:30:00+00:00,1.16091,1.16097,1.16084,1.16095,168
2026-09-11T01:35:00+00:00,1.16095,1.16096,1.16089,1.16089,125
2026-09-11T01:40:00+00:00,1.16089,1.16100,1.16086,1.16093,198
2026-09-11T01:45:00+00:00,1.16093,1.16101,1.16093,1.16100,147
2026-09-11T01:50:00+00:00,1.16100,1.16106,1.16099,1.16101,165
2026-09-11T01:55:00+00:00,1.16101,1.16112,1.16100,1.16102,170
2026-09-11T02:00:00+00:00,1.16102,1.16112,1.16092,1.16092,214
2026-09-11T02:05:00+00:00,1.16093,1.16096,1.16087,1.16087,229
2026-09-11T02:10:00+00:00,1.16087,1.16096,1.16085,1.16094,204
2026-09-11T02:15:00+00:00,1.16094,1.16104,1.16092,1.16102,199
2026-09-11T02:20:00+00:00,1.16102,1.16103,1.16086,1.16089,157
2026-09-11T02:25:00+00:00,1.16089,1.16094,1.16085,1.16087,214
2026-09-11T02:30:00+00:00,1.16087,1.16097,1.16081,1.16091,178
2026-09-11T02:35:00+00:00,1.16091,1.16098,1.16089,1.16096,189
2026-09-11T02:40:00+00:00,1.16096,1.16103,1.16089,1.16102,371
2026-09-11T02:45:00+00:00,1.16102,1.16108,1.16091,1.16102,395
2026-09-11T02:50:00+00:00,1.16102,1.16108,1.16090,1.16097,352
2026-09-11T02:55:00+00:00,1.16097,1.16111,1.16095,1.16111,466
2026-09-11T03:00:00+00:00,1.16111,1.16138,1.16109,1.16120,836
2026-09-11T03:05:00+00:00,1.16120,1.16146,1.16116,1.16136,583
2026-09-11T03:10:00+00:00,1.16136,1.16145,1.16126,1.16128,575
2026-09-11T03:15:00+00:00,1.16128,1.16141,1.16121,1.16141,602
2026-09-11T03:20:00+00:00,1.16141,1.16144,1.16117,1.16119,458
2026-09-11T03:25:00+00:00,1.16119,1.16133,1.16112,1.16133,589
2026-09-11T03:30:00+00:00,1.16133,1.16136,1.16121,1.16127,519
2026-09-11T03:35:00+00:00,1.16127,1.16141,1.16127,1.16138,334
2026-09-11T03:40:00+00:00,1.16138,1.16140,1.16128,1.16133,587
2026-09-11T03:45:00+00:00,1.16133,1.16147,1.16130,1.16130,623
2026-09-11T03:50:00+00:00,1.16130,1.16143,1.16130,1.16133,462
2026-09-11T03:55:00+00:00,1.16134,1.16154,1.16131,1.16153,428
2026-09-11T04:00:00+00:00,1.16153,1.16166,1.16147,1.16165,1185
2026-09-11T04:05:00+00:00,1.16165,1.16166,1.16154,1.16165,686
2026-09-11T04:10:00+00:00,1.16165,1.16171,1.16160,1.16164,598
2026-09-11T04:15:00+00:00,1.16164,1.16175,1.16158,1.16173,807
2026-09-11T04:20:00+00:00,1.16173,1.16175,1.16146,1.16150,672
2026-09-11T04:25:00+00:00,1.16150,1.16166,1.16150,1.16155,557
2026-09-11T04:30:00+00:00,1.16155,1.16161,1.16147,1.16151,594
2026-09-11T04:35:00+00:00,1.16152,1.16167,1.16152,1.16156,702
2026-09-11T04:40:00+00:00,1.16156,1.16156,1.16140,1.16142,740
2026-09-11T04:45:00+00:00,1.16142,1.16143,1.16120,1.16125,637
2026-09-11T04:50:00+00:00,1.16125,1.16138,1.16114,1.16115,556
2026-09-11T04:55:00+00:00,1.16115,1.16126,1.16109,1.16125,656
2026-09-11T05:00:00+00:00,1.16126,1.16127,1.16093,1.16099,732
2026-09-11T05:05:00+00:00,1.16098,1.16103,1.16089,1.16099,410
2026-09-11T05:10:00+00:00,1.16099,1.16106,1.16093,1.16097,348
2026-09-11T05:15:00+00:00,1.16097,1.16098,1.16074,1.16084,549
2026-09-11T05:20:00+00:00,1.16084,1.16086,1.16070,1.16076,602
2026-09-11T05:25:00+00:00,1.16075,1.16075,1.16059,1.16062,447
2026-09-11T05:30:00+00:00,1.16061,1.16068,1.16055,1.16059,656
2026-09-11T05:35:00+00:00,1.16059,1.16074,1.16056,1.16072,514
2026-09-11T05:40:00+00:00,1.16072,1.16083,1.16070,1.16070,513
2026-09-11T05:45:00+00:00,1.16070,1.16084,1.16069,1.16082,299
2026-09-11T05:50:00+00:00,1.16082,1.16088,1.16077,1.16080,392
2026-09-11T05:55:00+00:00,1.16080,1.16083,1.16069,1.16074,464
2026-09-11T06:00:00+00:00,1.16074,1.16079,1.16066,1.16067,358
2026-09-11T06:05:00+00:00,1.16067,1.16068,1.16051,1.16062,382
2026-09-11T06:10:00+00:00,1.16062,1.16073,1.16062,1.16071,411
2026-09-11T06:15:00+00:00,1.16071,1.16073,1.16046,1.16049,486
2026-09-11T06:20:00+00:00,1.16049,1.16054,1.16016,1.16016,654
2026-09-11T06:25:00+00:00,1.16016,1.16026,1.16011,1.16012,569
2026-09-11T06:30:00+00:00,1.16011,1.16019,1.16001,1.16004,376
2026-09-11T06:35:00+00:00,1.16004,1.16024,1.16002,1.16012,500
2026-09-11T06:40:00+00:00,1.16012,1.16025,1.16012,1.16016,395
2026-09-11T06:45:00+00:00,1.16017,1.16018,1.15997,1.16000,238
2026-09-11T06:50:00+00:00,1.16000,1.16015,1.15996,1.16013,315
2026-09-11T06:55:00+00:00,1.16013,1.16030,1.16013,1.16017,487
2026-09-11T07:00:00+00:00,1.16016,1.16047,1.16004,1.16042,616
2026-09-11T07:05:00+00:00,1.16042,1.16053,1.16036,1.16048,410
2026-09-11T07:10:00+00:00,1.16049,1.16070,1.16048,1.16062,507
2026-09-11T07:15:00+00:00,1.16062,1.16075,1.16061,1.16073,412
2026-09-11T07:20:00+00:00,1.16072,1.16080,1.16070,1.16070,396
2026-09-11T07:25:00+00:00,1.16070,1.16080,1.16069,1.16077,501
2026-09-11T07:30:00+00:00,1.16078,1.16080,1.16062,1.16063,334
2026-09-11T07:35:00+00:00,1.16063,1.16065,1.16056,1.16060,355
2026-09-11T07:40:00+00:00,1.16060,1.16063,1.16052,1.16061,565
2026-09-11T07:45:00+00:00,1.16061,1.16067,1.16049,1.16052,491
2026-09-11T07:50:00+00:00,1.16052,1.16062,1.16048,1.16050,460
2026-09-11T07:55:00+00:00,1.16050,1.16054,1.16045,1.16046,424
2026-09-11T08:00:00+00:00,1.16046,1.16077,1.16043,1.16061,471
2026-09-11T08:05:00+00:00,1.16061,1.16088,1.16061,1.16085,538
2026-09-11T08:10:00+00:00,1.16085,1.16092,1.16073,1.16090,680
2026-09-11T08:15:00+00:00,1.16090,1.16106,1.16089,1.16100,608
2026-09-11T08:20:00+00:00,1.16100,1.16107,1.16095,1.16099,403
2026-09-11T08:25:00+00:00,1.16099,1.16104,1.16088,1.16104,390
2026-09-11T08:30:00+00:00,1.16103,1.16125,1.16103,1.16116,555
2026-09-11T08:35:00+00:00,1.16117,1.16138,1.16116,1.16128,819
2026-09-11T08:40:00+00:00,1.16128,1.16128,1.16106,1.16116,829
2026-09-11T08:45:00+00:00,1.16116,1.16132,1.16093,1.16094,691
2026-09-11T08:50:00+00:00,1.16094,1.16118,1.16094,1.16097,615
2026-09-11T08:55:00+00:00,1.16097,1.16115,1.16096,1.16098,529
2026-09-11T09:00:00+00:00,1.16098,1.16118,1.16090,1.16094,1064
2026-09-11T09:05:00+00:00,1.16094,1.16112,1.16089,1.16095,611
2026-09-11T09:10:00+00:00,1.16095,1.16134,1.16090,1.16126,1131
2026-09-11T09:15:00+00:00,1.16126,1.16138,1.16110,1.16122,957
2026-09-11T09:20:00+00:00,1.16122,1.16125,1.16105,1.16112,593
2026-09-11T09:25:00+00:00,1.16112,1.16121,1.16104,1.16111,863
2026-09-11T09:30:00+00:00,1.16111,1.16125,1.16095,1.16096,672
2026-09-11T09:35:00+00:00,1.16096,1.16120,1.16091,1.16106,674
2026-09-11T09:40:00+00:00,1.16106,1.16110,1.16096,1.16100,380
2026-09-11T09:45:00+00:00,1.16101,1.16110,1.16094,1.16098,494
2026-09-11T09:50:00+00:00,1.16098,1.16117,1.16090,1.16116,571
2026-09-11T09:55:00+00:00,1.16118,1.16123,1.16092,1.16099,618
2026-09-11T10:00:00+00:00,1.16099,1.16111,1.16075,1.16081,1021
2026-09-11T10:05:00+00:00,1.16081,1.16088,1.16071,1.16076,603
2026-09-11T10:10:00+00:00,1.16076,1.16094,1.16074,1.16079,458
2026-09-11T10:15:00+00:00,1.16080,1.16082,1.16060,1.16077,667
2026-09-11T10:20:00+00:00,1.16077,1.16107,1.16076,1.16102,417
2026-09-11T10:25:00+00:00,1.16102,1.16102,1.16070,1.16072,415
2026-09-11T10:30:00+00:00,1.16072,1.16090,1.16065,1.16070,692
2026-09-11T10:35:00+00:00,1.16070,1.16090,1.16069,1.16079,433
2026-09-11T10:40:00+00:00,1.16079,1.16087,1.16041,1.16043,473
2026-09-11T10:45:00+00:00,1.16042,1.16042,1.16014,1.16030,723
2026-09-11T10:50:00+00:00,1.16030,1.16053,1.16028,1.16048,451
2026-09-11T10:55:00+00:00,1.16048,1.16057,1.16043,1.16055,454
2026-09-11T11:00:00+00:00,1.16055,1.16061,1.16032,1.16042,591
2026-09-11T11:05:00+00:00,1.16042,1.16053,1.16029,1.16032,561
2026-09-11T11:10:00+00:00,1.16032,1.16061,1.16025,1.16042,958
2026-09-11T11:15:00+00:00,1.16042,1.16046,1.16021,1.16028,854
2026-09-11T11:20:00+00:00,1.16028,1.16081,1.16022,1.16060,952
2026-09-11T11:25:00+00:00,1.16060,1.16062,1.16018,1.16018,717
2026-09-11T11:30:00+00:00,1.16019,1.16050,1.16015,1.16038,686
2026-09-11T11:35:00+00:00,1.16039,1.16046,1.16027,1.16034,594
2026-09-11T11:40:00+00:00,1.16034,1.16051,1.16034,1.16047,550
2026-09-11T11:45:00+00:00,1.16047,1.16052,1.16017,1.16023,494
2026-09-11T11:50:00+00:00,1.16023,1.16026,1.16001,1.16003,676
2026-09-11T11:55:00+00:00,1.16003,1.16003,1.15981,1.15991,730
2026-09-11T12:00:00+00:00,1.15991,1.16024,1.15980,1.15988,836
2026-09-11T12:05:00+00:00,1.15988,1.16001,1.15982,1.15983,368
2026-09-11T12:10:00+00:00,1.15983,1.15984,1.15958,1.15975,792
2026-09-11T12:15:00+00:00,1.15975,1.15998,1.15964,1.15997,537
2026-09-11T12:20:00+00:00,1.15997,1.16016,1.15992,1.16013,754
2026-09-11T12:25:00+00:00,1.16013,1.16017,1.15998,1.15999,456
2026-09-11T12:30:00+00:00,1.15999,1.16004,1.15981,1.15988,407
2026-09-11T12:35:00+00:00,1.15987,1.16003,1.15975,1.15982,429
2026-09-11T12:40:00+00:00,1.15982,1.15991,1.15975,1.15989,409
2026-09-11T12:45:00+00:00,1.15989,1.15989,1.15959,1.15969,546
2026-09-11T12:50:00+00:00,1.15969,1.15981,1.15965,1.15971,592
2026-09-11T12:55:00+00:00,1.15972,1.15972,1.15951,1.15962,719
2026-09-11T13:00:00+00:00,1.15962,1.15994,1.15939,1.15982,991
2026-09-11T13:05:00+00:00,1.15982,1.15988,1.15950,1.15951,629
2026-09-11T13:10:00+00:00,1.15951,1.15962,1.15940,1.15961,527
2026-09-11T13:15:00+00:00,1.15961,1.15962,1.15937,1.15942,422
2026-09-11T13:20:00+00:00,1.15943,1.15950,1.15932,1.15938,601
2026-09-11T13:25:00+00:00,1.15938,1.15938,1.15918,1.15921,592
2026-09-11T13:30:00+00:00,1.15922,1.15933,1.15908,1.15915,567
2026-09-11T13:35:00+00:00,1.15915,1.15933,1.15909,1.15927,606
2026-09-11T13:40:00+00:00,1.15927,1.15927,1.15901,1.15913,690
2026-09-11T13:45:00+00:00,1.15913,1.15915,1.15905,1.15909,418
2026-09-11T13:50:00+00:00,1.15909,1.15917,1.15900,1.15908,621
2026-09-11T13:55:00+00:00,1.15908,1.15923,1.15907,1.15921,483
2026-09-11T14:00:00+00:00,1.15921,1.15949,1.15915,1.15940,590
2026-09-11T14:05:00+00:00,1.15940,1.15943,1.15925,1.15942,521
2026-09-11T14:10:00+00:00,1.15942,1.15947,1.15927,1.15941,578
2026-09-11T14:15:00+00:00,1.15941,1.15941,1.15915,1.15927,519
2026-09-11T14:20:00+00:00,1.15927,1.15929,1.15914,1.15916,506
2026-09-11T14:25:00+00:00,1.15916,1.15942,1.15915,1.15935,632
2026-09-11T14:30:00+00:00,1.15935,1.15948,1.15924,1.15927,574
2026-09-11T14:35:00+00:00,1.15926,1.15939,1.15914,1.15922,622
2026-09-11T14:40:00+00:00,1.15922,1.15937,1.15913,1.15937,704
2026-09-11T14:45:00+00:00,1.15936,1.15948,1.15927,1.15930,549
2026-09-11T14:50:00+00:00,1.15930,1.15956,1.15921,1.15932,564
2026-09-11T14:55:00+00:00,1.15932,1.15932,1.15907,1.15914,767
2026-09-11T15:00:00+00:00,1.15914,1.15940,1.15914,1.15933,928
2026-09-11T15:05:00+00:00,1.15933,1.15950,1.15919,1.15921,819
2026-09-11T15:10:00+00:00,1.15921,1.15938,1.15919,1.15926,838
2026-09-11T15:15:00+00:00,1.15926,1.15931,1.15909,1.15920,1051
2026-09-11T15:20:00+00:00,1.15920,1.15950,1.15918,1.15936,1003
2026-09-11T15:25:00+00:00,1.15936,1.15977,1.15909,1.15957,1099
2026-09-11T15:30:00+00:00,1.15957,1.15966,1.15692,1.15813,4683
2026-09-11T15:35:00+00:00,1.15813,1.15888,1.15813,1.15863,3146
2026-09-11T15:40:00+00:00,1.15863,1.15945,1.15851,1.15943,2788
2026-09-11T15:45:00+00:00,1.15943,1.15996,1.15938,1.15955,2006
2026-09-11T15:50:00+00:00,1.15955,1.16040,1.15945,1.15996,2089
2026-09-11T15:55:00+00:00,1.15996,1.16033,1.15987,1.16031,2023
2026-09-11T16:00:00+00:00,1.16031,1.16092,1.16016,1.16048,2586
2026-09-11T16:05:00+00:00,1.16048,1.16066,1.16004,1.16019,2163
2026-09-11T16:10:00+00:00,1.16019,1.16045,1.15997,1.16028,1877
2026-09-11T16:15:00+00:00,1.16028,1.16037,1.15985,1.16001,1690
2026-09-11T16:20:00+00:00,1.16002,1.16046,1.15991,1.16030,1480
2026-09-11T16:25:00+00:00,1.16030,1.16086,1.16010,1.16042,2496
2026-09-11T16:30:00+00:00,1.16042,1.16060,1.16008,1.16041,2218
2026-09-11T16:35:00+00:00,1.16042,1.16062,1.16012,1.16052,1764
2026-09-11T16:40:00+00:00,1.16052,1.16108,1.16010,1.16033,1525
2026-09-11T16:45:00+00:00,1.16034,1.16098,1.16027,1.16087,1631
2026-09-11T16:50:00+00:00,1.16087,1.16108,1.16061,1.16099,1741
2026-09-11T16:55:00+00:00,1.16099,1.16135,1.16075,1.16125,1104
2026-09-11T17:00:00+00:00,1.16125,1.16143,1.16075,1.16125,1804
2026-09-11T17:05:00+00:00,1.16125,1.16154,1.16117,1.16142,1966
2026-09-11T17:10:00+00:00,1.16142,1.16146,1.16109,1.16109,1474
2026-09-11T17:15:00+00:00,1.16109,1.16125,1.16093,1.16120,1328
2026-09-11T17:20:00+00:00,1.16121,1.16133,1.16095,1.16108,1336
2026-09-11T17:25:00+00:00,1.16108,1.16108,1.16071,1.16080,1233
2026-09-11T17:30:00+00:00,1.16080,1.16093,1.16057,1.16075,1295
2026-09-11T17:35:00+00:00,1.16075,1.16112,1.16068,1.16083,1461
2026-09-11T17:40:00+00:00,1.16082,1.16106,1.16071,1.16094,1474
2026-09-11T17:45:00+00:00,1.16093,1.16142,1.16089,1.16123,1730
2026-09-11T17:50:00+00:00,1.16123,1.16147,1.16101,1.16109,1404
2026-09-11T17:55:00+00:00,1.16109,1.16149,1.16105,1.16140,1398
2026-09-11T18:00:00+00:00,1.16140,1.16153,1.16093,1.16108,1653
2026-09-11T18:05:00+00:00,1.16108,1.16126,1.16093,1.16103,1377
2026-09-11T18:10:00+00:00,1.16103,1.16106,1.16055,1.16075,1307
2026-09-11T18:15:00+00:00,1.16075,1.16090,1.16069,1.16079,1029
2026-09-11T18:20:00+00:00,1.16079,1.16093,1.16052,1.16059,965
2026-09-11T18:25:00+00:00,1.16059,1.16061,1.16041,1.16048,818
2026-09-11T18:30:00+00:00,1.16048,1.16054,1.16039,1.16049,875
2026-09-11T18:35:00+00:00,1.16049,1.16055,1.16026,1.16030,705
2026-09-11T18:40:00+00:00,1.16030,1.16037,1.16011,1.16026,770
2026-09-11T18:45:00+00:00,1.16026,1.16037,1.16002,1.16025,821
2026-09-11T18:50:00+00:00,1.16026,1.16030,1.16013,1.16021,611
2026-09-11T18:55:00+00:00,1.16021,1.16036,1.16008,1.16034,792
2026-09-11T19:00:00+00:00,1.16034,1.16050,1.16026,1.16045,896
2026-09-11T19:05:00+00:00,1.16045,1.16048,1.16030,1.16036,597
2026-09-11T19:10:00+00:00,1.16036,1.16041,1.16017,1.16021,676
2026-09-11T19:15:00+00:00,1.16019,1.16053,1.16019,1.16048,787
2026-09-11T19:20:00+00:00,1.16049,1.16064,1.16047,1.16054,643
2026-09-11T19:25:00+00:00,1.16056,1.16073,1.16046,1.16048,1098
2026-09-11T19:30:00+00:00,1.16048,1.16057,1.16026,1.16037,1262
2026-09-11T19:35:00+00:00,1.16037,1.16040,1.16003,1.16004,875
2026-09-11T19:40:00+00:00,1.16003,1.16020,1.15998,1.16002,905
2026-09-11T19:45:00+00:00,1.16002,1.16027,1.15998,1.16007,599
2026-09-11T19:50:00+00:00,1.16007,1.16008,1.15984,1.15993,619
2026-09-11T19:55:00+00:00,1.15993,1.16002,1.15986,1.15996,578
2026-09-11T20:00:00+00:00,1.15997,1.15997,1.15965,1.15967,562
2026-09-11T20:05:00+00:00,1.15967,1.15998,1.15961,1.15968,748
2026-09-11T20:10:00+00:00,1.15968,1.15982,1.15961,1.15970,594
2026-09-11T20:15:00+00:00,1.15970,1.15991,1.15964,1.15982,517
2026-09-11T20:20:00+00:00,1.15982,1.15999,1.15981,1.15998,492
2026-09-11T20:25:00+00:00,1.15998,1.16008,1.15993,1.15993,806
2026-09-11T20:30:00+00:00,1.15993,1.16002,1.15988,1.15990,511
2026-09-11T20:35:00+00:00,1.15990,1.15997,1.15981,1.15995,356
2026-09-11T20:40:00+00:00,1.15995,1.16005,1.15987,1.15993,343
2026-09-11T20:45:00+00:00,1.15993,1.15999,1.15984,1.15995,450
2026-09-11T20:50:00+00:00,1.15996,1.16003,1.15988,1.16001,473
2026-09-11T20:55:00+00:00,1.16001,1.16004,1.15977,1.15982,299
2026-09-11T21:00:00+00:00,1.15982,1.15998,1.15980,1.15994,416
2026-09-11T21:05:00+00:00,1.15994,1.15997,1.15986,1.15987,367
2026-09-11T21:10:00+00:00,1.15987,1.15991,1.15981,1.15984,388
2026-09-11T21:15:00+00:00,1.15984,1.15988,1.15977,1.15984,333
2026-09-11T21:20:00+00:00,1.15984,1.15988,1.15952,1.15967,952
2026-09-11T21:25:00+00:00,1.15967,1.15970,1.15950,1.15959,790
2026-09-11T21:30:00+00:00,1.15959,1.15963,1.15934,1.15942,515
2026-09-11T21:35:00+00:00,1.15942,1.15944,1.15923,1.15928,364
2026-09-11T21:40:00+00:00,1.15928,1.15937,1.15922,1.15928,499
2026-09-11T21:45:00+00:00,1.15928,1.15928,1.15918,1.15923,593
2026-09-11T21:50:00+00:00,1.15922,1.15944,1.15922,1.15944,375
2026-09-11T21:55:00+00:00,1.15944,1.15958,1.15941,1.15956,520
2026-09-11T22:00:00+00:00,1.15957,1.15958,1.15939,1.15942,713
2026-09-11T22:05:00+00:00,1.15942,1.15958,1.15932,1.15955,533
2026-09-11T22:10:00+00:00,1.15955,1.15973,1.15955,1.15971,451
2026-09-11T22:15:00+00:00,1.15971,1.15977,1.15954,1.15957,424
2026-09-11T22:20:00+00:00,1.15957,1.15970,1.15955,1.15968,471
2026-09-11T22:25:00+00:00,1.15968,1.15973,1.15960,1.15960,208
2026-09-11T22:30:00+00:00,1.15960,1.15968,1.15957,1.15967,306
2026-09-11T22:35:00+00:00,1.15967,1.15972,1.15947,1.15952,327
2026-09-11T22:40:00+00:00,1.15952,1.15959,1.15949,1.15957,187
2026-09-11T22:45:00+00:00,1.15957,1.15961,1.15943,1.15943,376
2026-09-11T22:50:00+00:00,1.15943,1.15955,1.15942,1.15952,327
2026-09-11T22:55:00+00:00,1.15952,1.15965,1.15946,1.15959,501
2026-09-11T23:00:00+00:00,1.15959,1.15968,1.15956,1.15960,318
2026-09-11T23:05:00+00:00,1.15960,1.15963,1.15951,1.15959,203
2026-09-11T23:10:00+00:00,1.15959,1.15959,1.15928,1.15942,149
2026-09-11T23:15:00+00:00,1.15942,1.15943,1.15935,1.15942,113
2026-09-11T23:20:00+00:00,1.15942,1.15947,1.15937,1.15938,101
2026-09-11T23:25:00+00:00,1.15938,1.15943,1.15930,1.15939,158
2026-09-11T23:30:00+00:00,1.15939,1.15944,1.15918,1.15919,161
2026-09-11T23:35:00+00:00,1.15919,1.15928,1.15917,1.15926,325
2026-09-11T23:40:00+00:00,1.15926,1.15945,1.15925,1.15945,299
2026-09-11T23:45:00+00:00,1.15945,1.15956,1.15937,1.15945,412
2026-09-11T23:50:00+00:00,1.15945,1.15980,1.15944,1.15976,642
2026-09-11T23:55:00+00:00,1.15976,1.15986,1.15969,1.15983,485
2026-09-14T00:00:00+00:00,1.15950,1.15963,1.15950,1.15962,32
2026-09-14T00:05:00+00:00,1.15962,1.15975,1.15956,1.15961,28
2026-09-14T00:10:00+00:00,1.15961,1.15974,1.15961,1.15969,63
2026-09-14T00:15:00+00:00,1.15969,1.15985,1.15968,1.15985,37
2026-09-14T00:20:00+00:00,1.15984,1.15984,1.15980,1.15980,6
2026-09-14T00:25:00+00:00,1.15980,1.15980,1.15949,1.15970,29
2026-09-14T00:30:00+00:00,1.15970,1.15970,1.15970,1.15970,5
2026-09-14T00:35:00+00:00,1.15969,1.15977,1.15969,1.15971,97
2026-09-14T00:40:00+00:00,1.15971,1.15977,1.15970,1.15974,46
2026-09-14T00:45:00+00:00,1.15974,1.15976,1.15969,1.15976,9
2026-09-14T00:50:00+00:00,1.15976,1.15977,1.15962,1.15967,173
2026-09-14T00:55:00+00:00,1.15967,1.15975,1.15950,1.15959,107
2026-09-14T01:00:00+00:00,1.15959,1.15975,1.15950,1.15956,309
2026-09-14T01:05:00+00:00,1.15956,1.15974,1.15943,1.15946,463
2026-09-14T01:10:00+00:00,1.15946,1.15963,1.15939,1.15946,469
2026-09-14T01:15:00+00:00,1.15946,1.15953,1.15934,1.15935,225
2026-09-14T01:20:00+00:00,1.15935,1.15936,1.15907,1.15908,296
2026-09-14T01:25:00+00:00,1.15908,1.15916,1.15901,1.15914,398
2026-09-14T01:30:00+00:00,1.15914,1.15924,1.15907,1.15913,383
2026-09-14T01:35:00+00:00,1.15913,1.15917,1.15899,1.15900,207
2026-09-14T01:40:00+00:00,1.15900,1.15920,1.15896,1.15919,281
2026-09-14T01:45:00+00:00,1.15919,1.15920,1.15907,1.15915,238
2026-09-14T01:50:00+00:00,1.15915,1.15916,1.15895,1.15901,305
2026-09-14T01:55:00+00:00,1.15901,1.15910,1.15896,1.15908,254
2026-09-14T02:00:00+00:00,1.15908,1.15918,1.15905,1.15915,405
2026-09-14T02:05:00+00:00,1.15915,1.15924,1.15913,1.15921,206
2026-09-14T02:10:00+00:00,1.15921,1.15928,1.15907,1.15910,216
2026-09-14T02:15:00+00:00,1.15910,1.15910,1.15898,1.15900,232
2026-09-14T02:20:00+00:00,1.15900,1.15905,1.15896,1.15902,198
2026-09-14T02:25:00+00:00,1.15902,1.15912,1.15896,1.15911,144
2026-09-14T02:30:00+00:00,1.15911,1.15918,1.15900,1.15914,247
2026-09-14T02:35:00+00:00,1.15915,1.15917,1.15898,1.15903,282
2026-09-14T02:40:00+00:00,1.15903,1.15918,1.15898,1.15913,192
2026-09-14T02:45:00+00:00,1.15912,1.15937,1.15910,1.15919,465
2026-09-14T02:50:00+00:00,1.15919,1.15927,1.15917,1.15921,406
2026-09-14T02:55:00+00:00,1.15921,1.15943,1.15920,1.15933,345
2026-09-14T03:00:00+00:00,1.15933,1.15956,1.15929,1.15943,739
2026-09-14T03:05:00+00:00,1.15942,1.15957,1.15932,1.15939,736
2026-09-14T03:10:00+00:00,1.15939,1.15942,1.15917,1.15927,639
2026-09-14T03:15:00+00:00,1.15927,1.15936,1.15907,1.15908,636
2026-09-14T03:20:00+00:00,1.15908,1.15913,1.15887,1.15893,617
2026-09-14T03:25:00+00:00,1.15893,1.15896,1.15852,1.15857,676
2026-09-14T03:30:00+00:00,1.15857,1.15879,1.15853,1.15863,557
2026-09-14T03:35:00+00:00,1.15863,1.15874,1.15857,1.15859,389
2026-09-14T03:40:00+00:00,1.15858,1.15864,1.15849,1.15858,362
2026-09-14T03:45:00+00:00,1.15858,1.15869,1.15857,1.15858,360
2026-09-14T03:50:00+00:00,1.15858,1.15880,1.15858,1.15879,456
2026-09-14T03:55:00+00:00,1.15879,1.15888,1.15861,1.15876,351
2026-09-14T04:00:00+00:00,1.15877,1.15881,1.15855,1.15859,1000
2026-09-14T04:05:00+00:00,1.15859,1.15867,1.15839,1.15844,759
2026-09-14T04:10:00+00:00,1.15844,1.15853,1.15838,1.15840,429
2026-09-14T04:15:00+00:00,1.15840,1.15846,1.15834,1.15838,427
2026-09-14T04:20:00+00:00,1.15838,1.15869,1.15835,1.15864,561
2026-09-14T04:25:00+00:00,1.15864,1.15877,1.15860,1.15875,515
2026-09-14T04:30:00+00:00,1.15875,1.15876,1.15850,1.15859,614
2026-09-14T04:35:00+00:00,1.15859,1.15881,1.15858,1.15875,654
2026-09-14T04:40:00+00:00,1.15875,1.15886,1.15874,1.15886,489
2026-09-14T04:45:00+00:00,1.15886,1.15887,1.15872,1.15872,417
2026-09-14T04:50:00+00:00,1.15873,1.15874,1.15860,1.15861,438
2026-09-14T04:55:00+00:00,1.15861,1.15869,1.15856,1.15860,397
2026-09-14T05:00:00+00:00,1.15860,1.15869,1.15855,1.15866,313
2026-09-14T05:05:00+00:00,1.15866,1.15885,1.15859,1.15880,331
2026-09-14T05:10:00+00:00,1.15881,1.15885,1.15868,1.15873,252
2026-09-14T05:15:00+00:00,1.15873,1.15877,1.15870,1.15871,224
2026-09-14T05:20:00+00:00,1.15871,1.15879,1.15868,1.15875,309
2026-09-14T05:25:00+00:00,1.15875,1.15875,1.15867,1.15872,320
2026-09-14T05:30:00+00:00,1.15872,1.15876,1.15854,1.15856,377
2026-09-14T05:35:00+00:00,1.15856,1.15861,1.15845,1.15846,418
2026-09-14T05:40:00+00:00,1.15846,1.15853,1.15841,1.15849,386
2026-09-14T05:45:00+00:00,1.15849,1.15857,1.15839,1.15851,344
2026-09-14T05:50:00+00:00,1.15851,1.15853,1.15831,1.15833,235
2026-09-14T05:55:00+00:00,1.15833,1.15837,1.15810,1.15816,346
2026-09-14T06:00:00+00:00,1.15816,1.15817,1.15767,1.15769,662
2026-09-14T06:05:00+00:00,1.15769,1.15787,1.15768,1.15778,360
2026-09-14T06:10:00+00:00,1.15778,1.15779,1.15751,1.15754,359
2026-09-14T06:15:00+00:00,1.15754,1.15762,1.15739,1.15745,481
2026-09-14T06:20:00+00:00,1.15745,1.15747,1.15733,1.15734,329
2026-09-14T06:25:00+00:00,1.15734,1.15739,1.15727,1.15738,368
2026-09-14T06:30:00+00:00,1.15737,1.15738,1.15701,1.15701,359
2026-09-14T06:35:00+00:00,1.15701,1.15726,1.15700,1.15715,310
2026-09-14T06:40:00+00:00,1.15715,1.15715,1.15694,1.15697,452
2026-09-14T06:45:00+00:00,1.15697,1.15701,1.15690,1.15698,230
2026-09-14T06:50:00+00:00,1.15698,1.15710,1.15696,1.15708,253
2026-09-14T06:55:00+00:00,1.15708,1.15712,1.15699,1.15705,192
2026-09-14T07:00:00+00:00,1.15705,1.15708,1.15695,1.15700,254
2026-09-14T07:05:00+00:00,1.15700,1.15704,1.15670,1.15678,382
2026-09-14T07:10:00+00:00,1.15678,1.15688,1.15678,1.15682,216
2026-09-14T07:15:00+00:00,1.15682,1.15688,1.15678,1.15680,283
2026-09-14T07:20:00+00:00,1.15680,1.15682,1.15660,1.15662,219
2026-09-14T07:25:00+00:00,1.15662,1.15678,1.15649,1.15652,380
2026-09-14T07:30:00+00:00,1.15652,1.15665,1.15648,1.15660,298
2026-09-14T07:35:00+00:00,1.15660,1.15665,1.15658,1.15662,181
2026-09-14T07:40:00+00:00,1.15662,1.15665,1.15623,1.15627,422
2026-09-14T07:45:00+00:00,1.15627,1.15645,1.15622,1.15640,462
2026-09-14T07:50:00+00:00,1.15640,1.15656,1.15634,1.15655,267
2026-09-14T07:55:00+00:00,1.15655,1.15664,1.15649,1.15655,203
2026-09-14T08:00:00+00:00,1.15655,1.15656,1.15647,1.15647,268
2026-09-14T08:05:00+00:00,1.15647,1.15656,1.15641,1.15641,218
2026-09-14T08:10:00+00:00,1.15641,1.15650,1.15635,1.15648,209
2026-09-14T08:15:00+00:00,1.15648,1.15656,1.15644,1.15650,231
2026-09-14T08:20:00+00:00,1.15650,1.15665,1.15649,1.15661,198
2026-09-14T08:25:00+00:00,1.15661,1.15686,1.15661,1.15677,329
2026-09-14T08:30:00+00:00,1.15677,1.15702,1.15673,1.15691,367
2026-09-14T08:35:00+00:00,1.15691,1.15702,1.15690,1.15698,322
2026-09-14T08:40:00+00:00,1.15698,1.15698,1.15678,1.15695,334
2026-09-14T08:45:00+00:00,1.15695,1.15702,1.15678,1.15679,369
2026-09-14T08:50:00+00:00,1.15680,1.15696,1.15677,1.15695,342
2026-09-14T08:55:00+00:00,1.15695,1.15705,1.15694,1.15699,282
2026-09-14T09:00:00+00:00,1.15699,1.15703,1.15654,1.15655,731
2026-09-14T09:05:00+00:00,1.15655,1.15659,1.15568,1.15614,1172
2026-09-14T09:10:00+00:00,1.15614,1.15621,1.15586,1.15589,635
2026-09-14T09:15:00+00:00,1.15589,1.15589,1.15523,1.15525,821
2026-09-14T09:20:00+00:00,1.15525,1.15568,1.15513,1.15558,890
2026-09-14T09:25:00+00:00,1.15557,1.15573,1.15550,1.15551,694
2026-09-14T09:30:00+00:00,1.15551,1.15578,1.15551,1.15561,614
2026-09-14T09:35:00+00:00,1.15561,1.15592,1.15559,1.15582,651
2026-09-14T09:40:00+00:00,1.15582,1.15601,1.15564,1.15590,721
2026-09-14T09:45:00+00:00,1.15590,1.15597,1.15535,1.15539,1186
2026-09-14T09:50:00+00:00,1.15539,1.15553,1.15515,1.15515,825
2026-09-14T09:55:00+00:00,1.15515,1.15528,1.15508,1.15526,805
2026-09-14T10:00:00+00:00,1.15526,1.15558,1.15514,1.15556,1143
2026-09-14T10:05:00+00:00,1.15556,1.15557,1.15540,1.15549,751
2026-09-14T10:10:00+00:00,1.15549,1.15572,1.15548,1.15571,756
2026-09-14T10:15:00+00:00,1.15571,1.15579,1.15556,1.15561,555
2026-09-14T10:20:00+00:00,1.15561,1.15572,1.15541,1.15541,524
2026-09-14T10:25:00+00:00,1.15541,1.15573,1.15541,1.15544,745
2026-09-14T10:30:00+00:00,1.15545,1.15546,1.15525,1.15536,688
2026-09-14T10:35:00+00:00,1.15536,1.15541,1.15526,1.15528,447
2026-09-14T10:40:00+00:00,1.15528,1.15533,1.15477,1.15491,614
2026-09-14T10:45:00+00:00,1.15491,1.15501,1.15476,1.15481,810
2026-09-14T10:50:00+00:00,1.15481,1.15484,1.15427,1.15440,981
2026-09-14T10:55:00+00:00,1.15440,1.15457,1.15437,1.15445,773
2026-09-14T11:00:00+00:00,1.15445,1.15449,1.15403,1.15432,1085
2026-09-14T11:05:00+00:00,1.15432,1.15432,1.15391,1.15401,806
2026-09-14T11:10:00+00:00,1.15402,1.15402,1.15364,1.15365,730
2026-09-14T11:15:00+00:00,1.15365,1.15377,1.15355,1.15368,754
2026-09-14T11:20:00+00:00,1.15368,1.15369,1.15345,1.15352,776
2026-09-14T11:25:00+00:00,1.15352,1.15368,1.15350,1.15355,659
2026-09-14T11:30:00+00:00,1.15354,1.15373,1.15342,1.15363,613
2026-09-14T11:35:00+00:00,1.15363,1.15406,1.15362,1.15391,758
2026-09-14T11:40:00+00:00,1.15391,1.15398,1.15372,1.15372,664
2026-09-14T11:45:00+00:00,1.15372,1.15394,1.15371,1.15388,523
2026-09-14T11:50:00+00:00,1.15388,1.15408,1.15383,1.15387,533
2026-09-14T11:55:00+00:00,1.15387,1.15398,1.15370,1.15380,557
2026-09-14T12:00:00+00:00,1.15381,1.15409,1.15378,1.15397,752
2026-09-14T12:05:00+00:00,1.15397,1.15415,1.15385,1.15401,693
2026-09-14T12:10:00+00:00,1.15400,1.15409,1.15374,1.15381,680
2026-09-14T12:15:00+00:00,1.15381,1.15383,1.15353,1.15369,744
2026-09-14T12:20:00+00:00,1.15369,1.15405,1.15364,1.15404,735
2026-09-14T12:25:00+00:00,1.15404,1.15434,1.15395,1.15432,726
2026-09-14T12:30:00+00:00,1.15432,1.15444,1.15407,1.15432,839
2026-09-14T12:35:00+00:00,1.15432,1.15438,1.15416,1.15425,703
2026-09-14T12:40:00+00:00,1.15425,1.15456,1.15417,1.15426,887
2026-09-14T12:45:00+00:00,1.15426,1.15438,1.15411,1.15418,697
2026-09-14T12:50:00+00:00,1.15418,1.15437,1.15408,1.15435,855
2026-09-14T12:55:00+00:00,1.15435,1.15439,1.15412,1.15418,686
2026-09-14T13:00:00+00:00,1.15418,1.15418,1.15378,1.15397,976
2026-09-14T13:05:00+00:00,1.15397,1.15414,1.15389,1.15398,667
2026-09-14T13:10:00+00:00,1.15398,1.15418,1.15391,1.15405,605
2026-09-14T13:15:00+00:00,1.15405,1.15419,1.15401,1.15417,550
2026-09-14T13:20:00+00:00,1.15417,1.15417,1.15370,1.15392,587
2026-09-14T13:25:00+00:00,1.15392,1.15413,1.15390,1.15411,528
2026-09-14T13:30:00+00:00,1.15411,1.15417,1.15402,1.15402,543
2026-09-14T13:35:00+00:00,1.15402,1.15419,1.15401,1.15411,457
2026-09-14T13:40:00+00:00,1.15411,1.15414,1.15397,1.15409,478
2026-09-14T13:45:00+00:00,1.15408,1.15415,1.15396,1.15398,493
2026-09-14T13:50:00+00:00,1.15398,1.15404,1.15379,1.15404,490
2026-09-14T13:55:00+00:00,1.15404,1.15417,1.15397,1.15404,479
2026-09-14T14:00:00+00:00,1.15403,1.15435,1.15402,1.15434,621
2026-09-14T14:05:00+00:00,1.15434,1.15444,1.15420,1.15422,465
2026-09-14T14:10:00+00:00,1.15422,1.15450,1.15422,1.15450,501
2026-09-14T14:15:00+00:00,1.15450,1.15469,1.15442,1.15464,562
2026-09-14T14:20:00+00:00,1.15464,1.15472,1.15461,1.15467,446
2026-09-14T14:25:00+00:00,1.15468,1.15487,1.15462,1.15482,600
2026-09-14T14:30:00+00:00,1.15482,1.15498,1.15471,1.15478,518
2026-09-14T14:35:00+00:00,1.15478,1.15488,1.15476,1.15484,578
2026-09-14T14:40:00+00:00,1.15484,1.15487,1.15470,1.15470,579
2026-09-14T14:45:00+00:00,1.15470,1.15474,1.15443,1.15461,594
2026-09-14T14:50:00+00:00,1.15461,1.15481,1.15459,1.15468,518
2026-09-14T14:55:00+00:00,1.15468,1.15484,1.15468,1.15479,572
2026-09-14T15:00:00+00:00,1.15478,1.15500,1.15470,1.15500,713
2026-09-14T15:05:00+00:00,1.15500,1.15521,1.15499,1.15511,506
2026-09-14T15:10:00+00:00,1.15511,1.15514,1.15487,1.15491,543
2026-09-14T15:15:00+00:00,1.15491,1.15511,1.15462,1.15463,1589
2026-09-14T15:20:00+00:00,1.15463,1.15476,1.15421,1.15426,794
2026-09-14T15:25:00+00:00,1.15426,1.15426,1.15403,1.15410,517
2026-09-14T15:30:00+00:00,1.15410,1.15422,1.15363,1.15372,897
2026-09-14T15:35:00+00:00,1.15372,1.15386,1.15304,1.15305,1381
2026-09-14T15:40:00+00:00,1.15305,1.15346,1.15296,1.15339,1062
2026-09-14T15:45:00+00:00,1.15339,1.15358,1.15334,1.15355,758
2026-09-14T15:50:00+00:00,1.15355,1.15356,1.15296,1.15304,1067
2026-09-14T15:55:00+00:00,1.15304,1.15332,1.15304,1.15323,1140
2026-09-14T16:00:00+00:00,1.15324,1.15325,1.15294,1.15305,1080
2026-09-14T16:05:00+00:00,1.15305,1.15320,1.15294,1.15315,933
2026-09-14T16:10:00+00:00,1.15316,1.15367,1.15316,1.15363,840
2026-09-14T16:15:00+00:00,1.15363,1.15370,1.15351,1.15362,730
2026-09-14T16:20:00+00:00,1.15362,1.15371,1.15356,1.15362,665
2026-09-14T16:25:00+00:00,1.15362,1.15366,1.15335,1.15350,647
2026-09-14T16:30:00+00:00,1.15349,1.15373,1.15341,1.15363,786
2026-09-14T16:35:00+00:00,1.15363,1.15367,1.15340,1.15341,786
2026-09-14T16:40:00+00:00,1.15341,1.15348,1.15321,1.15342,907
2026-09-14T16:45:00+00:00,1.15342,1.15349,1.15280,1.15282,916
2026-09-14T16:50:00+00:00,1.15284,1.15311,1.15245,1.15252,1269
2026-09-14T16:55:00+00:00,1.15251,1.15261,1.15231,1.15252,937
2026-09-14T17:00:00+00:00,1.15252,1.15264,1.15237,1.15250,900
2026-09-14T17:05:00+00:00,1.15250,1.15308,1.15249,1.15306,1066
2026-09-14T17:10:00+00:00,1.15306,1.15357,1.15306,1.15352,1193
2026-09-14T17:15:00+00:00,1.15352,1.15370,1.15339,1.15365,1069
2026-09-14T17:20:00+00:00,1.15364,1.15368,1.15285,1.15286,1135
2026-09-14T17:25:00+00:00,1.15286,1.15324,1.15282,1.15318,1094
2026-09-14T17:30:00+00:00,1.15317,1.15364,1.15313,1.15364,1023
2026-09-14T17:35:00+00:00,1.15364,1.15395,1.15361,1.15389,1054
2026-09-14T17:40:00+00:00,1.15389,1.15422,1.15381,1.15420,1043
2026-09-14T17:45:00+00:00,1.15419,1.15428,1.15408,1.15414,870
2026-09-14T17:50:00+00:00,1.15414,1.15420,1.15359,1.15372,769
2026-09-14T17:55:00+00:00,1.15373,1.15394,1.15361,1.15371,1091
2026-09-14T18:00:00+00:00,1.15371,1.15386,1.15359,1.15374,1046
2026-09-14T18:05:00+00:00,1.15374,1.15475,1.15371,1.15426,2178
2026-09-14T18:10:00+00:00,1.15426,1.15437,1.15408,1.15411,1247
2026-09-14T18:15:00+00:00,1.15410,1.15413,1.15381,1.15406,623
2026-09-14T18:20:00+00:00,1.15406,1.15414,1.15394,1.15411,644
2026-09-14T18:25:00+00:00,1.15411,1.15434,1.15411,1.15416,855
2026-09-14T18:30:00+00:00,1.15416,1.15455,1.15391,1.15441,1838
2026-09-14T18:35:00+00:00,1.15441,1.15481,1.15439,1.15480,1273
2026-09-14T18:40:00+00:00,1.15480,1.15501,1.15447,1.15483,1178
2026-09-14T18:45:00+00:00,1.15483,1.15486,1.15450,1.15458,1029
2026-09-14T18:50:00+00:00,1.15458,1.15487,1.15453,1.15481,1045
2026-09-14T18:55:00+00:00,1.15481,1.15494,1.15477,1.15481,935
2026-09-14T19:00:00+00:00,1.15481,1.15499,1.15478,1.15484,1047
2026-09-14T19:05:00+00:00,1.15484,1.15506,1.15481,1.15500,637
2026-09-14T19:10:00+00:00,1.15500,1.15525,1.15498,1.15507,792
2026-09-14T19:15:00+00:00,1.15506,1.15527,1.15506,1.15510,776
2026-09-14T19:20:00+00:00,1.15510,1.15531,1.15509,1.15530,852
2026-09-14T19:25:00+00:00,1.15530,1.15536,1.15504,1.15511,882
2026-09-14T19:30:00+00:00,1.15511,1.15524,1.15500,1.15510,1055
2026-09-14T19:35:00+00:00,1.15510,1.15547,1.15494,1.15545,948
2026-09-14T19:40:00+00:00,1.15545,1.15590,1.15544,1.15581,901
2026-09-14T19:45:00+00:00,1.15581,1.15630,1.15576,1.15617,1610
2026-09-14T19:50:00+00:00,1.15616,1.15635,1.15611,1.15614,1889
2026-09-14T19:55:00+00:00,1.15614,1.15621,1.15599,1.15602,1214
2026-09-14T20:00:00+00:00,1.15601,1.15615,1.15582,1.15591,581
2026-09-14T20:05:00+00:00,1.15592,1.15603,1.15589,1.15596,667
2026-09-14T20:10:00+00:00,1.15596,1.15603,1.15583,1.15585,488
2026-09-14T20:15:00+00:00,1.15585,1.15594,1.15579,1.15581,409
2026-09-14T20:20:00+00:00,1.15582,1.15593,1.15576,1.15583,632
2026-09-14T20:25:00+00:00,1.15583,1.15591,1.15576,1.15580,631
2026-09-14T20:30:00+00:00,1.15580,1.15586,1.15565,1.15566,759
2026-09-14T20:35:00+00:00,1.15566,1.15576,1.15559,1.15568,309
2026-09-14T20:40:00+00:00,1.15568,1.15569,1.15548,1.15555,314
2026-09-14T20:45:00+00:00,1.15555,1.15559,1.15544,1.15556,323
2026-09-14T20:50:00+00:00,1.15556,1.15578,1.15553,1.15566,270
2026-09-14T20:55:00+00:00,1.15566,1.15581,1.15560,1.15561,370
2026-09-14T21:00:00+00:00,1.15561,1.15584,1.15554,1.15554,605
2026-09-14T21:05:00+00:00,1.15554,1.15566,1.15548,1.15565,772
2026-09-14T21:10:00+00:00,1.15564,1.15577,1.15564,1.15575,872
2026-09-14T21:15:00+00:00,1.15576,1.15579,1.15571,1.15576,241
2026-09-14T21:20:00+00:00,1.15576,1.15578,1.15560,1.15566,275
2026-09-14T21:25:00+00:00,1.15566,1.15576,1.15561,1.15565,459
2026-09-14T21:30:00+00:00,1.15565,1.15586,1.15564,1.15581,479
2026-09-14T21:35:00+00:00,1.15581,1.15593,1.15581,1.15584,339
2026-09-14T21:40:00+00:00,1.15584,1.15584,1.15568,1.15575,308
2026-09-14T21:45:00+00:00,1.15575,1.15576,1.15563,1.15565,558
2026-09-14T21:50:00+00:00,1.15565,1.15570,1.15558,1.15569,382
2026-09-14T21:55:00+00:00,1.15569,1.15574,1.15550,1.15570,645
2026-09-14T22:00:00+00:00,1.15570,1.15575,1.15561,1.15571,316
2026-09-14T22:05:00+00:00,1.15571,1.15576,1.15556,1.15573,563
2026-09-14T22:10:00+00:00,1.15573,1.15576,1.15564,1.15568,545
2026-09-14T22:15:00+00:00,1.15567,1.15569,1.15544,1.15548,1161
2026-09-14T22:20:00+00:00,1.15549,1.15550,1.15533,1.15537,1201
2026-09-14T22:25:00+00:00,1.15537,1.15545,1.15529,1.15529,726
2026-09-14T22:30:00+00:00,1.15529,1.15530,1.15512,1.15514,620
2026-09-14T22:35:00+00:00,1.15514,1.15529,1.15509,1.15519,447
2026-09-14T22:40:00+00:00,1.15519,1.15522,1.15514,1.15515,710
2026-09-14T22:45:00+00:00,1.15515,1.15516,1.15499,1.15500,1002
2026-09-14T22:50:00+00:00,1.15500,1.15501,1.15484,1.15491,1072
2026-09-14T22:55:00+00:00,1.15491,1.15494,1.15468,1.15473,918
2026-09-14T23:00:00+00:00,1.15472,1.15473,1.15445,1.15451,868
2026-09-14T23:05:00+00:00,1.15453,1.15461,1.15449,1.15456,286
2026-09-14T23:10:00+00:00,1.15456,1.15466,1.15450,1.15465,206
2026-09-14T23:15:00+00:00,1.15465,1.15472,1.15461,1.15472,158
2026-09-14T23:20:00+00:00,1.15472,1.15473,1.15469,1.15471,109
2026-09-14T23:25:00+00:00,1.15471,1.15474,1.15455,1.15467,109
2026-09-14T23:30:00+00:00,1.15467,1.15477,1.15466,1.15471,182
2026-09-14T23:35:00+00:00,1.15471,1.15478,1.15465,1.15477,380
2026-09-14T23:40:00+00:00,1.15477,1.15489,1.15474,1.15489,157
2026-09-14T23:45:00+00:00,1.15489,1.15492,1.15485,1.15487,129
2026-09-14T23:50:00+00:00,1.15486,1.15502,1.15486,1.15496,116
2026-09-14T23:55:00+00:00,1.15496,1.15506,1.15490,1.15493,129
2026-09-15T00:00:00+00:00,1.15493,1.15518,1.15453,1.15485,71
2026-09-15T00:05:00+00:00,1.15485,1.15519,1.15475,1.15514,70
2026-09-15T00:10:00+00:00,1.15514,1.15515,1.15509,1.15514,19
2026-09-15T00:15:00+00:00,1.15514,1.15514,1.15486,1.15493,115
2026-09-15T00:20:00+00:00,1.15493,1.15511,1.15489,1.15509,43
2026-09-15T00:25:00+00:00,1.15509,1.15515,1.15489,1.15515,32
2026-09-15T00:30:00+00:00,1.15515,1.15515,1.15490,1.15492,37
2026-09-15T00:35:00+00:00,1.15492,1.15507,1.15488,1.15494,50
2026-09-15T00:40:00+00:00,1.15494,1.15506,1.15494,1.15497,58
2026-09-15T00:45:00+00:00,1.15497,1.15509,1.15497,1.15503,67
2026-09-15T00:50:00+00:00,1.15503,1.15517,1.15497,1.15505,185
2026-09-15T00:55:00+00:00,1.15505,1.15521,1.15499,1.15500,99
2026-09-15T01:00:00+00:00,1.15500,1.15508,1.15486,1.15502,281
2026-09-15T01:05:00+00:00,1.15502,1.15506,1.15497,1.15502,124
2026-09-15T01:10:00+00:00,1.15502,1.15502,1.15495,1.15497,67
2026-09-15T01:15:00+00:00,1.15497,1.15503,1.15494,1.15501,167
2026-09-15T01:20:00+00:00,1.15501,1.15502,1.15494,1.15497,174
2026-09-15T01:25:00+00:00,1.15497,1.15499,1.15496,1.15497,63
2026-09-15T01:30:00+00:00,1.15497,1.15516,1.15496,1.15507,157
2026-09-15T01:35:00+00:00,1.15507,1.15511,1.15503,1.15509,184
2026-09-15T01:40:00+00:00,1.15509,1.15510,1.15507,1.15508,84
2026-09-15T01:45:00+00:00,1.15508,1.15511,1.15505,1.15508,126
2026-09-15T01:50:00+00:00,1.15508,1.15516,1.15507,1.15514,174
2026-09-15T01:55:00+00:00,1.15513,1.15520,1.15513,1.15517,66
2026-09-15T02:00:00+00:00,1.15517,1.15521,1.15512,1.15518,187
2026-09-15T02:05:00+00:00,1.15518,1.15520,1.15513,1.15517,179
2026-09-15T02:10:00+00:00,1.15517,1.15519,1.15512,1.15514,178
2026-09-15T02:15:00+00:00,1.15514,1.15514,1.15500,1.15501,132
2026-09-15T02:20:00+00:00,1.15501,1.15505,1.15497,1.15504,113
2026-09-15T02:25:00+00:00,1.15505,1.15507,1.15497,1.15499,153
2026-09-15T02:30:00+00:00,1.15499,1.15500,1.15477,1.15485,220
2026-09-15T02:35:00+00:00,1.15485,1.15489,1.15483,1.15485,188
2026-09-15T02:40:00+00:00,1.15484,1.15491,1.15480,1.15488,184
2026-09-15T02:45:00+00:00,1.15488,1.15490,1.15478,1.15489,233
2026-09-15T02:50:00+00:00,1.15489,1.15490,1.15470,1.15471,203
2026-09-15T02:55:00+00:00,1.15471,1.15488,1.15467,1.15479,439
2026-09-15T03:00:00+00:00,1.15479,1.15484,1.15464,1.15468,871
2026-09-15T03:05:00+00:00,1.15468,1.15475,1.15459,1.15469,851
2026-09-15T03:10:00+00:00,1.15469,1.15473,1.15462,1.15464,577
2026-09-15T03:15:00+00:00,1.15465,1.15469,1.15452,1.15453,467
2026-09-15T03:20:00+00:00,1.15453,1.15460,1.15449,1.15458,536
2026-09-15T03:25:00+00:00,1.15458,1.15459,1.15436,1.15437,593
2026-09-15T03:30:00+00:00,1.15437,1.15445,1.15433,1.15434,269
2026-09-15T03:35:00+00:00,1.15435,1.15446,1.15431,1.15439,447
2026-09-15T03:40:00+00:00,1.15439,1.15443,1.15436,1.15438,490
2026-09-15T03:45:00+00:00,1.15440,1.15451,1.15438,1.15448,261
2026-09-15T03:50:00+00:00,1.15448,1.15455,1.15438,1.15447,375
2026-09-15T03:55:00+00:00,1.15447,1.15448,1.15433,1.15436,454
2026-09-15T04:00:00+00:00,1.15437,1.15440,1.15426,1.15436,688
2026-09-15T04:05:00+00:00,1.15436,1.15438,1.15414,1.15416,422
2026-09-15T04:10:00+00:00,1.15416,1.15426,1.15416,1.15423,314
2026-09-15T04:15:00+00:00,1.15423,1.15435,1.15416,1.15416,268
2026-09-15T04:20:00+00:00,1.15416,1.15421,1.15396,1.15396,331
2026-09-15T04:25:00+00:00,1.15396,1.15397,1.15377,1.15384,380
2026-09-15T04:30:00+00:00,1.15384,1.15398,1.15382,1.15391,391
2026-09-15T04:35:00+00:00,1.15391,1.15391,1.15375,1.15383,269
2026-09-15T04:40:00+00:00,1.15383,1.15388,1.15373,1.15373,351
2026-09-15T04:45:00+00:00,1.15373,1.15393,1.15372,1.15390,232
2026-09-15T04:50:00+00:00,1.15391,1.15397,1.15383,1.15383,441
2026-09-15T04:55:00+00:00,1.15384,1.15385,1.15375,1.15382,386
2026-09-15T05:00:00+00:00,1.15382,1.15398,1.15377,1.15379,506
2026-09-15T05:05:00+00:00,1.15379,1.15384,1.15374,1.15377,522
2026-09-15T05:10:00+00:00,1.15377,1.15379,1.15366,1.15368,417
2026-09-15T05:15:00+00:00,1.15368,1.15378,1.15367,1.15377,424
2026-09-15T05:20:00+00:00,1.15377,1.15379,1.15363,1.15368,399
2026-09-15T05:25:00+00:00,1.15368,1.15380,1.15366,1.15369,299
2026-09-15T05:30:00+00:00,1.15368,1.15371,1.15361,1.15361,343
2026-09-15T05:35:00+00:00,1.15362,1.15367,1.15355,1.15363,314
2026-09-15T05:40:00+00:00,1.15363,1.15368,1.15361,1.15363,282
2026-09-15T05:45:00+00:00,1.15363,1.15395,1.15363,1.15395,359
2026-09-15T05:50:00+00:00,1.15395,1.15400,1.15393,1.15399,281
2026-09-15T05:55:00+00:00,1.15400,1.15409,1.15398,1.15405,241
2026-09-15T06:00:00+00:00,1.15405,1.15409,1.15399,1.15408,324
2026-09-15T06:05:00+00:00,1.15408,1.15408,1.15394,1.15402,427
2026-09-15T06:10:00+00:00,1.15403,1.15404,1.15388,1.15389,387
2026-09-15T06:15:00+00:00,1.15389,1.15400,1.15382,1.15399,364
2026-09-15T06:20:00+00:00,1.15399,1.15399,1.15372,1.15385,317
2026-09-15T06:25:00+00:00,1.15386,1.15391,1.15380,1.15389,311
2026-09-15T06:30:00+00:00,1.15388,1.15394,1.15384,1.15385,262
2026-09-15T06:35:00+00:00,1.15385,1.15387,1.15372,1.15373,251
2026-09-15T06:40:00+00:00,1.15373,1.15379,1.15371,1.15378,216
2026-09-15T06:45:00+00:00,1.15377,1.15383,1.15373,1.15374,278
2026-09-15T06:50:00+00:00,1.15374,1.15383,1.15372,1.15379,289
2026-09-15T06:55:00+00:00,1.15379,1.15382,1.15371,1.15374,273
2026-09-15T07:00:00+00:00,1.15373,1.15379,1.15363,1.15364,269
2026-09-15T07:05:00+00:00,1.15364,1.15370,1.15362,1.15368,333
2026-09-15T07:10:00+00:00,1.15368,1.15373,1.15362,1.15368,271
2026-09-15T07:15:00+00:00,1.15368,1.15371,1.15353,1.15355,316
2026-09-15T07:20:00+00:00,1.15355,1.15361,1.15351,1.15354,167
2026-09-15T07:25:00+00:00,1.15354,1.15361,1.15347,1.15358,391
2026-09-15T07:30:00+00:00,1.15359,1.15369,1.15356,1.15366,299
2026-09-15T07:35:00+00:00,1.15366,1.15380,1.15362,1.15378,371
2026-09-15T07:40:00+00:00,1.15378,1.15383,1.15365,1.15369,280
2026-09-15T07:45:00+00:00,1.15370,1.15372,1.15366,1.15369,249
2026-09-15T07:50:00+00:00,1.15369,1.15379,1.15366,1.15374,255
2026-09-15T07:55:00+00:00,1.15374,1.15379,1.15368,1.15369,225
2026-09-15T08:00:00+00:00,1.15369,1.15375,1.15359,1.15359,130
2026-09-15T08:05:00+00:00,1.15359,1.15361,1.15351,1.15354,137
2026-09-15T08:10:00+00:00,1.15354,1.15370,1.15350,1.15366,197
2026-09-15T08:15:00+00:00,1.15366,1.15369,1.15345,1.15345,197
2026-09-15T08:20:00+00:00,1.15345,1.15352,1.15343,1.15350,204
2026-09-15T08:25:00+00:00,1.15350,1.15361,1.15348,1.15360,233
2026-09-15T08:30:00+00:00,1.15360,1.15362,1.15334,1.15342,280
2026-09-15T08:35:00+00:00,1.15342,1.15351,1.15340,1.15346,304
2026-09-15T08:40:00+00:00,1.15346,1.15375,1.15346,1.15371,296
2026-09-15T08:45:00+00:00,1.15371,1.15378,1.15369,1.15370,250
2026-09-15T08:50:00+00:00,1.15370,1.15381,1.15363,1.15365,359
2026-09-15T08:55:00+00:00,1.15364,1.15366,1.15344,1.15351,147
2026-09-15T09:00:00+00:00,1.15351,1.15361,1.15330,1.15340,402
2026-09-15T09:05:00+00:00,1.15340,1.15341,1.15325,1.15326,315
2026-09-15T09:10:00+00:00,1.15326,1.15350,1.15321,1.15346,404
2026-09-15T09:15:00+00:00,1.15346,1.15346,1.15299,1.15305,562
2026-09-15T09:20:00+00:00,1.15305,1.15305,1.15272,1.15275,334
2026-09-15T09:25:00+00:00,1.15275,1.15294,1.15273,1.15289,444
2026-09-15T09:30:00+00:00,1.15289,1.15299,1.15273,1.15294,414
2026-09-15T09:35:00+00:00,1.15294,1.15300,1.15284,1.15293,608
2026-09-15T09:40:00+00:00,1.15293,1.15301,1.15280,1.15283,415
2026-09-15T09:45:00+00:00,1.15283,1.15285,1.15271,1.15278,463
2026-09-15T09:50:00+00:00,1.15278,1.15304,1.15278,1.15304,437
2026-09-15T09:55:00+00:00,1.15304,1.15340,1.15301,1.15338,554
2026-09-15T10:00:00+00:00,1.15339,1.15352,1.15321,1.15329,712
2026-09-15T10:05:00+00:00,1.15329,1.15365,1.15326,1.15364,511
2026-09-15T10:10:00+00:00,1.15364,1.15378,1.15354,1.15366,457
2026-09-15T10:15:00+00:00,1.15366,1.15380,1.15359,1.15368,464
2026-09-15T10:20:00+00:00,1.15368,1.15380,1.15358,1.15371,575
2026-09-15T10:25:00+00:00,1.15371,1.15391,1.15369,1.15388,510
2026-09-15T10:30:00+00:00,1.15389,1.15399,1.15380,1.15389,425
2026-09-15T10:35:00+00:00,1.15389,1.15396,1.15367,1.15368,348
2026-09-15T10:40:00+00:00,1.15368,1.15399,1.15356,1.15390,694
2026-09-15T10:45:00+00:00,1.15390,1.15409,1.15388,1.15400,583
2026-09-15T10:50:00+00:00,1.15400,1.15403,1.15367,1.15379,687
2026-09-15T10:55:00+00:00,1.15379,1.15407,1.15374,1.15405,791
2026-09-15T11:00:00+00:00,1.15405,1.15407,1.15356,1.15358,870
2026-09-15T11:05:00+00:00,1.15357,1.15375,1.15355,1.15364,725
2026-09-15T11:10:00+00:00,1.15363,1.15387,1.15352,1.15378,685
2026-09-15T11:15:00+00:00,1.15378,1.15393,1.15365,1.15385,841
2026-09-15T11:20:00+00:00,1.15385,1.15389,1.15369,1.15378,673
2026-09-15T11:25:00+00:00,1.15378,1.15399,1.15363,1.15374,897
2026-09-15T11:30:00+00:00,1.15374,1.15379,1.15347,1.15355,719
2026-09-15T11:35:00+00:00,1.15355,1.15398,1.15352,1.15388,591
2026-09-15T11:40:00+00:00,1.15388,1.15398,1.15342,1.15343,491
2026-09-15T11:45:00+00:00,1.15343,1.15352,1.15336,1.15346,680
2026-09-15T11:50:00+00:00,1.15346,1.15350,1.15322,1.15327,429
2026-09-15T11:55:00+00:00,1.15327,1.15348,1.15324,1.15332,522
2026-09-15T12:00:00+00:00,1.15332,1.15351,1.15328,1.15348,460
2026-09-15T12:05:00+00:00,1.15349,1.15356,1.15342,1.15347,594
2026-09-15T12:10:00+00:00,1.15347,1.15369,1.15343,1.15364,559
2026-09-15T12:15:00+00:00,1.15364,1.15364,1.15324,1.15328,464
2026-09-15T12:20:00+00:00,1.15328,1.15347,1.15324,1.15328,554
2026-09-15T12:25:00+00:00,1.15328,1.15359,1.15328,1.15353,504
2026-09-15T12:30:00+00:00,1.15353,1.15358,1.15345,1.15347,478
2026-09-15T12:35:00+00:00,1.15347,1.15351,1.15335,1.15343,494
2026-09-15T12:40:00+00:00,1.15343,1.15360,1.15337,1.15340,479
2026-09-15T12:45:00+00:00,1.15340,1.15367,1.15339,1.15360,405
2026-09-15T12:50:00+00:00,1.15360,1.15378,1.15359,1.15376,380
2026-09-15T12:55:00+00:00,1.15376,1.15387,1.15371,1.15374,312
2026-09-15T13:00:00+00:00,1.15374,1.15381,1.15362,1.15364,389
2026-09-15T13:05:00+00:00,1.15365,1.15380,1.15364,1.15378,301
2026-09-15T13:10:00+00:00,1.15378,1.15397,1.15360,1.15365,401
2026-09-15T13:15:00+00:00,1.15365,1.15378,1.15360,1.15376,289
2026-09-15T13:20:00+00:00,1.15376,1.15398,1.15375,1.15390,389
2026-09-15T13:25:00+00:00,1.15389,1.15390,1.15374,1.15385,391
2026-09-15T13:30:00+00:00,1.15385,1.15396,1.15376,1.15395,231
2026-09-15T13:35:00+00:00,1.15395,1.15399,1.15389,1.15389,196
2026-09-15T13:40:00+00:00,1.15389,1.15393,1.15375,1.15376,245
2026-09-15T13:45:00+00:00,1.15376,1.15382,1.15365,1.15370,302
2026-09-15T13:50:00+00:00,1.15370,1.15386,1.15365,1.15365,422
2026-09-15T13:55:00+00:00,1.15366,1.15379,1.15344,1.15350,572
2026-09-15T14:00:00+00:00,1.15350,1.15362,1.15342,1.15351,496
2026-09-15T14:05:00+00:00,1.15351,1.15366,1.15351,1.15365,406
2026-09-15T14:10:00+00:00,1.15365,1.15377,1.15357,1.15375,380
2026-09-15T14:15:00+00:00,1.15375,1.15411,1.15375,1.15405,479
2026-09-15T14:20:00+00:00,1.15405,1.15429,1.15403,1.15407,394
2026-09-15T14:25:00+00:00,1.15407,1.15416,1.15398,1.15415,337
2026-09-15T14:30:00+00:00,1.15415,1.15418,1.15399,1.15418,267
2026-09-15T14:35:00+00:00,1.15418,1.15424,1.15405,1.15414,323
2026-09-15T14:40:00+00:00,1.15414,1.15421,1.15401,1.15406,407
2026-09-15T14:45:00+00:00,1.15406,1.15423,1.15405,1.15410,444
2026-09-15T14:50:00+00:00,1.15410,1.15414,1.15398,1.15412,412
2026-09-15T14:55:00+00:00,1.15412,1.15413,1.15387,1.15395,404
2026-09-15T15:00:00+00:00,1.15396,1.15422,1.15391,1.15420,614
2026-09-15T15:05:00+00:00,1.15420,1.15421,1.15387,1.15390,769
2026-09-15T15:10:00+00:00,1.15390,1.15414,1.15387,1.15402,801
2026-09-15T15:15:00+00:00,1.15402,1.15405,1.15383,1.15388,619
2026-09-15T15:20:00+00:00,1.15388,1.15411,1.15383,1.15409,447
2026-09-15T15:25:00+00:00,1.15409,1.15421,1.15402,1.15419,444
2026-09-15T15:30:00+00:00,1.15419,1.15455,1.15418,1.15453,553
2026-09-15T15:35:00+00:00,1.15453,1.15475,1.15453,1.15464,699
2026-09-15T15:40:00+00:00,1.15464,1.15465,1.15449,1.15458,612
2026-09-15T15:45:00+00:00,1.15458,1.15496,1.15448,1.15494,1471
2026-09-15T15:50:00+00:00,1.15494,1.15496,1.15468,1.15483,944
2026-09-15T15:55:00+00:00,1.15482,1.15491,1.15463,1.15464,1097
2026-09-15T16:00:00+00:00,1.15464,1.15483,1.15462,1.15477,1050
2026-09-15T16:05:00+00:00,1.15478,1.15481,1.15460,1.15468,611
2026-09-15T16:10:00+00:00,1.15468,1.15482,1.15467,1.15473,416
2026-09-15T16:15:00+00:00,1.15473,1.15474,1.15437,1.15439,679
2026-09-15T16:20:00+00:00,1.15439,1.15457,1.15416,1.15453,1063
2026-09-15T16:25:00+00:00,1.15453,1.15457,1.15431,1.15432,819
2026-09-15T16:30:00+00:00,1.15433,1.15440,1.15393,1.15412,1429
2026-09-15T16:35:00+00:00,1.15412,1.15439,1.15402,1.15411,927
2026-09-15T16:40:00+00:00,1.15411,1.15440,1.15410,1.15439,883
2026-09-15T16:45:00+00:00,1.15439,1.15475,1.15433,1.15472,915
2026-09-15T16:50:00+00:00,1.15472,1.15505,1.15468,1.15499,759
2026-09-15T16:55:00+00:00,1.15499,1.15514,1.15492,1.15493,727
2026-09-15T17:00:00+00:00,1.15494,1.15498,1.15456,1.15459,1146
2026-09-15T17:05:00+00:00,1.15459,1.15485,1.15457,1.15482,1110
2026-09-15T17:10:00+00:00,1.15482,1.15487,1.15466,1.15484,679
2026-09-15T17:15:00+00:00,1.15484,1.15500,1.15453,1.15479,1178
2026-09-15T17:20:00+00:00,1.15479,1.15495,1.15467,1.15488,744
2026-09-15T17:25:00+00:00,1.15488,1.15500,1.15469,1.15477,718
2026-09-15T17:30:00+00:00,1.15477,1.15519,1.15473,1.15476,1017
2026-09-15T17:35:00+00:00,1.15476,1.15478,1.15404,1.15411,1231
2026-09-15T17:40:00+00:00,1.15411,1.15436,1.15407,1.15427,713
2026-09-15T17:45:00+00:00,1.15427,1.15447,1.15427,1.15433,814
2026-09-15T17:50:00+00:00,1.15433,1.15467,1.15421,1.15464,1553
2026-09-15T17:55:00+00:00,1.15464,1.15478,1.15422,1.15430,1117
2026-09-15T18:00:00+00:00,1.15430,1.15445,1.15412,1.15437,1156
2026-09-15T18:05:00+00:00,1.15437,1.15449,1.15428,1.15434,558
2026-09-15T18:10:00+00:00,1.15434,1.15447,1.15395,1.15404,609
2026-09-15T18:15:00+00:00,1.15403,1.15438,1.15399,1.15434,796
2026-09-15T18:20:00+00:00,1.15434,1.15454,1.15427,1.15451,693
2026-09-15T18:25:00+00:00,1.15451,1.15463,1.15446,1.15452,614
2026-09-15T18:30:00+00:00,1.15452,1.15454,1.15422,1.15432,1000
2026-09-15T18:35:00+00:00,1.15432,1.15433,1.15400,1.15404,721
2026-09-15T18:40:00+00:00,1.15404,1.15424,1.15402,1.15404,585
2026-09-15T18:45:00+00:00,1.15404,1.15418,1.15389,1.15391,532
2026-09-15T18:50:00+00:00,1.15391,1.15419,1.15389,1.15400,886
2026-09-15T18:55:00+00:00,1.15400,1.15433,1.15398,1.15416,820
2026-09-15T19:00:00+00:00,1.15416,1.15427,1.15406,1.15412,604
2026-09-15T19:05:00+00:00,1.15412,1.15413,1.15398,1.15409,460
2026-09-15T19:10:00+00:00,1.15409,1.15415,1.15404,1.15406,363
2026-09-15T19:15:00+00:00,1.15406,1.15416,1.15392,1.15395,513
2026-09-15T19:20:00+00:00,1.15395,1.15416,1.15391,1.15415,659
2026-09-15T19:25:00+00:00,1.15415,1.15416,1.15399,1.15401,582
2026-09-15T19:30:00+00:00,1.15401,1.15418,1.15396,1.15411,393
2026-09-15T19:35:00+00:00,1.15411,1.15427,1.15402,1.15409,385
2026-09-15T19:40:00+00:00,1.15409,1.15410,1.15397,1.15410,403
2026-09-15T19:45:00+00:00,1.15410,1.15417,1.15400,1.15404,335
2026-09-15T19:50:00+00:00,1.15404,1.15428,1.15401,1.15424,375
2026-09-15T19:55:00+00:00,1.15424,1.15433,1.15421,1.15429,359
2026-09-15T20:00:00+00:00,1.15429,1.15437,1.15415,1.15416,523
2026-09-15T20:05:00+00:00,1.15416,1.15421,1.15398,1.15399,489
2026-09-15T20:10:00+00:00,1.15399,1.15412,1.15393,1.15403,404
2026-09-15T20:15:00+00:00,1.15403,1.15409,1.15383,1.15383,523
2026-09-15T20:20:00+00:00,1.15383,1.15384,1.15373,1.15379,459
2026-09-15T20:25:00+00:00,1.15379,1.15386,1.15373,1.15378,484
2026-09-15T20:30:00+00:00,1.15378,1.15397,1.15378,1.15395,431
2026-09-15T20:35:00+00:00,1.15395,1.15402,1.15389,1.15390,356
2026-09-15T20:40:00+00:00,1.15390,1.15397,1.15384,1.15391,354
2026-09-15T20:45:00+00:00,1.15392,1.15396,1.15374,1.15374,282
2026-09-15T20:50:00+00:00,1.15374,1.15375,1.15367,1.15374,172
2026-09-15T20:55:00+00:00,1.15374,1.15380,1.15371,1.15374,248
2026-09-15T21:00:00+00:00,1.15374,1.15385,1.15363,1.15371,298
2026-09-15T21:05:00+00:00,1.15370,1.15386,1.15370,1.15381,307
2026-09-15T21:10:00+00:00,1.15381,1.15406,1.15380,1.15398,329
2026-09-15T21:15:00+00:00,1.15398,1.15409,1.15397,1.15409,379
2026-09-15T21:20:00+00:00,1.15409,1.15420,1.15407,1.15419,369
2026-09-15T21:25:00+00:00,1.15418,1.15436,1.15418,1.15430,419
2026-09-15T21:30:00+00:00,1.15430,1.15430,1.15402,1.15406,319
2026-09-15T21:35:00+00:00,1.15406,1.15409,1.15400,1.15401,237
2026-09-15T21:40:00+00:00,1.15401,1.15423,1.15398,1.15408,539
2026-09-15T21:45:00+00:00,1.15408,1.15429,1.15403,1.15426,384
2026-09-15T21:50:00+00:00,1.15426,1.15436,1.15424,1.15430,329
2026-09-15T21:55:00+00:00,1.15430,1.15430,1.15415,1.15427,559
2026-09-15T22:00:00+00:00,1.15428,1.15432,1.15412,1.15422,434
2026-09-15T22:05:00+00:00,1.15422,1.15424,1.15415,1.15423,332
2026-09-15T22:10:00+00:00,1.15423,1.15426,1.15414,1.15414,388
2026-09-15T22:15:00+00:00,1.15414,1.15419,1.15404,1.15407,255
2026-09-15T22:20:00+00:00,1.15407,1.15413,1.15401,1.15408,296
2026-09-15T22:25:00+00:00,1.15409,1.15409,1.15402,1.15408,187
2026-09-15T22:30:00+00:00,1.15408,1.15427,1.15406,1.15420,282
2026-09-15T22:35:00+00:00,1.15420,1.15426,1.15409,1.15410,251
2026-09-15T22:40:00+00:00,1.15410,1.15421,1.15408,1.15418,274
2026-09-15T22:45:00+00:00,1.15419,1.15423,1.15409,1.15420,350
2026-09-15T22:50:00+00:00,1.15420,1.15427,1.15409,1.15411,330
2026-09-15T22:55:00+00:00,1.15411,1.15416,1.15404,1.15408,384
2026-09-15T23:00:00+00:00,1.15408,1.15410,1.15398,1.15407,170
2026-09-15T23:05:00+00:00,1.15407,1.15411,1.15398,1.15402,110
2026-09-15T23:10:00+00:00,1.15401,1.15407,1.15390,1.15392,105
2026-09-15T23:15:00+00:00,1.15392,1.15395,1.15390,1.15394,42
2026-09-15T23:20:00+00:00,1.15394,1.15395,1.15386,1.15391,103
2026-09-15T23:25:00+00:00,1.15391,1.15397,1.15386,1.15395,103
2026-09-15T23:30:00+00:00,1.15395,1.15405,1.15395,1.15399,194
2026-09-15T23:35:00+00:00,1.15399,1.15400,1.15394,1.15399,70
2026-09-15T23:40:00+00:00,1.15399,1.15403,1.15395,1.15395,176
2026-09-15T23:45:00+00:00,1.15395,1.15408,1.15395,1.15405,203
2026-09-15T23:50:00+00:00,1.15406,1.15410,1.15400,1.15409,177
2026-09-15T23:55:00+00:00,1.15409,1.15425,1.15408,1.15424,242
2026-09-16T00:00:00+00:00,1.15431,1.15431,1.15352,1.15353,110
2026-09-16T00:05:00+00:00,1.15353,1.15370,1.15353,1.15363,32
2026-09-16T00:10:00+00:00,1.15360,1.15362,1.15353,1.15356,46
2026-09-16T00:15:00+00:00,1.15356,1.15365,1.15355,1.15364,77
2026-09-16T00:20:00+00:00,1.15364,1.15374,1.15358,1.15363,96
2026-09-16T00:25:00+00:00,1.15363,1.15366,1.15360,1.15360,20
2026-09-16T00:30:00+00:00,1.15360,1.15380,1.15358,1.15380,200
2026-09-16T00:35:00+00:00,1.15380,1.15383,1.15363,1.15372,441
2026-09-16T00:40:00+00:00,1.15372,1.15378,1.15366,1.15376,265
2026-09-16T00:45:00+00:00,1.15376,1.15380,1.15368,1.15374,375
2026-09-16T00:50:00+00:00,1.15374,1.15380,1.15365,1.15371,333
2026-09-16T00:55:00+00:00,1.15371,1.15429,1.15364,1.15408,323
2026-09-16T01:00:00+00:00,1.15408,1.15447,1.15397,1.15433,483
2026-09-16T01:05:00+00:00,1.15433,1.15435,1.15415,1.15431,210
2026-09-16T01:10:00+00:00,1.15430,1.15432,1.15417,1.15424,169
2026-09-16T01:15:00+00:00,1.15424,1.15425,1.15418,1.15421,67
2026-09-16T01:20:00+00:00,1.15421,1.15430,1.15419,1.15427,160
2026-09-16T01:25:00+00:00,1.15428,1.15429,1.15425,1.15428,194
2026-09-16T01:30:00+00:00,1.15428,1.15428,1.15416,1.15417,171
2026-09-16T01:35:00+00:00,1.15417,1.15424,1.15417,1.15421,134
2026-09-16T01:40:00+00:00,1.15420,1.15420,1.15409,1.15409,145
2026-09-16T01:45:00+00:00,1.15408,1.15411,1.15406,1.15407,56
2026-09-16T01:50:00+00:00,1.15407,1.15407,1.15397,1.15399,82
2026-09-16T01:55:00+00:00,1.15399,1.15402,1.15389,1.15389,89
2026-09-16T02:00:00+00:00,1.15389,1.15392,1.15377,1.15378,204
2026-09-16T02:05:00+00:00,1.15378,1.15380,1.15370,1.15374,192
2026-09-16T02:10:00+00:00,1.15374,1.15379,1.15372,1.15375,174
2026-09-16T02:15:00+00:00,1.15375,1.15382,1.15373,1.15380,81
2026-09-16T02:20:00+00:00,1.15380,1.15385,1.15380,1.15383,57
2026-09-16T02:25:00+00:00,1.15383,1.15386,1.15362,1.15369,164
2026-09-16T02:30:00+00:00,1.15369,1.15373,1.15367,1.15371,165
2026-09-16T02:35:00+00:00,1.15371,1.15371,1.15343,1.15347,230
2026-09-16T02:40:00+00:00,1.15347,1.15367,1.15343,1.15359,315
2026-09-16T02:45:00+00:00,1.15359,1.15373,1.15358,1.15373,157
2026-09-16T02:50:00+00:00,1.15373,1.15386,1.15370,1.15385,174
2026-09-16T02:55:00+00:00,1.15385,1.15385,1.15365,1.15366,206
2026-09-16T03:00:00+00:00,1.15366,1.15381,1.15363,1.15370,467
2026-09-16T03:05:00+00:00,1.15370,1.15382,1.15364,1.15365,610
2026-09-16T03:10:00+00:00,1.15365,1.15380,1.15363,1.15371,447
2026-09-16T03:15:00+00:00,1.15372,1.15390,1.15372,1.15388,617
2026-09-16T03:20:00+00:00,1.15388,1.15389,1.15377,1.15380,527
2026-09-16T03:25:00+00:00,1.15379,1.15379,1.15371,1.15374,376
2026-09-16T03:30:00+00:00,1.15374,1.15378,1.15357,1.15363,404
2026-09-16T03:35:00+00:00,1.15362,1.15363,1.15348,1.15349,389
2026-09-16T03:40:00+00:00,1.15349,1.15357,1.15345,1.15346,325
2026-09-16T03:45:00+00:00,1.15346,1.15349,1.15337,1.15342,331
2026-09-16T03:50:00+00:00,1.15342,1.15357,1.15338,1.15354,381
2026-09-16T03:55:00+00:00,1.15354,1.15357,1.15339,1.15353,391
2026-09-16T04:00:00+00:00,1.15352,1.15363,1.15347,1.15349,369
2026-09-16T04:05:00+00:00,1.15349,1.15349,1.15334,1.15337,263
2026-09-16T04:10:00+00:00,1.15337,1.15353,1.15330,1.15347,357
2026-09-16T04:15:00+00:00,1.15347,1.15352,1.15340,1.15341,218
2026-09-16T04:20:00+00:00,1.15341,1.15347,1.15339,1.15343,223
2026-09-16T04:25:00+00:00,1.15343,1.15348,1.15332,1.15332,254
2026-09-16T04:30:00+00:00,1.15332,1.15335,1.15322,1.15323,232
2026-09-16T04:35:00+00:00,1.15322,1.15328,1.15318,1.15324,240
2026-09-16T04:40:00+00:00,1.15324,1.15347,1.15322,1.15345,249
2026-09-16T04:45:00+00:00,1.15345,1.15348,1.15334,1.15338,377
2026-09-16T04:50:00+00:00,1.15338,1.15341,1.15331,1.15333,188
2026-09-16T04:55:00+00:00,1.15333,1.15338,1.15323,1.15325,200
2026-09-16T05:00:00+00:00,1.15325,1.15335,1.15323,1.15331,259
2026-09-16T05:05:00+00:00,1.15331,1.15361,1.15328,1.15360,333
2026-09-16T05:10:00+00:00,1.15360,1.15371,1.15359,1.15365,395
2026-09-16T05:15:00+00:00,1.15365,1.15381,1.15365,1.15370,455
2026-09-16T05:20:00+00:00,1.15370,1.15382,1.15365,1.15374,303
2026-09-16T05:25:00+00:00,1.15374,1.15391,1.15374,1.15382,309
2026-09-16T05:30:00+00:00,1.15382,1.15411,1.15382,1.15410,426
2026-09-16T05:35:00+00:00,1.15410,1.15426,1.15410,1.15421,397
2026-09-16T05:40:00+00:00,1.15421,1.15422,1.15401,1.15404,409
2026-09-16T05:45:00+00:00,1.15404,1.15414,1.15403,1.15410,351
2026-09-16T05:50:00+00:00,1.15410,1.15410,1.15393,1.15399,223
2026-09-16T05:55:00+00:00,1.15399,1.15423,1.15397,1.15422,364
2026-09-16T06:00:00+00:00,1.15422,1.15428,1.15416,1.15421,338
2026-09-16T06:05:00+00:00,1.15421,1.15427,1.15417,1.15423,245
2026-09-16T06:10:00+00:00,1.15422,1.15436,1.15422,1.15424,319
2026-09-16T06:15:00+00:00,1.15425,1.15436,1.15424,1.15435,239
2026-09-16T06:20:00+00:00,1.15435,1.15437,1.15429,1.15431,259
2026-09-16T06:25:00+00:00,1.15432,1.15433,1.15424,1.15425,303
2026-09-16T06:30:00+00:00,1.15424,1.15425,1.15416,1.15416,165
2026-09-16T06:35:00+00:00,1.15416,1.15418,1.15403,1.15408,215
2026-09-16T06:40:00+00:00,1.15408,1.15410,1.15402,1.15406,284
2026-09-16T06:45:00+00:00,1.15407,1.15407,1.15399,1.15404,268
2026-09-16T06:50:00+00:00,1.15404,1.15414,1.15399,1.15411,265
2026-09-16T06:55:00+00:00,1.15411,1.15414,1.15408,1.15414,247
2026-09-16T07:00:00+00:00,1.15413,1.15426,1.15413,1.15422,233
2026-09-16T07:05:00+00:00,1.15422,1.15431,1.15419,1.15422,260
2026-09-16T07:10:00+00:00,1.15422,1.15432,1.15420,1.15427,223
2026-09-16T07:15:00+00:00,1.15427,1.15431,1.15419,1.15420,196
2026-09-16T07:20:00+00:00,1.15420,1.15434,1.15420,1.15430,293
2026-09-16T07:25:00+00:00,1.15430,1.15441,1.15425,1.15440,164
2026-09-16T07:30:00+00:00,1.15440,1.15458,1.15439,1.15440,257
2026-09-16T07:35:00+00:00,1.15440,1.15460,1.15439,1.15459,254
2026-09-16T07:40:00+00:00,1.15459,1.15460,1.15443,1.15446,213
2026-09-16T07:45:00+00:00,1.15446,1.15447,1.15436,1.15436,184
2026-09-16T07:50:00+00:00,1.15436,1.15442,1.15433,1.15442,165
2026-09-16T07:55:00+00:00,1.15442,1.15446,1.15438,1.15446,134
2026-09-16T08:00:00+00:00,1.15446,1.15448,1.15439,1.15440,203
2026-09-16T08:05:00+00:00,1.15440,1.15446,1.15433,1.15437,241
2026-09-16T08:10:00+00:00,1.15437,1.15459,1.15437,1.15451,223
2026-09-16T08:15:00+00:00,1.15451,1.15460,1.15446,1.15458,144
2026-09-16T08:20:00+00:00,1.15459,1.15462,1.15455,1.15459,183
2026-09-16T08:25:00+00:00,1.15458,1.15483,1.15458,1.15470,332
2026-09-16T08:30:00+00:00,1.15470,1.15479,1.15466,1.15476,338
2026-09-16T08:35:00+00:00,1.15476,1.15479,1.15463,1.15465,194
2026-09-16T08:40:00+00:00,1.15465,1.15465,1.15450,1.15457,307
2026-09-16T08:45:00+00:00,1.15458,1.15468,1.15455,1.15462,306
2026-09-16T08:50:00+00:00,1.15462,1.15487,1.15461,1.15481,264
2026-09-16T08:55:00+00:00,1.15481,1.15516,1.15479,1.15496,443
2026-09-16T09:00:00+00:00,1.15496,1.15507,1.15472,1.15479,607
2026-09-16T09:05:00+00:00,1.15479,1.15488,1.15463,1.15487,833
2026-09-16T09:10:00+00:00,1.15487,1.15510,1.15485,1.15502,628
2026-09-16T09:15:00+00:00,1.15502,1.15510,1.15494,1.15505,569
2026-09-16T09:20:00+00:00,1.15505,1.15507,1.15477,1.15478,547
2026-09-16T09:25:00+00:00,1.15477,1.15481,1.15471,1.15480,623
2026-09-16T09:30:00+00:00,1.15481,1.15487,1.15475,1.15480,228
2026-09-16T09:35:00+00:00,1.15479,1.15484,1.15465,1.15471,430
2026-09-16T09:40:00+00:00,1.15471,1.15474,1.15457,1.15469,504
2026-09-16T09:45:00+00:00,1.15469,1.15469,1.15443,1.15447,469
2026-09-16T09:50:00+00:00,1.15447,1.15469,1.15443,1.15461,584
2026-09-16T09:55:00+00:00,1.15461,1.15479,1.15457,1.15472,663
2026-09-16T10:00:00+00:00,1.15472,1.15486,1.15464,1.15476,646
2026-09-16T10:05:00+00:00,1.15476,1.15486,1.15469,1.15484,659
2026-09-16T10:10:00+00:00,1.15484,1.15509,1.15482,1.15506,593
2026-09-16T10:15:00+00:00,1.15506,1.15511,1.15486,1.15487,557
2026-09-16T10:20:00+00:00,1.15487,1.15504,1.15483,1.15483,449
2026-09-16T10:25:00+00:00,1.15483,1.15506,1.15468,1.15504,641
2026-09-16T10:30:00+00:00,1.15504,1.15549,1.15502,1.15523,643
2026-09-16T10:35:00+00:00,1.15523,1.15566,1.15523,1.15530,707
2026-09-16T10:40:00+00:00,1.15530,1.15534,1.15506,1.15518,568
2026-09-16T10:45:00+00:00,1.15518,1.15526,1.15503,1.15507,402
2026-09-16T10:50:00+00:00,1.15509,1.15509,1.15473,1.15478,750
2026-09-16T10:55:00+00:00,1.15478,1.15497,1.15477,1.15478,544
2026-09-16T11:00:00+00:00,1.15478,1.15485,1.15456,1.15463,897
2026-09-16T11:05:00+00:00,1.15464,1.15466,1.15447,1.15453,550
2026-09-16T11:10:00+00:00,1.15453,1.15465,1.15447,1.15453,455
2026-09-16T11:15:00+00:00,1.15453,1.15486,1.15447,1.15470,708
2026-09-16T11:20:00+00:00,1.15469,1.15498,1.15468,1.15470,1036
2026-09-16T11:25:00+00:00,1.15470,1.15483,1.15452,1.15461,795
2026-09-16T11:30:00+00:00,1.15461,1.15467,1.15440,1.15451,713
2026-09-16T11:35:00+00:00,1.15452,1.15460,1.15447,1.15459,537
2026-09-16T11:40:00+00:00,1.15459,1.15468,1.15432,1.15432,543
2026-09-16T11:45:00+00:00,1.15432,1.15433,1.15406,1.15407,737
2026-09-16T11:50:00+00:00,1.15407,1.15414,1.15383,1.15390,548
2026-09-16T11:55:00+00:00,1.15391,1.15405,1.15388,1.15396,460
2026-09-16T12:00:00+00:00,1.15395,1.15404,1.15377,1.15382,569
2026-09-16T12:05:00+00:00,1.15382,1.15406,1.15382,1.15405,563
2026-09-16T12:10:00+00:00,1.15405,1.15441,1.15405,1.15425,490
2026-09-16T12:15:00+00:00,1.15424,1.15425,1.15403,1.15409,560
2026-09-16T12:20:00+00:00,1.15408,1.15411,1.15383,1.15388,552
2026-09-16T12:25:00+00:00,1.15388,1.15418,1.15385,1.15414,899
2026-09-16T12:30:00+00:00,1.15414,1.15426,1.15406,1.15421,539
2026-09-16T12:35:00+00:00,1.15420,1.15427,1.15404,1.15406,532
2026-09-16T12:40:00+00:00,1.15406,1.15416,1.15397,1.15414,495
2026-09-16T12:45:00+00:00,1.15414,1.15420,1.15392,1.15396,370
2026-09-16T12:50:00+00:00,1.15396,1.15409,1.15391,1.15400,302
2026-09-16T12:55:00+00:00,1.15400,1.15405,1.15389,1.15390,326
2026-09-16T13:00:00+00:00,1.15389,1.15402,1.15370,1.15371,468
2026-09-16T13:05:00+00:00,1.15371,1.15376,1.15355,1.15370,550
2026-09-16T13:10:00+00:00,1.15370,1.15387,1.15366,1.15373,353
2026-09-16T13:15:00+00:00,1.15373,1.15401,1.15373,1.15400,385
2026-09-16T13:20:00+00:00,1.15400,1.15401,1.15369,1.15369,443
2026-09-16T13:25:00+00:00,1.15369,1.15370,1.15357,1.15362,359
2026-09-16T13:30:00+00:00,1.15362,1.15363,1.15342,1.15349,445
2026-09-16T13:35:00+00:00,1.15349,1.15361,1.15344,1.15359,434
2026-09-16T13:40:00+00:00,1.15359,1.15374,1.15357,1.15373,290
2026-09-16T13:45:00+00:00,1.15373,1.15373,1.15351,1.15358,271
2026-09-16T13:50:00+00:00,1.15358,1.15363,1.15344,1.15354,401
2026-09-16T13:55:00+00:00,1.15354,1.15376,1.15348,1.15376,380
2026-09-16T14:00:00+00:00,1.15376,1.15386,1.15347,1.15347,933
2026-09-16T14:05:00+00:00,1.15347,1.15356,1.15328,1.15333,574
2026-09-16T14:10:00+00:00,1.15333,1.15337,1.15309,1.15332,706
2026-09-16T14:15:00+00:00,1.15333,1.15346,1.15324,1.15340,491
2026-09-16T14:20:00+00:00,1.15340,1.15356,1.15339,1.15349,456
2026-09-16T14:25:00+00:00,1.15349,1.15397,1.15348,1.15395,655
2026-09-16T14:30:00+00:00,1.15395,1.15406,1.15375,1.15392,609
2026-09-16T14:35:00+00:00,1.15392,1.15406,1.15380,1.15391,630
2026-09-16T14:40:00+00:00,1.15391,1.15392,1.15363,1.15385,775
2026-09-16T14:45:00+00:00,1.15385,1.15400,1.15370,1.15375,611
2026-09-16T14:50:00+00:00,1.15375,1.15382,1.15357,1.15364,627
2026-09-16T14:55:00+00:00,1.15365,1.15365,1.15345,1.15348,608
2026-09-16T15:00:00+00:00,1.15349,1.15377,1.15348,1.15371,651
2026-09-16T15:05:00+00:00,1.15372,1.15385,1.15357,1.15368,515
2026-09-16T15:10:00+00:00,1.15368,1.15368,1.15352,1.15356,456
2026-09-16T15:15:00+00:00,1.15356,1.15361,1.15335,1.15339,532
2026-09-16T15:20:00+00:00,1.15338,1.15339,1.15323,1.15328,551
2026-09-16T15:25:00+00:00,1.15329,1.15336,1.15300,1.15305,304
2026-09-16T15:30:00+00:00,1.15307,1.15353,1.15280,1.15341,865
2026-09-16T15:35:00+00:00,1.15341,1.15359,1.15337,1.15348,624
2026-09-16T15:40:00+00:00,1.15348,1.15374,1.15348,1.15357,579
2026-09-16T15:45:00+00:00,1.15357,1.15380,1.15345,1.15371,505
2026-09-16T15:50:00+00:00,1.15371,1.15388,1.15363,1.15364,503
2026-09-16T15:55:00+00:00,1.15364,1.15367,1.15345,1.15356,683
2026-09-16T16:00:00+00:00,1.15356,1.15361,1.15329,1.15341,1035
2026-09-16T16:05:00+00:00,1.15341,1.15346,1.15319,1.15326,700
2026-09-16T16:10:00+00:00,1.15326,1.15372,1.15324,1.15366,788
2026-09-16T16:15:00+00:00,1.15367,1.15373,1.15335,1.15335,789
2026-09-16T16:20:00+00:00,1.15335,1.15359,1.15334,1.15356,738
2026-09-16T16:25:00+00:00,1.15356,1.15372,1.15348,1.15351,594
2026-09-16T16:30:00+00:00,1.15351,1.15377,1.15349,1.15377,936
2026-09-16T16:35:00+00:00,1.15377,1.15388,1.15369,1.15381,754
2026-09-16T16:40:00+00:00,1.15381,1.15388,1.15367,1.15372,652
2026-09-16T16:45:00+00:00,1.15372,1.15379,1.15336,1.15338,670
2026-09-16T16:50:00+00:00,1.15338,1.15359,1.15335,1.15348,702
2026-09-16T16:55:00+00:00,1.15348,1.15357,1.15316,1.15321,728
2026-09-16T17:00:00+00:00,1.15321,1.15333,1.15309,1.15326,689
2026-09-16T17:05:00+00:00,1.15326,1.15352,1.15313,1.15347,710
2026-09-16T17:10:00+00:00,1.15347,1.15378,1.15346,1.15370,886
2026-09-16T17:15:00+00:00,1.15370,1.15372,1.15326,1.15340,740
2026-09-16T17:20:00+00:00,1.15339,1.15369,1.15337,1.15357,628
2026-09-16T17:25:00+00:00,1.15357,1.15382,1.15357,1.15370,698
2026-09-16T17:30:00+00:00,1.15370,1.15387,1.15368,1.15377,723
2026-09-16T17:35:00+00:00,1.15377,1.15403,1.15368,1.15394,598
2026-09-16T17:40:00+00:00,1.15393,1.15412,1.15389,1.15400,630
2026-09-16T17:45:00+00:00,1.15398,1.15402,1.15385,1.15396,666
2026-09-16T17:50:00+00:00,1.15396,1.15400,1.15368,1.15377,590
2026-09-16T17:55:00+00:00,1.15377,1.15392,1.15353,1.15390,1023
2026-09-16T18:00:00+00:00,1.15390,1.15412,1.15382,1.15384,1102
2026-09-16T18:05:00+00:00,1.15384,1.15429,1.15384,1.15415,1144
2026-09-16T18:10:00+00:00,1.15415,1.15425,1.15390,1.15405,1103
2026-09-16T18:15:00+00:00,1.15406,1.15407,1.15387,1.15397,595
2026-09-16T18:20:00+00:00,1.15397,1.15399,1.15378,1.15389,560
2026-09-16T18:25:00+00:00,1.15389,1.15390,1.15365,1.15370,566
2026-09-16T18:30:00+00:00,1.15370,1.15372,1.15350,1.15352,529
2026-09-16T18:35:00+00:00,1.15352,1.15378,1.15348,1.15370,610
2026-09-16T18:40:00+00:00,1.15370,1.15371,1.15355,1.15360,344
2026-09-16T18:45:00+00:00,1.15360,1.15415,1.15355,1.15371,1364
2026-09-16T18:50:00+00:00,1.15371,1.15381,1.15356,1.15369,611
2026-09-16T18:55:00+00:00,1.15370,1.15386,1.15361,1.15376,415
2026-09-16T19:00:00+00:00,1.15376,1.15383,1.15346,1.15347,734
2026-09-16T19:05:00+00:00,1.15349,1.15365,1.15341,1.15352,558
2026-09-16T19:10:00+00:00,1.15352,1.15368,1.15350,1.15367,275
2026-09-16T19:15:00+00:00,1.15367,1.15384,1.15366,1.15376,361
2026-09-16T19:20:00+00:00,1.15377,1.15381,1.15369,1.15378,394
2026-09-16T19:25:00+00:00,1.15379,1.15382,1.15360,1.15360,409
2026-09-16T19:30:00+00:00,1.15361,1.15364,1.15349,1.15361,290
2026-09-16T19:35:00+00:00,1.15361,1.15366,1.15351,1.15362,212
2026-09-16T19:40:00+00:00,1.15362,1.15369,1.15358,1.15367,188
2026-09-16T19:45:00+00:00,1.15367,1.15377,1.15363,1.15366,294
2026-09-16T19:50:00+00:00,1.15365,1.15368,1.15355,1.15355,254
2026-09-16T19:55:00+00:00,1.15355,1.15365,1.15346,1.15346,271
2026-09-16T20:00:00+00:00,1.15346,1.15346,1.15329,1.15333,367
2026-09-16T20:05:00+00:00,1.15333,1.15337,1.15326,1.15327,276
2026-09-16T20:10:00+00:00,1.15327,1.15328,1.15304,1.15312,276
2026-09-16T20:15:00+00:00,1.15312,1.15328,1.15310,1.15317,291
2026-09-16T20:20:00+00:00,1.15317,1.15327,1.15317,1.15321,135
2026-09-16T20:25:00+00:00,1.15321,1.15333,1.15320,1.15326,306
2026-09-16T20:30:00+00:00,1.15326,1.15342,1.15326,1.15329,284
2026-09-16T20:35:00+00:00,1.15329,1.15338,1.15319,1.15322,267
2026-09-16T20:40:00+00:00,1.15322,1.15343,1.15322,1.15335,275
2026-09-16T20:45:00+00:00,1.15335,1.15343,1.15333,1.15334,272
2026-09-16T20:50:00+00:00,1.15334,1.15343,1.15314,1.15325,499
2026-09-16T20:55:00+00:00,1.15325,1.15402,1.15315,1.15399,547
2026-09-16T21:00:00+00:00,1.15399,1.15474,1.15082,1.15144,4374
2026-09-16T21:05:00+00:00,1.15143,1.15240,1.15111,1.15180,2992
2026-09-16T21:10:00+00:00,1.15181,1.15185,1.15007,1.15011,2983
2026-09-16T21:15:00+00:00,1.15012,1.15051,1.14979,1.15026,3008
2026-09-16T21:20:00+00:00,1.15026,1.15063,1.14998,1.15001,2486
2026-09-16T21:25:00+00:00,1.15001,1.15001,1.14970,1.14985,1220
2026-09-16T21:30:00+00:00,1.14985,1.14999,1.14793,1.14818,3901
2026-09-16T21:35:00+00:00,1.14818,1.14906,1.14732,1.14861,3166
2026-09-16T21:40:00+00:00,1.14861,1.14919,1.14797,1.14857,2979
2026-09-16T21:45:00+00:00,1.14857,1.14885,1.14817,1.14845,3240
2026-09-16T21:50:00+00:00,1.14845,1.14860,1.14705,1.14725,2635
2026-09-16T21:55:00+00:00,1.14725,1.14759,1.14700,1.14704,2764
2026-09-16T22:00:00+00:00,1.14704,1.14824,1.14702,1.14788,2434
2026-09-16T22:05:00+00:00,1.14788,1.14801,1.14710,1.14715,2018
2026-09-16T22:10:00+00:00,1.14715,1.14726,1.14676,1.14712,2107
2026-09-16T22:15:00+00:00,1.14712,1.14718,1.14654,1.14676,1698
2026-09-16T22:20:00+00:00,1.14676,1.14697,1.14625,1.14661,1892
2026-09-16T22:25:00+00:00,1.14661,1.14680,1.14624,1.14657,1409
2026-09-16T22:30:00+00:00,1.14657,1.14716,1.14648,1.14715,1677
2026-09-16T22:35:00+00:00,1.14715,1.14750,1.14705,1.14735,1095
2026-09-16T22:40:00+00:00,1.14736,1.14764,1.14711,1.14716,1197
2026-09-16T22:45:00+00:00,1.14716,1.14747,1.14702,1.14720,1137
2026-09-16T22:50:00+00:00,1.14721,1.14727,1.14699,1.14716,884
2026-09-16T22:55:00+00:00,1.14718,1.14726,1.14694,1.14718,791
2026-09-16T23:00:00+00:00,1.14718,1.14736,1.14706,1.14707,611
2026-09-16T23:05:00+00:00,1.14707,1.14707,1.14676,1.14689,313
2026-09-16T23:10:00+00:00,1.14690,1.14691,1.14664,1.14670,244
2026-09-16T23:15:00+00:00,1.14669,1.14678,1.14644,1.14645,232
2026-09-16T23:20:00+00:00,1.14645,1.14653,1.14624,1.14625,307
2026-09-16T23:25:00+00:00,1.14625,1.14640,1.14609,1.14640,303
2026-09-16T23:30:00+00:00,1.14640,1.14651,1.14622,1.14645,387
2026-09-16T23:35:00+00:00,1.14645,1.14677,1.14638,1.14657,375
2026-09-16T23:40:00+00:00,1.14657,1.14659,1.14633,1.14645,270
2026-09-16T23:45:00+00:00,1.14645,1.14672,1.14642,1.14660,323
2026-09-16T23:50:00+00:00,1.14660,1.14662,1.14645,1.14652,414
2026-09-16T23:55:00+00:00,1.14652,1.14662,1.14624,1.14639,535
2026-09-17T00:00:00+00:00,1.14642,1.14706,1.14640,1.14663,77
2026-09-17T00:05:00+00:00,1.14662,1.14663,1.14579,1.14617,233
2026-09-17T00:10:00+00:00,1.14615,1.14624,1.14615,1.14624,57
2026-09-17T00:15:00+00:00,1.14624,1.14627,1.14602,1.14604,77
2026-09-17T00:20:00+00:00,1.14604,1.14618,1.14602,1.14614,81
2026-09-17T00:25:00+00:00,1.14614,1.14621,1.14614,1.14618,34
2026-09-17T00:30:00+00:00,1.14618,1.14622,1.14611,1.14615,61
2026-09-17T00:35:00+00:00,1.14615,1.14623,1.14609,1.14620,57
2026-09-17T00:40:00+00:00,1.14621,1.14622,1.14610,1.14620,207
2026-09-17T00:45:00+00:00,1.14620,1.14635,1.14618,1.14631,159
2026-09-17T00:50:00+00:00,1.14631,1.14638,1.14616,1.14633,208
2026-09-17T00:55:00+00:00,1.14633,1.14642,1.14625,1.14631,152
2026-09-17T01:00:00+00:00,1.14631,1.14641,1.14613,1.14616,299
2026-09-17T01:05:00+00:00,1.14616,1.14646,1.14615,1.14639,225
2026-09-17T01:10:00+00:00,1.14639,1.14644,1.14632,1.14643,199
2026-09-17T01:15:00+00:00,1.14643,1.14660,1.14642,1.14658,263
2026-09-17T01:20:00+00:00,1.14658,1.14663,1.14656,1.14662,164
2026-09-17T01:25:00+00:00,1.14662,1.14682,1.14661,1.14673,217
2026-09-17T01:30:00+00:00,1.14673,1.14680,1.14669,1.14678,319
2026-09-17T01:35:00+00:00,1.14678,1.14682,1.14674,1.14678,235
2026-09-17T01:40:00+00:00,1.14678,1.14681,1.14677,1.14678,164
2026-09-17T01:45:00+00:00,1.14678,1.14685,1.14668,1.14669,149
2026-09-17T01:50:00+00:00,1.14669,1.14673,1.14659,1.14660,144
2026-09-17T01:55:00+00:00,1.14661,1.14671,1.14661,1.14667,135
2026-09-17T02:00:00+00:00,1.14667,1.14683,1.14656,1.14681,273
2026-09-17T02:05:00+00:00,1.14682,1.14683,1.14662,1.14673,185
2026-09-17T02:10:00+00:00,1.14673,1.14682,1.14672,1.14676,225
2026-09-17T02:15:00+00:00,1.14676,1.14688,1.14676,1.14677,166
2026-09-17T02:20:00+00:00,1.14677,1.14689,1.14677,1.14681,193
2026-09-17T02:25:00+00:00,1.14681,1.14683,1.14673,1.14673,245
2026-09-17T02:30:00+00:00,1.14673,1.14686,1.14673,1.14685,192
2026-09-17T02:35:00+00:00,1.14685,1.14694,1.14681,1.14687,194
2026-09-17T02:40:00+00:00,1.14687,1.14707,1.14677,1.14694,595
2026-09-17T02:45:00+00:00,1.14695,1.14698,1.14683,1.14697,530
2026-09-17T02:50:00+00:00,1.14697,1.14712,1.14695,1.14695,394
2026-09-17T02:55:00+00:00,1.14695,1.14702,1.14684,1.14684,446
2026-09-17T03:00:00+00:00,1.14684,1.14712,1.14677,1.14705,690
2026-09-17T03:05:00+00:00,1.14705,1.14731,1.14703,1.14721,826
2026-09-17T03:10:00+00:00,1.14722,1.14730,1.14709,1.14709,489
2026-09-17T03:15:00+00:00,1.14709,1.14711,1.14678,1.14684,445
2026-09-17T03:20:00+00:00,1.14684,1.14689,1.14669,1.14677,538
2026-09-17T03:25:00+00:00,1.14677,1.14688,1.14672,1.14675,520
2026-09-17T03:30:00+00:00,1.14675,1.14680,1.14667,1.14668,550
2026-09-17T03:35:00+00:00,1.14668,1.14668,1.14642,1.14643,391
2026-09-17T03:40:00+00:00,1.14643,1.14656,1.14638,1.14646,356
2026-09-17T03:45:00+00:00,1.14646,1.14654,1.14629,1.14636,322
2026-09-17T03:50:00+00:00,1.14636,1.14638,1.14595,1.14604,551
2026-09-17T03:55:00+00:00,1.14604,1.14614,1.14591,1.14593,656
2026-09-17T04:00:00+00:00,1.14593,1.14602,1.14575,1.14579,734
2026-09-17T04:05:00+00:00,1.14579,1.14617,1.14576,1.14611,733
2026-09-17T04:10:00+00:00,1.14611,1.14619,1.14583,1.14617,752
2026-09-17T04:15:00+00:00,1.14618,1.14633,1.14616,1.14621,617
2026-09-17T04:20:00+00:00,1.14621,1.14642,1.14612,1.14634,543
2026-09-17T04:25:00+00:00,1.14634,1.14634,1.14620,1.14626,484
2026-09-17T04:30:00+00:00,1.14626,1.14648,1.14623,1.14628,451
2026-09-17T04:35:00+00:00,1.14628,1.14629,1.14587,1.14588,506
2026-09-17T04:40:00+00:00,1.14588,1.14588,1.14577,1.14582,426
2026-09-17T04:45:00+00:00,1.14582,1.14588,1.14574,1.14581,397
2026-09-17T04:50:00+00:00,1.14581,1.14602,1.14580,1.14601,358
2026-09-17T04:55:00+00:00,1.14601,1.14602,1.14582,1.14586,458
2026-09-17T05:00:00+00:00,1.14585,1.14614,1.14584,1.14614,599
2026-09-17T05:05:00+00:00,1.14614,1.14630,1.14608,1.14616,491
2026-09-17T05:10:00+00:00,1.14616,1.14621,1.14601,1.14618,490
2026-09-17T05:15:00+00:00,1.14618,1.14623,1.14607,1.14616,411
2026-09-17T05:20:00+00:00,1.14616,1.14617,1.14595,1.14598,308
2026-09-17T05:25:00+00:00,1.14598,1.14607,1.14593,1.14593,338
2026-09-17T05:30:00+00:00,1.14594,1.14596,1.14572,1.14574,376
2026-09-17T05:35:00+00:00,1.14574,1.14598,1.14560,1.14595,596
2026-09-17T05:40:00+00:00,1.14595,1.14600,1.14588,1.14590,322
2026-09-17T05:45:00+00:00,1.14590,1.14593,1.14577,1.14583,330
2026-09-17T05:50:00+00:00,1.14583,1.14593,1.14568,1.14571,303
2026-09-17T05:55:00+00:00,1.14571,1.14580,1.14566,1.14579,243
2026-09-17T06:00:00+00:00,1.14579,1.14595,1.14573,1.14579,690
2026-09-17T06:05:00+00:00,1.14579,1.14608,1.14578,1.14601,489
2026-09-17T06:10:00+00:00,1.14601,1.14610,1.14598,1.14608,459
2026-09-17T06:15:00+00:00,1.14608,1.14611,1.14589,1.14605,383
2026-09-17T06:20:00+00:00,1.14606,1.14606,1.14588,1.14590,300
2026-09-17T06:25:00+00:00,1.14590,1.14594,1.14582,1.14584,328
2026-09-17T06:30:00+00:00,1.14584,1.14599,1.14583,1.14593,328
2026-09-17T06:35:00+00:00,1.14593,1.14610,1.14588,1.14609,333
2026-09-17T06:40:00+00:00,1.14609,1.14611,1.14592,1.14593,239
2026-09-17T06:45:00+00:00,1.14593,1.14596,1.14583,1.14589,248
2026-09-17T06:50:00+00:00,1.14589,1.14591,1.14583,1.14589,198
2026-09-17T06:55:00+00:00,1.14589,1.14615,1.14589,1.14601,240
2026-09-17T07:00:00+00:00,1.14601,1.14613,1.14594,1.14610,238
2026-09-17T07:05:00+00:00,1.14610,1.14619,1.14609,1.14617,199
2026-09-17T07:10:00+00:00,1.14617,1.14617,1.14602,1.14604,184
2026-09-17T07:15:00+00:00,1.14604,1.14618,1.14597,1.14615,234
2026-09-17T07:20:00+00:00,1.14615,1.14632,1.14615,1.14626,135
2026-09-17T07:25:00+00:00,1.14626,1.14626,1.14619,1.14621,174
2026-09-17T07:30:00+00:00,1.14622,1.14647,1.14618,1.14640,214
2026-09-17T07:35:00+00:00,1.14640,1.14656,1.14639,1.14644,253
2026-09-17T07:40:00+00:00,1.14644,1.14644,1.14630,1.14641,211
2026-09-17T07:45:00+00:00,1.14641,1.14661,1.14640,1.14655,297
2026-09-17T07:50:00+00:00,1.14655,1.14666,1.14650,1.14661,240
2026-09-17T07:55:00+00:00,1.14661,1.14667,1.14660,1.14663,233
2026-09-17T08:00:00+00:00,1.14663,1.14683,1.14662,1.14672,331
2026-09-17T08:05:00+00:00,1.14672,1.14672,1.14648,1.14652,437
2026-09-17T08:10:00+00:00,1.14652,1.14657,1.14645,1.14655,312
2026-09-17T08:15:00+00:00,1.14655,1.14656,1.14640,1.14644,296
2026-09-17T08:20:00+00:00,1.14644,1.14644,1.14634,1.14641,191
2026-09-17T08:25:00+00:00,1.14642,1.14655,1.14639,1.14651,231
2026-09-17T08:30:00+00:00,1.14651,1.14652,1.14635,1.14639,391
2026-09-17T08:35:00+00:00,1.14639,1.14651,1.14636,1.14644,393
2026-09-17T08:40:00+00:00,1.14644,1.14654,1.14643,1.14654,459
2026-09-17T08:45:00+00:00,1.14654,1.14661,1.14642,1.14660,426
2026-09-17T08:50:00+00:00,1.14660,1.14673,1.14657,1.14664,423
2026-09-17T08:55:00+00:00,1.14665,1.14667,1.14653,1.14666,353
2026-09-17T09:00:00+00:00,1.14666,1.14684,1.14657,1.14658,663
2026-09-17T09:05:00+00:00,1.14657,1.14686,1.14656,1.14684,607
2026-09-17T09:10:00+00:00,1.14684,1.14708,1.14680,1.14705,461
2026-09-17T09:15:00+00:00,1.14705,1.14713,1.14692,1.14711,488
2026-09-17T09:20:00+00:00,1.14711,1.14740,1.14708,1.14735,529
2026-09-17T09:25:00+00:00,1.14735,1.14764,1.14734,1.14761,496
2026-09-17T09:30:00+00:00,1.14761,1.14780,1.14747,1.14762,689
2026-09-17T09:35:00+00:00,1.14762,1.14775,1.14758,1.14759,393
2026-09-17T09:40:00+00:00,1.14759,1.14797,1.14759,1.14796,584
2026-09-17T09:45:00+00:00,1.14796,1.14814,1.14784,1.14810,372
2026-09-17T09:50:00+00:00,1.14810,1.14830,1.14805,1.14825,459
2026-09-17T09:55:00+00:00,1.14825,1.14836,1.14796,1.14799,616
2026-09-17T10:00:00+00:00,1.14799,1.14810,1.14756,1.14758,650
2026-09-17T10:05:00+00:00,1.14757,1.14799,1.14755,1.14787,681
2026-09-17T10:10:00+00:00,1.14787,1.14803,1.14769,1.14778,639
2026-09-17T10:15:00+00:00,1.14778,1.14815,1.14777,1.14793,488
2026-09-17T10:20:00+00:00,1.14793,1.14795,1.14778,1.14788,528
2026-09-17T10:25:00+00:00,1.14788,1.14799,1.14783,1.14797,563
2026-09-17T10:30:00+00:00,1.14796,1.14803,1.14781,1.14788,611
2026-09-17T10:35:00+00:00,1.14788,1.14794,1.14768,1.14789,550
2026-09-17T10:40:00+00:00,1.14789,1.14790,1.14761,1.14774,337
2026-09-17T10:45:00+00:00,1.14774,1.14776,1.14753,1.14767,578
2026-09-17T10:50:00+00:00,1.14767,1.14771,1.14716,1.14717,697
2026-09-17T10:55:00+00:00,1.14717,1.14740,1.14701,1.14734,511
2026-09-17T11:00:00+00:00,1.14734,1.14735,1.14717,1.14728,559
2026-09-17T11:05:00+00:00,1.14728,1.14734,1.14721,1.14726,460
2026-09-17T11:10:00+00:00,1.14726,1.14729,1.14672,1.14682,461
2026-09-17T11:15:00+00:00,1.14682,1.14700,1.14677,1.14698,616
2026-09-17T11:20:00+00:00,1.14698,1.14714,1.14674,1.14681,448
2026-09-17T11:25:00+00:00,1.14681,1.14702,1.14678,1.14698,484
2026-09-17T11:30:00+00:00,1.14698,1.14717,1.14691,1.14709,446
2026-09-17T11:35:00+00:00,1.14709,1.14723,1.14707,1.14721,265
2026-09-17T11:40:00+00:00,1.14721,1.14735,1.14714,1.14715,408
2026-09-17T11:45:00+00:00,1.14714,1.14733,1.14704,1.14724,497
2026-09-17T11:50:00+00:00,1.14724,1.14730,1.14702,1.14702,483
2026-09-17T11:55:00+00:00,1.14702,1.14736,1.14702,1.14729,519
2026-09-17T12:00:00+00:00,1.14729,1.14756,1.14722,1.14730,639
2026-09-17T12:05:00+00:00,1.14730,1.14767,1.14728,1.14761,500
2026-09-17T12:10:00+00:00,1.14761,1.14782,1.14759,1.14765,499
2026-09-17T12:15:00+00:00,1.14765,1.14766,1.14730,1.14730,479
2026-09-17T12:20:00+00:00,1.14730,1.14760,1.14724,1.14759,474
2026-09-17T12:25:00+00:00,1.14759,1.14759,1.14723,1.14749,697
2026-09-17T12:30:00+00:00,1.14749,1.14766,1.14733,1.14763,735
2026-09-17T12:35:00+00:00,1.14763,1.14768,1.14749,1.14759,403
2026-09-17T12:40:00+00:00,1.14758,1.14765,1.14749,1.14750,506
2026-09-17T12:45:00+00:00,1.14750,1.14760,1.14748,1.14755,313
2026-09-17T12:50:00+00:00,1.14755,1.14756,1.14718,1.14733,518
2026-09-17T12:55:00+00:00,1.14733,1.14744,1.14724,1.14725,389
2026-09-17T13:00:00+00:00,1.14726,1.14754,1.14724,1.14744,599
2026-09-17T13:05:00+00:00,1.14743,1.14781,1.14742,1.14774,532
2026-09-17T13:10:00+00:00,1.14773,1.14803,1.14769,1.14770,632
2026-09-17T13:15:00+00:00,1.14769,1.14783,1.14760,1.14776,464
2026-09-17T13:20:00+00:00,1.14776,1.14796,1.14775,1.14794,375
2026-09-17T13:25:00+00:00,1.14794,1.14804,1.14776,1.14796,507
2026-09-17T13:30:00+00:00,1.14796,1.14807,1.14770,1.14773,476
2026-09-17T13:35:00+00:00,1.14773,1.14788,1.14770,1.14773,453
2026-09-17T13:40:00+00:00,1.14773,1.14776,1.14748,1.14766,339
2026-09-17T13:45:00+00:00,1.14767,1.14784,1.14765,1.14777,445
2026-09-17T13:50:00+00:00,1.14777,1.14795,1.14766,1.14776,453
2026-09-17T13:55:00+00:00,1.14776,1.14791,1.14767,1.14785,477
2026-09-17T14:00:00+00:00,1.14785,1.14790,1.14761,1.14772,1455
2026-09-17T14:05:00+00:00,1.14773,1.14775,1.14738,1.14763,1380
2026-09-17T14:10:00+00:00,1.14763,1.14769,1.14740,1.14743,966
2026-09-17T14:15:00+00:00,1.14743,1.14755,1.14715,1.14716,806
2026-09-17T14:20:00+00:00,1.14716,1.14734,1.14709,1.14710,963
2026-09-17T14:25:00+00:00,1.14710,1.14722,1.14690,1.14717,737
2026-09-17T14:30:00+00:00,1.14717,1.14719,1.14686,1.14697,647
2026-09-17T14:35:00+00:00,1.14697,1.14710,1.14690,1.14698,586
2026-09-17T14:40:00+00:00,1.14699,1.14719,1.14682,1.14711,575
2026-09-17T14:45:00+00:00,1.14711,1.14711,1.14684,1.14692,412
2026-09-17T14:50:00+00:00,1.14692,1.14704,1.14687,1.14703,460
2026-09-17T14:55:00+00:00,1.14703,1.14749,1.14696,1.14735,916
2026-09-17T15:00:00+00:00,1.14735,1.14758,1.14718,1.14754,1178
2026-09-17T15:05:00+00:00,1.14754,1.14818,1.14754,1.14812,1208
2026-09-17T15:10:00+00:00,1.14812,1.14845,1.14809,1.14828,1374
2026-09-17T15:15:00+00:00,1.14828,1.14885,1.14815,1.14884,1083
2026-09-17T15:20:00+00:00,1.14884,1.14901,1.14867,1.14889,1134
2026-09-17T15:25:00+00:00,1.14888,1.14958,1.14883,1.14953,804
2026-09-17T15:30:00+00:00,1.14956,1.14957,1.14906,1.14915,1014
2026-09-17T15:35:00+00:00,1.14915,1.14916,1.14857,1.14868,971
2026-09-17T15:40:00+00:00,1.14868,1.14883,1.14843,1.14845,939
2026-09-17T15:45:00+00:00,1.14844,1.14868,1.14843,1.14854,704
2026-09-17T15:50:00+00:00,1.14854,1.14891,1.14846,1.14890,716
2026-09-17T15:55:00+00:00,1.14890,1.14921,1.14879,1.14914,742
2026-09-17T16:00:00+00:00,1.14914,1.14930,1.14903,1.14915,874
2026-09-17T16:05:00+00:00,1.14915,1.14915,1.14867,1.14868,766
2026-09-17T16:10:00+00:00,1.14867,1.14879,1.14852,1.14868,828
2026-09-17T16:15:00+00:00,1.14868,1.14900,1.14867,1.14889,700
2026-09-17T16:20:00+00:00,1.14889,1.14906,1.14867,1.14888,774
2026-09-17T16:25:00+00:00,1.14888,1.14910,1.14874,1.14887,642
2026-09-17T16:30:00+00:00,1.14887,1.14899,1.14876,1.14888,1096
2026-09-17T16:35:00+00:00,1.14888,1.14909,1.14888,1.14896,1019
2026-09-17T16:40:00+00:00,1.14896,1.14897,1.14850,1.14862,1030
2026-09-17T16:45:00+00:00,1.14862,1.14913,1.14861,1.14895,1122
2026-09-17T16:50:00+00:00,1.14895,1.14904,1.14881,1.14891,1049
2026-09-17T16:55:00+00:00,1.14892,1.14906,1.14876,1.14887,792
2026-09-17T17:00:00+00:00,1.14887,1.14952,1.14878,1.14946,1190
2026-09-17T17:05:00+00:00,1.14947,1.14979,1.14936,1.14972,1161
2026-09-17T17:10:00+00:00,1.14972,1.14978,1.14939,1.14950,1007
2026-09-17T17:15:00+00:00,1.14950,1.14961,1.14911,1.14913,883
2026-09-17T17:20:00+00:00,1.14914,1.14953,1.14905,1.14941,916
2026-09-17T17:25:00+00:00,1.14941,1.14947,1.14901,1.14903,840
2026-09-17T17:30:00+00:00,1.14903,1.14935,1.14901,1.14912,873
2026-09-17T17:35:00+00:00,1.14912,1.14921,1.14875,1.14875,928
2026-09-17T17:40:00+00:00,1.14875,1.14929,1.14875,1.14917,707
2026-09-17T17:45:00+00:00,1.14917,1.14943,1.14911,1.14917,866
2026-09-17T17:50:00+00:00,1.14917,1.14923,1.14879,1.14885,985
2026-09-17T17:55:00+00:00,1.14885,1.14903,1.14851,1.14861,1081
2026-09-17T18:00:00+00:00,1.14862,1.14869,1.14839,1.14851,860
2026-09-17T18:05:00+00:00,1.14852,1.14879,1.14841,1.14842,824
2026-09-17T18:10:00+00:00,1.14842,1.14846,1.14819,1.14828,755
2026-09-17T18:15:00+00:00,1.14828,1.14848,1.14819,1.14847,800
2026-09-17T18:20:00+00:00,1.14847,1.14848,1.14815,1.14815,628
2026-09-17T18:25:00+00:00,1.14815,1.14818,1.14791,1.14799,959
2026-09-17T18:30:00+00:00,1.14799,1.14802,1.14771,1.14778,759
2026-09-17T18:35:00+00:00,1.14780,1.14789,1.14770,1.14779,644
2026-09-17T18:40:00+00:00,1.14779,1.14794,1.14768,1.14780,645
2026-09-17T18:45:00+00:00,1.14780,1.14784,1.14755,1.14769,603
2026-09-17T18:50:00+00:00,1.14769,1.14791,1.14758,1.14789,621
2026-09-17T18:55:00+00:00,1.14789,1.14789,1.14768,1.14782,563
2026-09-17T19:00:00+00:00,1.14782,1.14797,1.14766,1.14767,600
2026-09-17T19:05:00+00:00,1.14767,1.14770,1.14750,1.14764,518
2026-09-17T19:10:00+00:00,1.14765,1.14781,1.14749,1.14779,477
2026-09-17T19:15:00+00:00,1.14779,1.14786,1.14758,1.14763,469
2026-09-17T19:20:00+00:00,1.14763,1.14774,1.14762,1.14764,421
2026-09-17T19:25:00+00:00,1.14765,1.14775,1.14762,1.14775,394
2026-09-17T19:30:00+00:00,1.14775,1.14775,1.14742,1.14754,539
2026-09-17T19:35:00+00:00,1.14754,1.14762,1.14748,1.14760,402
2026-09-17T19:40:00+00:00,1.14760,1.14780,1.14758,1.14780,441
2026-09-17T19:45:00+00:00,1.14779,1.14780,1.14768,1.14769,376
2026-09-17T19:50:00+00:00,1.14769,1.14769,1.14753,1.14755,354
2026-09-17T19:55:00+00:00,1.14755,1.14764,1.14738,1.14760,747
2026-09-17T20:00:00+00:00,1.14761,1.14768,1.14738,1.14767,531
2026-09-17T20:05:00+00:00,1.14767,1.14774,1.14762,1.14768,307
2026-09-17T20:10:00+00:00,1.14768,1.14768,1.14745,1.14755,272
2026-09-17T20:15:00+00:00,1.14755,1.14766,1.14750,1.14765,286
2026-09-17T20:20:00+00:00,1.14765,1.14766,1.14752,1.14761,230
2026-09-17T20:25:00+00:00,1.14761,1.14769,1.14752,1.14759,275
2026-09-17T20:30:00+00:00,1.14759,1.14772,1.14758,1.14759,255
2026-09-17T20:35:00+00:00,1.14759,1.14776,1.14754,1.14767,247
2026-09-17T20:40:00+00:00,1.14767,1.14773,1.14757,1.14763,212
2026-09-17T20:45:00+00:00,1.14763,1.14771,1.14757,1.14759,267
2026-09-17T20:50:00+00:00,1.14759,1.14767,1.14752,1.14758,285
2026-09-17T20:55:00+00:00,1.14757,1.14773,1.14756,1.14772,273
2026-09-17T21:00:00+00:00,1.14772,1.14778,1.14757,1.14775,317
2026-09-17T21:05:00+00:00,1.14776,1.14779,1.14757,1.14758,274
2026-09-17T21:10:00+00:00,1.14758,1.14774,1.14750,1.14769,343
2026-09-17T21:15:00+00:00,1.14769,1.14771,1.14750,1.14756,225
2026-09-17T21:20:00+00:00,1.14757,1.14758,1.14738,1.14738,258
2026-09-17T21:25:00+00:00,1.14738,1.14749,1.14735,1.14746,211
2026-09-17T21:30:00+00:00,1.14746,1.14749,1.14740,1.14743,230
2026-09-17T21:35:00+00:00,1.14743,1.14747,1.14737,1.14746,250
2026-09-17T21:40:00+00:00,1.14746,1.14751,1.14743,1.14748,243
2026-09-17T21:45:00+00:00,1.14748,1.14758,1.14743,1.14758,200
2026-09-17T21:50:00+00:00,1.14758,1.14760,1.14747,1.14753,258
2026-09-17T21:55:00+00:00,1.14753,1.14753,1.14734,1.14749,287
2026-09-17T22:00:00+00:00,1.14749,1.14770,1.14747,1.14763,412
2026-09-17T22:05:00+00:00,1.14763,1.14779,1.14762,1.14776,329
2026-09-17T22:10:00+00:00,1.14776,1.14778,1.14769,1.14773,289
2026-09-17T22:15:00+00:00,1.14772,1.14777,1.14764,1.14774,251
2026-09-17T22:20:00+00:00,1.14774,1.14784,1.14773,1.14778,378
2026-09-17T22:25:00+00:00,1.14778,1.14789,1.14778,1.14779,297
2026-09-17T22:30:00+00:00,1.14779,1.14794,1.14779,1.14788,400
2026-09-17T22:35:00+00:00,1.14788,1.14799,1.14786,1.14798,285
2026-09-17T22:40:00+00:00,1.14798,1.14803,1.14790,1.14793,327
2026-09-17T22:45:00+00:00,1.14793,1.14799,1.14792,1.14798,211
2026-09-17T22:50:00+00:00,1.14798,1.14810,1.14793,1.14808,253
2026-09-17T22:55:00+00:00,1.14808,1.14808,1.14787,1.14788,585
2026-09-17T23:00:00+00:00,1.14788,1.14797,1.14776,1.14777,252
2026-09-17T23:05:00+00:00,1.14777,1.14778,1.14756,1.14756,172
2026-09-17T23:10:00+00:00,1.14757,1.14757,1.14735,1.14752,99
2026-09-17T23:15:00+00:00,1.14752,1.14757,1.14750,1.14757,82
2026-09-17T23:20:00+00:00,1.14757,1.14765,1.14756,1.14756,70
2026-09-17T23:25:00+00:00,1.14756,1.14773,1.14755,1.14768,101
2026-09-17T23:30:00+00:00,1.14768,1.14780,1.14768,1.14776,91
2026-09-17T23:35:00+00:00,1.14776,1.14776,1.14768,1.14769,85
2026-09-17T23:40:00+00:00,1.14769,1.14776,1.14766,1.14769,63
2026-09-17T23:45:00+00:00,1.14769,1.14774,1.14767,1.14773,74
2026-09-17T23:50:00+00:00,1.14773,1.14774,1.14757,1.14764,112
2026-09-17T23:55:00+00:00,1.14764,1.14771,1.14746,1.14752,274
2026-09-18T00:00:00+00:00,1.14752,1.14778,1.14738,1.14774,97
2026-09-18T00:05:00+00:00,1.14774,1.14779,1.14771,1.14778,39
2026-09-18T00:10:00+00:00,1.14776,1.14787,1.14774,1.14787,39
2026-09-18T00:15:00+00:00,1.14787,1.14787,1.14774,1.14784,16
2026-09-18T00:20:00+00:00,1.14784,1.14784,1.14780,1.14782,9
2026-09-18T00:25:00+00:00,1.14782,1.14782,1.14752,1.14756,56
2026-09-18T00:30:00+00:00,1.14756,1.14764,1.14749,1.14758,80
2026-09-18T00:35:00+00:00,1.14758,1.14770,1.14757,1.14763,84
2026-09-18T00:40:00+00:00,1.14763,1.14772,1.14759,1.14771,93
2026-09-18T00:45:00+00:00,1.14771,1.14772,1.14761,1.14766,101
2026-09-18T00:50:00+00:00,1.14766,1.14774,1.14762,1.14773,123
2026-09-18T00:55:00+00:00,1.14773,1.14775,1.14766,1.14774,218
2026-09-18T01:00:00+00:00,1.14774,1.14783,1.14752,1.14753,186
2026-09-18T01:05:00+00:00,1.14753,1.14760,1.14753,1.14758,98
2026-09-18T01:10:00+00:00,1.14758,1.14766,1.14757,1.14760,155
2026-09-18T01:15:00+00:00,1.14760,1.14765,1.14758,1.14758,53
2026-09-18T01:20:00+00:00,1.14758,1.14764,1.14758,1.14763,57
2026-09-18T01:25:00+00:00,1.14763,1.14769,1.14762,1.14768,45
2026-09-18T01:30:00+00:00,1.14769,1.14779,1.14768,1.14777,89
2026-09-18T01:35:00+00:00,1.14777,1.14779,1.14774,1.14777,98
2026-09-18T01:40:00+00:00,1.14777,1.14779,1.14774,1.14775,57
2026-09-18T01:45:00+00:00,1.14774,1.14778,1.14770,1.14778,48
2026-09-18T01:50:00+00:00,1.14778,1.14779,1.14775,1.14777,88
2026-09-18T01:55:00+00:00,1.14777,1.14783,1.14775,1.14779,110
2026-09-18T02:00:00+00:00,1.14779,1.14783,1.14774,1.14777,109
2026-09-18T02:05:00+00:00,1.14777,1.14783,1.14776,1.14783,131
2026-09-18T02:10:00+00:00,1.14782,1.14787,1.14780,1.14783,87
2026-09-18T02:15:00+00:00,1.14783,1.14784,1.14772,1.14773,81
2026-09-18T02:20:00+00:00,1.14774,1.14784,1.14773,1.14778,110
2026-09-18T02:25:00+00:00,1.14778,1.14779,1.14766,1.14768,54
2026-09-18T02:30:00+00:00,1.14768,1.14769,1.14758,1.14763,136
2026-09-18T02:35:00+00:00,1.14764,1.14769,1.14757,1.14763,239
2026-09-18T02:40:00+00:00,1.14763,1.14766,1.14755,1.14759,178
2026-09-18T02:45:00+00:00,1.14760,1.14774,1.14760,1.14766,252
2026-09-18T02:50:00+00:00,1.14766,1.14774,1.14761,1.14772,220
2026-09-18T02:55:00+00:00,1.14773,1.14773,1.14751,1.14757,200
2026-09-18T03:00:00+00:00,1.14757,1.14767,1.14743,1.14766,472
2026-09-18T03:05:00+00:00,1.14766,1.14789,1.14766,1.14788,299
2026-09-18T03:10:00+00:00,1.14788,1.14797,1.14777,1.14786,352
2026-09-18T03:15:00+00:00,1.14786,1.14796,1.14780,1.14795,229
2026-09-18T03:20:00+00:00,1.14795,1.14805,1.14785,1.14803,238
2026-09-18T03:25:00+00:00,1.14803,1.14803,1.14783,1.14788,355
2026-09-18T03:30:00+00:00,1.14787,1.14795,1.14787,1.14792,368
2026-09-18T03:35:00+00:00,1.14792,1.14798,1.14786,1.14792,316
2026-09-18T03:40:00+00:00,1.14792,1.14796,1.14777,1.14782,305
2026-09-18T03:45:00+00:00,1.14782,1.14786,1.14770,1.14785,319
2026-09-18T03:50:00+00:00,1.14784,1.14796,1.14779,1.14790,419
2026-09-18T03:55:00+00:00,1.14790,1.14804,1.14787,1.14795,349
2026-09-18T04:00:00+00:00,1.14794,1.14814,1.14794,1.14804,493
2026-09-18T04:05:00+00:00,1.14805,1.14814,1.14797,1.14799,412
2026-09-18T04:10:00+00:00,1.14799,1.14806,1.14794,1.14799,326
2026-09-18T04:15:00+00:00,1.14799,1.14803,1.14791,1.14791,448
2026-09-18T04:20:00+00:00,1.14791,1.14812,1.14788,1.14810,311
2026-09-18T04:25:00+00:00,1.14810,1.14810,1.14789,1.14790,223
2026-09-18T04:30:00+00:00,1.14790,1.14796,1.14768,1.14783,380
2026-09-18T04:35:00+00:00,1.14783,1.14793,1.14778,1.14778,334
2026-09-18T04:40:00+00:00,1.14778,1.14801,1.14778,1.14793,363
2026-09-18T04:45:00+00:00,1.14793,1.14806,1.14785,1.14802,341
2026-09-18T04:50:00+00:00,1.14802,1.14817,1.14793,1.14815,295
2026-09-18T04:55:00+00:00,1.14814,1.14825,1.14809,1.14824,241
2026-09-18T05:00:00+00:00,1.14824,1.14825,1.14811,1.14813,209
2026-09-18T05:05:00+00:00,1.14813,1.14821,1.14804,1.14805,128
2026-09-18T05:10:00+00:00,1.14805,1.14810,1.14796,1.14807,252
2026-09-18T05:15:00+00:00,1.14806,1.14807,1.14792,1.14805,217
2026-09-18T05:20:00+00:00,1.14805,1.14813,1.14803,1.14810,248
2026-09-18T05:25:00+00:00,1.14810,1.14816,1.14807,1.14814,234
2026-09-18T05:30:00+00:00,1.14814,1.14819,1.14810,1.14812,292
2026-09-18T05:35:00+00:00,1.14812,1.14817,1.14799,1.14808,278
2026-09-18T05:40:00+00:00,1.14808,1.14810,1.14791,1.14792,279
2026-09-18T05:45:00+00:00,1.14792,1.14803,1.14792,1.14793,249
2026-09-18T05:50:00+00:00,1.14793,1.14803,1.14774,1.14774,461
2026-09-18T05:55:00+00:00,1.14774,1.14798,1.14765,1.14797,630
2026-09-18T06:00:00+00:00,1.14797,1.14810,1.14789,1.14806,455
2026-09-18T06:05:00+00:00,1.14806,1.14826,1.14799,1.14821,538
2026-09-18T06:10:00+00:00,1.14821,1.14839,1.14818,1.14838,525
2026-09-18T06:15:00+00:00,1.14838,1.14839,1.14827,1.14833,341
2026-09-18T06:20:00+00:00,1.14834,1.14848,1.14825,1.14828,394
2026-09-18T06:25:00+00:00,1.14828,1.14840,1.14827,1.14839,437
2026-09-18T06:30:00+00:00,1.14839,1.14855,1.14832,1.14853,476
2026-09-18T06:35:00+00:00,1.14853,1.14857,1.14842,1.14844,472
2026-09-18T06:40:00+00:00,1.14844,1.14865,1.14837,1.14863,411
2026-09-18T06:45:00+00:00,1.14863,1.14878,1.14863,1.14873,322
2026-09-18T06:50:00+00:00,1.14873,1.14883,1.14871,1.14880,274
2026-09-18T06:55:00+00:00,1.14880,1.14888,1.14877,1.14887,219
2026-09-18T07:00:00+00:00,1.14887,1.14907,1.14885,1.14903,341
2026-09-18T07:05:00+00:00,1.14904,1.14915,1.14903,1.14908,252
2026-09-18T07:10:00+00:00,1.14908,1.14913,1.14902,1.14913,237
2026-09-18T07:15:00+00:00,1.14913,1.14919,1.14905,1.14914,345
2026-09-18T07:20:00+00:00,1.14914,1.14916,1.14898,1.14907,329
2026-09-18T07:25:00+00:00,1.14907,1.14913,1.14899,1.14902,303
2026-09-18T07:30:00+00:00,1.14902,1.14904,1.14892,1.14895,260
2026-09-18T07:35:00+00:00,1.14895,1.14896,1.14882,1.14888,244
2026-09-18T07:40:00+00:00,1.14888,1.14898,1.14884,1.14892,273
2026-09-18T07:45:00+00:00,1.14892,1.14893,1.14882,1.14887,327
2026-09-18T07:50:00+00:00,1.14888,1.14891,1.14877,1.14882,356
2026-09-18T07:55:00+00:00,1.14882,1.14887,1.14866,1.14868,351
2026-09-18T08:00:00+00:00,1.14868,1.14869,1.14854,1.14863,347
2026-09-18T08:05:00+00:00,1.14863,1.14877,1.14861,1.14866,255
2026-09-18T08:10:00+00:00,1.14866,1.14867,1.14846,1.14847,296
2026-09-18T08:15:00+00:00,1.14847,1.14854,1.14847,1.14851,235
2026-09-18T08:20:00+00:00,1.14851,1.14852,1.14826,1.14834,337
2026-09-18T08:25:00+00:00,1.14834,1.14838,1.14817,1.14817,245
2026-09-18T08:30:00+00:00,1.14818,1.14818,1.14801,1.14801,323
2026-09-18T08:35:00+00:00,1.14802,1.14813,1.14801,1.14812,249
2026-09-18T08:40:00+00:00,1.14812,1.14824,1.14804,1.14821,311
2026-09-18T08:45:00+00:00,1.14822,1.14823,1.14802,1.14803,189
2026-09-18T08:50:00+00:00,1.14803,1.14815,1.14796,1.14801,359
2026-09-18T08:55:00+00:00,1.14801,1.14802,1.14785,1.14788,430
2026-09-18T09:00:00+00:00,1.14788,1.14806,1.14787,1.14789,632
2026-09-18T09:05:00+00:00,1.14789,1.14818,1.14780,1.14817,554
2026-09-18T09:10:00+00:00,1.14817,1.14824,1.14811,1.14812,397
2026-09-18T09:15:00+00:00,1.14812,1.14813,1.14791,1.14801,408
2026-09-18T09:20:00+00:00,1.14801,1.14824,1.14796,1.14818,517
2026-09-18T09:25:00+00:00,1.14818,1.14835,1.14817,1.14825,453
2026-09-18T09:30:00+00:00,1.14825,1.14832,1.14809,1.14811,571
2026-09-18T09:35:00+00:00,1.14811,1.14824,1.14802,1.14813,570
2026-09-18T09:40:00+00:00,1.14813,1.14847,1.14808,1.14831,1134
2026-09-18T09:45:00+00:00,1.14831,1.14843,1.14826,1.14834,782
2026-09-18T09:50:00+00:00,1.14834,1.14839,1.14820,1.14838,507
2026-09-18T09:55:00+00:00,1.14838,1.14843,1.14824,1.14835,641
2026-09-18T10:00:00+00:00,1.14835,1.14858,1.14815,1.14855,651
2026-09-18T10:05:00+00:00,1.14855,1.14860,1.14835,1.14841,649
2026-09-18T10:10:00+00:00,1.14841,1.14845,1.14782,1.14792,652
2026-09-18T10:15:00+00:00,1.14792,1.14821,1.14782,1.14803,775
2026-09-18T10:20:00+00:00,1.14803,1.14811,1.14789,1.14798,700
2026-09-18T10:25:00+00:00,1.14798,1.14805,1.14781,1.14792,669
2026-09-18T10:30:00+00:00,1.14792,1.14814,1.14781,1.14798,633
2026-09-18T10:35:00+00:00,1.14798,1.14831,1.14791,1.14823,704
2026-09-18T10:40:00+00:00,1.14824,1.14854,1.14813,1.14850,731
2026-09-18T10:45:00+00:00,1.14851,1.14868,1.14837,1.14852,989
2026-09-18T10:50:00+00:00,1.14852,1.14875,1.14851,1.14863,579
2026-09-18T10:55:00+00:00,1.14863,1.14875,1.14854,1.14855,657
2026-09-18T11:00:00+00:00,1.14855,1.14867,1.14846,1.14863,985
2026-09-18T11:05:00+00:00,1.14863,1.14877,1.14850,1.14874,703
2026-09-18T11:10:00+00:00,1.14876,1.14908,1.14876,1.14892,970
2026-09-18T11:15:00+00:00,1.14892,1.14892,1.14862,1.14868,621
2026-09-18T11:20:00+00:00,1.14868,1.14875,1.14833,1.14843,713
2026-09-18T11:25:00+00:00,1.14843,1.14845,1.14826,1.14829,580
2026-09-18T11:30:00+00:00,1.14829,1.14839,1.14811,1.14811,544
2026-09-18T11:35:00+00:00,1.14811,1.14820,1.14801,1.14806,691
2026-09-18T11:40:00+00:00,1.14805,1.14813,1.14786,1.14798,708
2026-09-18T11:45:00+00:00,1.14797,1.14800,1.14784,1.14787,647
2026-09-18T11:50:00+00:00,1.14788,1.14802,1.14778,1.14800,545
2026-09-18T11:55:00+00:00,1.14800,1.14827,1.14790,1.14826,457
2026-09-18T12:00:00+00:00,1.14826,1.14839,1.14812,1.14835,648
2026-09-18T12:05:00+00:00,1.14835,1.14839,1.14823,1.14826,345
2026-09-18T12:10:00+00:00,1.14826,1.14831,1.14810,1.14813,532
2026-09-18T12:15:00+00:00,1.14813,1.14821,1.14811,1.14821,479
2026-09-18T12:20:00+00:00,1.14820,1.14826,1.14812,1.14820,437
2026-09-18T12:25:00+00:00,1.14820,1.14829,1.14812,1.14820,438
2026-09-18T12:30:00+00:00,1.14820,1.14838,1.14817,1.14838,456
2026-09-18T12:35:00+00:00,1.14838,1.14849,1.14834,1.14837,527
2026-09-18T12:40:00+00:00,1.14837,1.14869,1.14830,1.14854,519
2026-09-18T12:45:00+00:00,1.14854,1.14860,1.14839,1.14844,757
2026-09-18T12:50:00+00:00,1.14844,1.14863,1.14842,1.14862,698
2026-09-18T12:55:00+00:00,1.14862,1.14865,1.14832,1.14833,637
2026-09-18T13:00:00+00:00,1.14834,1.14850,1.14826,1.14826,513
2026-09-18T13:05:00+00:00,1.14826,1.14854,1.14825,1.14837,558
2026-09-18T13:10:00+00:00,1.14837,1.14841,1.14830,1.14834,479
2026-09-18T13:15:00+00:00,1.14834,1.14849,1.14830,1.14845,652
2026-09-18T13:20:00+00:00,1.14845,1.14851,1.14828,1.14836,506
2026-09-18T13:25:00+00:00,1.14836,1.14837,1.14826,1.14831,476
2026-09-18T13:30:00+00:00,1.14831,1.14833,1.14805,1.14806,551
2026-09-18T13:35:00+00:00,1.14806,1.14806,1.14757,1.14757,635
2026-09-18T13:40:00+00:00,1.14757,1.14758,1.14727,1.14727,700
2026-09-18T13:45:00+00:00,1.14728,1.14736,1.14714,1.14716,603
2026-09-18T13:50:00+00:00,1.14716,1.14741,1.14714,1.14733,564
2026-09-18T13:55:00+00:00,1.14733,1.14738,1.14710,1.14737,766
2026-09-18T14:00:00+00:00,1.14737,1.14767,1.14734,1.14767,723
2026-09-18T14:05:00+00:00,1.14767,1.14769,1.14697,1.14714,2141
2026-09-18T14:10:00+00:00,1.14714,1.14743,1.14714,1.14720,750
2026-09-18T14:15:00+00:00,1.14720,1.14723,1.14684,1.14684,903
2026-09-18T14:20:00+00:00,1.14684,1.14701,1.14670,1.14670,714
2026-09-18T14:25:00+00:00,1.14670,1.14673,1.14639,1.14646,717
2026-09-18T14:30:00+00:00,1.14646,1.14649,1.14625,1.14637,936
2026-09-18T14:35:00+00:00,1.14637,1.14637,1.14592,1.14601,915
2026-09-18T14:40:00+00:00,1.14601,1.14604,1.14580,1.14585,740
2026-09-18T14:45:00+00:00,1.14585,1.14629,1.14581,1.14616,673
2026-09-18T14:50:00+00:00,1.14616,1.14616,1.14572,1.14586,683
2026-09-18T14:55:00+00:00,1.14585,1.14616,1.14585,1.14607,799
2026-09-18T15:00:00+00:00,1.14607,1.14640,1.14596,1.14636,898
2026-09-18T15:05:00+00:00,1.14636,1.14637,1.14596,1.14598,961
2026-09-18T15:10:00+00:00,1.14598,1.14611,1.14582,1.14598,416
2026-09-18T15:15:00+00:00,1.14598,1.14622,1.14594,1.14596,649
2026-09-18T15:20:00+00:00,1.14596,1.14596,1.14569,1.14572,667
2026-09-18T15:25:00+00:00,1.14572,1.14579,1.14548,1.14574,764
2026-09-18T15:30:00+00:00,1.14574,1.14625,1.14570,1.14624,842
2026-09-18T15:35:00+00:00,1.14623,1.14645,1.14623,1.14635,727
2026-09-18T15:40:00+00:00,1.14636,1.14641,1.14622,1.14638,764
2026-09-18T15:45:00+00:00,1.14638,1.14655,1.14628,1.14652,868
2026-09-18T15:50:00+00:00,1.14652,1.14679,1.14650,1.14665,590
2026-09-18T15:55:00+00:00,1.14666,1.14698,1.14664,1.14683,845
2026-09-18T16:00:00+00:00,1.14682,1.14693,1.14650,1.14676,1033
2026-09-18T16:05:00+00:00,1.14676,1.14684,1.14649,1.14666,700
2026-09-18T16:10:00+00:00,1.14666,1.14670,1.14649,1.14651,472
2026-09-18T16:15:00+00:00,1.14651,1.14658,1.14636,1.14639,679
2026-09-18T16:20:00+00:00,1.14640,1.14659,1.14632,1.14655,566
2026-09-18T16:25:00+00:00,1.14655,1.14669,1.14653,1.14668,567
2026-09-18T16:30:00+00:00,1.14668,1.14674,1.14646,1.14647,663
2026-09-18T16:35:00+00:00,1.14647,1.14653,1.14607,1.14622,835
2026-09-18T16:40:00+00:00,1.14622,1.14638,1.14607,1.14637,846
2026-09-18T16:45:00+00:00,1.14637,1.14668,1.14627,1.14643,660
2026-09-18T16:50:00+00:00,1.14643,1.14655,1.14611,1.14613,838
2026-09-18T16:55:00+00:00,1.14614,1.14621,1.14580,1.14586,728
2026-09-18T17:00:00+00:00,1.14586,1.14640,1.14583,1.14623,921
2026-09-18T17:05:00+00:00,1.14623,1.14645,1.14610,1.14639,879
2026-09-18T17:10:00+00:00,1.14639,1.14646,1.14623,1.14642,709
2026-09-18T17:15:00+00:00,1.14642,1.14648,1.14593,1.14596,856
2026-09-18T17:20:00+00:00,1.14596,1.14616,1.14585,1.14616,577
2026-09-18T17:25:00+00:00,1.14616,1.14641,1.14614,1.14616,770
2026-09-18T17:30:00+00:00,1.14616,1.14625,1.14607,1.14613,841
2026-09-18T17:35:00+00:00,1.14613,1.14643,1.14608,1.14627,902
2026-09-18T17:40:00+00:00,1.14628,1.14652,1.14623,1.14634,800
2026-09-18T17:45:00+00:00,1.14634,1.14644,1.14607,1.14609,1101
2026-09-18T17:50:00+00:00,1.14609,1.14652,1.14603,1.14621,2149
2026-09-18T17:55:00+00:00,1.14621,1.14653,1.14612,1.14618,1838
2026-09-18T18:00:00+00:00,1.14618,1.14627,1.14585,1.14587,1726
2026-09-18T18:05:00+00:00,1.14588,1.14625,1.14585,1.14616,910
2026-09-18T18:10:00+00:00,1.14616,1.14655,1.14610,1.14651,996
2026-09-18T18:15:00+00:00,1.14651,1.14679,1.14638,1.14678,792
2026-09-18T18:20:00+00:00,1.14678,1.14681,1.14650,1.14681,851
2026-09-18T18:25:00+00:00,1.14681,1.14691,1.14654,1.14670,809
2026-09-18T18:30:00+00:00,1.14670,1.14687,1.14663,1.14667,990
2026-09-18T18:35:00+00:00,1.14668,1.14691,1.14653,1.14655,895
2026-09-18T18:40:00+00:00,1.14655,1.14662,1.14638,1.14647,742
2026-09-18T18:45:00+00:00,1.14647,1.14660,1.14638,1.14645,910
2026-09-18T18:50:00+00:00,1.14644,1.14645,1.14606,1.14609,635
2026-09-18T18:55:00+00:00,1.14610,1.14640,1.14606,1.14637,649
2026-09-18T19:00:00+00:00,1.14638,1.14642,1.14623,1.14628,710
2026-09-18T19:05:00+00:00,1.14628,1.14680,1.14626,1.14674,637
2026-09-18T19:10:00+00:00,1.14674,1.14692,1.14669,1.14691,560
2026-09-18T19:15:00+00:00,1.14692,1.14705,1.14681,1.14695,621
2026-09-18T19:20:00+00:00,1.14695,1.14704,1.14687,1.14695,588
2026-09-18T19:25:00+00:00,1.14695,1.14719,1.14689,1.14716,787
2026-09-18T19:30:00+00:00,1.14716,1.14749,1.14712,1.14728,744
2026-09-18T19:35:00+00:00,1.14728,1.14741,1.14719,1.14734,570
2026-09-18T19:40:00+00:00,1.14735,1.14749,1.14732,1.14741,590
2026-09-18T19:45:00+00:00,1.14741,1.14750,1.14729,1.14746,428
2026-09-18T19:50:00+00:00,1.14746,1.14752,1.14735,1.14747,426
2026-09-18T19:55:00+00:00,1.14747,1.14750,1.14733,1.14737,353
2026-09-18T20:00:00+00:00,1.14737,1.14775,1.14737,1.14771,522
2026-09-18T20:05:00+00:00,1.14771,1.14796,1.14769,1.14791,478
2026-09-18T20:10:00+00:00,1.14791,1.14834,1.14791,1.14834,623
2026-09-18T20:15:00+00:00,1.14834,1.14838,1.14821,1.14834,500
2026-09-18T20:20:00+00:00,1.14834,1.14851,1.14828,1.14848,460
2026-09-18T20:25:00+00:00,1.14848,1.14851,1.14834,1.14839,433
2026-09-18T20:30:00+00:00,1.14839,1.14847,1.14823,1.14838,539
2026-09-18T20:35:00+00:00,1.14838,1.14854,1.14834,1.14834,538
2026-09-18T20:40:00+00:00,1.14835,1.14840,1.14813,1.14819,424
2026-09-18T20:45:00+00:00,1.14819,1.14827,1.14809,1.14818,410
2026-09-18T20:50:00+00:00,1.14818,1.14824,1.14813,1.14814,264
2026-09-18T20:55:00+00:00,1.14814,1.14816,1.14799,1.14808,308
2026-09-18T21:00:00+00:00,1.14809,1.14825,1.14804,1.14815,345
2026-09-18T21:05:00+00:00,1.14816,1.14831,1.14813,1.14820,367
2026-09-18T21:10:00+00:00,1.14820,1.14829,1.14815,1.14824,345
2026-09-18T21:15:00+00:00,1.14823,1.14826,1.14808,1.14809,248
2026-09-18T21:20:00+00:00,1.14809,1.14815,1.14806,1.14814,257
2026-09-18T21:25:00+00:00,1.14814,1.14818,1.14807,1.14814,298
2026-09-18T21:30:00+00:00,1.14815,1.14820,1.14808,1.14820,365
2026-09-18T21:35:00+00:00,1.14820,1.14830,1.14814,1.14823,261
2026-09-18T21:40:00+00:00,1.14823,1.14823,1.14806,1.14812,256
2026-09-18T21:45:00+00:00,1.14812,1.14834,1.14812,1.14830,436
2026-09-18T21:50:00+00:00,1.14830,1.14839,1.14825,1.14825,266
2026-09-18T21:55:00+00:00,1.14825,1.14836,1.14824,1.14835,353
2026-09-18T22:00:00+00:00,1.14835,1.14840,1.14825,1.14831,302
2026-09-18T22:05:00+00:00,1.14831,1.14852,1.14830,1.14849,312
2026-09-18T22:10:00+00:00,1.14849,1.14858,1.14846,1.14855,389
2026-09-18T22:15:00+00:00,1.14855,1.14870,1.14852,1.14857,387
2026-09-18T22:20:00+00:00,1.14858,1.14904,1.14857,1.14893,584
2026-09-18T22:25:00+00:00,1.14893,1.14895,1.14868,1.14880,318
2026-09-18T22:30:00+00:00,1.14880,1.14885,1.14874,1.14877,385
2026-09-18T22:35:00+00:00,1.14877,1.14877,1.14863,1.14869,279
2026-09-18T22:40:00+00:00,1.14869,1.14874,1.14864,1.14867,219
2026-09-18T22:45:00+00:00,1.14865,1.14880,1.14864,1.14872,266
2026-09-18T22:50:00+00:00,1.14872,1.14879,1.14856,1.14858,347
2026-09-18T22:55:00+00:00,1.14858,1.14877,1.14857,1.14864,509
2026-09-18T23:00:00+00:00,1.14864,1.14880,1.14864,1.14875,395
2026-09-18T23:05:00+00:00,1.14876,1.14888,1.14871,1.14880,319
2026-09-18T23:10:00+00:00,1.14880,1.14891,1.14859,1.14877,361
2026-09-18T23:15:00+00:00,1.14877,1.14884,1.14869,1.14876,195
2026-09-18T23:20:00+00:00,1.14876,1.14890,1.14874,1.14883,177
2026-09-18T23:25:00+00:00,1.14882,1.14885,1.14876,1.14880,96
2026-09-18T23:30:00+00:00,1.14880,1.14886,1.14873,1.14874,90
2026-09-18T23:35:00+00:00,1.14874,1.14879,1.14868,1.14869,104
2026-09-18T23:40:00+00:00,1.14869,1.14869,1.14848,1.14860,141
2026-09-18T23:45:00+00:00,1.14861,1.14864,1.14854,1.14862,360
2026-09-18T23:50:00+00:00,1.14862,1.14863,1.14853,1.14858,268
2026-09-18T23:55:00+00:00,1.14858,1.14865,1.14848,1.14865,474
2026-09-21T00:00:00+00:00,1.14819,1.14853,1.14819,1.14845,62
2026-09-21T00:05:00+00:00,1.14845,1.14851,1.14835,1.14835,183
2026-09-21T00:10:00+00:00,1.14835,1.14845,1.14831,1.14844,126
2026-09-21T00:15:00+00:00,1.14844,1.14856,1.14838,1.14852,164
2026-09-21T00:20:00+00:00,1.14852,1.14861,1.14834,1.14835,126
2026-09-21T00:25:00+00:00,1.14835,1.14835,1.14797,1.14798,87
2026-09-21T00:30:00+00:00,1.14798,1.14806,1.14781,1.14792,140
2026-09-21T00:35:00+00:00,1.14792,1.14818,1.14792,1.14811,23
2026-09-21T00:40:00+00:00,1.14811,1.14816,1.14791,1.14805,45
2026-09-21T00:45:00+00:00,1.14805,1.14812,1.14770,1.14810,154
2026-09-21T00:50:00+00:00,1.14810,1.14817,1.14801,1.14812,37
2026-09-21T00:55:00+00:00,1.14812,1.14812,1.14791,1.14798,44
2026-09-21T01:00:00+00:00,1.14798,1.14849,1.14792,1.14845,409
2026-09-21T01:05:00+00:00,1.14845,1.14851,1.14840,1.14841,385
2026-09-21T01:10:00+00:00,1.14841,1.14841,1.14834,1.14835,113
2026-09-21T01:15:00+00:00,1.14835,1.14840,1.14829,1.14829,395
2026-09-21T01:20:00+00:00,1.14829,1.14831,1.14822,1.14825,174
2026-09-21T01:25:00+00:00,1.14825,1.14829,1.14820,1.14821,203
2026-09-21T01:30:00+00:00,1.14821,1.14824,1.14811,1.14812,159
2026-09-21T01:35:00+00:00,1.14812,1.14820,1.14807,1.14815,204
2026-09-21T01:40:00+00:00,1.14815,1.14821,1.14814,1.14820,49
2026-09-21T01:45:00+00:00,1.14820,1.14820,1.14816,1.14819,43
2026-09-21T01:50:00+00:00,1.14819,1.14821,1.14814,1.14816,66
2026-09-21T01:55:00+00:00,1.14816,1.14818,1.14803,1.14804,127
2026-09-21T02:00:00+00:00,1.14804,1.14805,1.14794,1.14794,138
2026-09-21T02:05:00+00:00,1.14794,1.14797,1.14791,1.14794,149
2026-09-21T02:10:00+00:00,1.14794,1.14804,1.14794,1.14803,149
2026-09-21T02:15:00+00:00,1.14804,1.14804,1.14793,1.14800,243
2026-09-21T02:20:00+00:00,1.14800,1.14803,1.14797,1.14799,141
2026-09-21T02:25:00+00:00,1.14799,1.14806,1.14793,1.14806,257
2026-09-21T02:30:00+00:00,1.14805,1.14806,1.14794,1.14796,174
2026-09-21T02:35:00+00:00,1.14796,1.14796,1.14789,1.14791,133
2026-09-21T02:40:00+00:00,1.14791,1.14792,1.14784,1.14785,106
2026-09-21T02:45:00+00:00,1.14785,1.14792,1.14783,1.14790,299
2026-09-21T02:50:00+00:00,1.14790,1.14792,1.14779,1.14783,292
2026-09-21T02:55:00+00:00,1.14783,1.14787,1.14778,1.14783,389
2026-09-21T03:00:00+00:00,1.14784,1.14791,1.14768,1.14775,534
2026-09-21T03:05:00+00:00,1.14775,1.14791,1.14775,1.14787,295
2026-09-21T03:10:00+00:00,1.14787,1.14803,1.14778,1.14802,414
2026-09-21T03:15:00+00:00,1.14802,1.14807,1.14794,1.14801,473
2026-09-21T03:20:00+00:00,1.14802,1.14812,1.14792,1.14809,459
2026-09-21T03:25:00+00:00,1.14809,1.14818,1.14804,1.14817,332
2026-09-21T03:30:00+00:00,1.14816,1.14822,1.14812,1.14822,345
2026-09-21T03:35:00+00:00,1.14822,1.14842,1.14820,1.14841,327
2026-09-21T03:40:00+00:00,1.14841,1.14854,1.14836,1.14843,608
2026-09-21T03:45:00+00:00,1.14844,1.14848,1.14828,1.14831,350
2026-09-21T03:50:00+00:00,1.14831,1.14843,1.14829,1.14830,369
2026-09-21T03:55:00+00:00,1.14830,1.14832,1.14807,1.14807,297
2026-09-21T04:00:00+00:00,1.14807,1.14826,1.14804,1.14807,405
2026-09-21T04:05:00+00:00,1.14807,1.14833,1.14805,1.14833,361
2026-09-21T04:10:00+00:00,1.14833,1.14839,1.14826,1.14830,417
2026-09-21T04:15:00+00:00,1.14830,1.14843,1.14826,1.14832,488
2026-09-21T04:20:00+00:00,1.14832,1.14853,1.14830,1.14851,396
2026-09-21T04:25:00+00:00,1.14851,1.14853,1.14842,1.14843,414
2026-09-21T04:30:00+00:00,1.14843,1.14852,1.14841,1.14845,398
2026-09-21T04:35:00+00:00,1.14844,1.14845,1.14832,1.14840,250
2026-09-21T04:40:00+00:00,1.14839,1.14858,1.14837,1.14852,308
2026-09-21T04:45:00+00:00,1.14852,1.14852,1.14842,1.14845,243
2026-09-21T04:50:00+00:00,1.14845,1.14850,1.14841,1.14846,269
2026-09-21T04:55:00+00:00,1.14846,1.14854,1.14831,1.14832,279
2026-09-21T05:00:00+00:00,1.14832,1.14833,1.14821,1.14824,281
2026-09-21T05:05:00+00:00,1.14824,1.14825,1.14805,1.14817,250
2026-09-21T05:10:00+00:00,1.14817,1.14827,1.14812,1.14816,244
2026-09-21T05:15:00+00:00,1.14816,1.14818,1.14811,1.14816,176
2026-09-21T05:20:00+00:00,1.14816,1.14820,1.14808,1.14812,167
2026-09-21T05:25:00+00:00,1.14812,1.14821,1.14811,1.14817,273
2026-09-21T05:30:00+00:00,1.14818,1.14823,1.14816,1.14818,486
2026-09-21T05:35:00+00:00,1.14818,1.14821,1.14811,1.14816,341
2026-09-21T05:40:00+00:00,1.14816,1.14817,1.14807,1.14809,293
2026-09-21T05:45:00+00:00,1.14809,1.14812,1.14790,1.14792,394
2026-09-21T05:50:00+00:00,1.14792,1.14792,1.14769,1.14770,233
2026-09-21T05:55:00+00:00,1.14770,1.14776,1.14766,1.14770,467
2026-09-21T06:00:00+00:00,1.14770,1.14772,1.14756,1.14765,362
2026-09-21T06:05:00+00:00,1.14765,1.14765,1.14746,1.14747,189
2026-09-21T06:10:00+00:00,1.14747,1.14761,1.14746,1.14761,254
2026-09-21T06:15:00+00:00,1.14761,1.14781,1.14760,1.14775,251
2026-09-21T06:20:00+00:00,1.14775,1.14775,1.14766,1.14773,234
2026-09-21T06:25:00+00:00,1.14773,1.14777,1.14757,1.14757,412
2026-09-21T06:30:00+00:00,1.14757,1.14768,1.14751,1.14765,343
2026-09-21T06:35:00+00:00,1.14765,1.14773,1.14759,1.14770,278
2026-09-21T06:40:00+00:00,1.14770,1.14771,1.14760,1.14761,160
2026-09-21T06:45:00+00:00,1.14761,1.14773,1.14756,1.14762,200
2026-09-21T06:50:00+00:00,1.14762,1.14766,1.14750,1.14750,180
2026-09-21T06:55:00+00:00,1.14750,1.14752,1.14745,1.14751,250
2026-09-21T07:00:00+00:00,1.14751,1.14756,1.14746,1.14748,249
2026-09-21T07:05:00+00:00,1.14748,1.14757,1.14745,1.14756,134
2026-09-21T07:10:00+00:00,1.14756,1.14763,1.14747,1.14762,266
2026-09-21T07:15:00+00:00,1.14762,1.14773,1.14761,1.14771,226
2026-09-21T07:20:00+00:00,1.14771,1.14778,1.14764,1.14771,243
2026-09-21T07:25:00+00:00,1.14771,1.14771,1.14746,1.14750,417
2026-09-21T07:30:00+00:00,1.14750,1.14751,1.14736,1.14745,296
2026-09-21T07:35:00+00:00,1.14745,1.14762,1.14744,1.14761,323
2026-09-21T07:40:00+00:00,1.14761,1.14770,1.14759,1.14760,181
2026-09-21T07:45:00+00:00,1.14760,1.14766,1.14759,1.14762,117
2026-09-21T07:50:00+00:00,1.14762,1.14763,1.14754,1.14758,196
2026-09-21T07:55:00+00:00,1.14758,1.14759,1.14745,1.14749,208
2026-09-21T08:00:00+00:00,1.14749,1.14752,1.14743,1.14743,263
2026-09-21T08:05:00+00:00,1.14743,1.14758,1.14741,1.14756,255
2026-09-21T08:10:00+00:00,1.14756,1.14768,1.14754,1.14768,200
2026-09-21T08:15:00+00:00,1.14768,1.14773,1.14760,1.14761,282
2026-09-21T08:20:00+00:00,1.14760,1.14762,1.14753,1.14755,287
2026-09-21T08:25:00+00:00,1.14755,1.14758,1.14747,1.14751,306
2026-09-21T08:30:00+00:00,1.14751,1.14758,1.14745,1.14746,388
2026-09-21T08:35:00+00:00,1.14747,1.14747,1.14732,1.14737,438
2026-09-21T08:40:00+00:00,1.14736,1.14738,1.14721,1.14727,372
2026-09-21T08:45:00+00:00,1.14727,1.14729,1.14719,1.14726,344
2026-09-21T08:50:00+00:00,1.14726,1.14742,1.14725,1.14737,274
2026-09-21T08:55:00+00:00,1.14737,1.14741,1.14730,1.14731,401
2026-09-21T09:00:00+00:00,1.14732,1.14736,1.14713,1.14718,667
2026-09-21T09:05:00+00:00,1.14718,1.14724,1.14712,1.14719,592
2026-09-21T09:10:00+00:00,1.14719,1.14727,1.14712,1.14727,591
2026-09-21T09:15:00+00:00,1.14727,1.14728,1.14717,1.14722,296
2026-09-21T09:20:00+00:00,1.14722,1.14741,1.14715,1.14735,579
2026-09-21T09:25:00+00:00,1.14735,1.14751,1.14734,1.14750,457
2026-09-21T09:30:00+00:00,1.14751,1.14751,1.14735,1.14747,521
2026-09-21T09:35:00+00:00,1.14747,1.14749,1.14741,1.14747,223
2026-09-21T09:40:00+00:00,1.14747,1.14765,1.14743,1.14763,332
2026-09-21T09:45:00+00:00,1.14763,1.14785,1.14760,1.14782,407
2026-09-21T09:50:00+00:00,1.14782,1.14790,1.14767,1.14767,436
2026-09-21T09:55:00+00:00,1.14767,1.14769,1.14745,1.14748,481
2026-09-21T10:00:00+00:00,1.14748,1.14753,1.14716,1.14727,820
2026-09-21T10:05:00+00:00,1.14727,1.14748,1.14726,1.14733,600
2026-09-21T10:10:00+00:00,1.14734,1.14734,1.14710,1.14727,514
2026-09-21T10:15:00+00:00,1.14727,1.14735,1.14718,1.14728,457
2026-09-21T10:20:00+00:00,1.14728,1.14763,1.14728,1.14744,419
2026-09-21T10:25:00+00:00,1.14744,1.14764,1.14744,1.14759,297
2026-09-21T10:30:00+00:00,1.14758,1.14771,1.14757,1.14763,399
2026-09-21T10:35:00+00:00,1.14763,1.14764,1.14748,1.14758,429
2026-09-21T10:40:00+00:00,1.14758,1.14770,1.14753,1.14762,468
2026-09-21T10:45:00+00:00,1.14762,1.14785,1.14757,1.14782,407
2026-09-21T10:50:00+00:00,1.14782,1.14784,1.14773,1.14778,388
2026-09-21T10:55:00+00:00,1.14777,1.14785,1.14761,1.14761,517
2026-09-21T11:00:00+00:00,1.14761,1.14768,1.14747,1.14759,652
2026-09-21T11:05:00+00:00,1.14758,1.14772,1.14748,1.14771,560
2026-09-21T11:10:00+00:00,1.14771,1.14781,1.14770,1.14776,686
2026-09-21T11:15:00+00:00,1.14775,1.14787,1.14767,1.14775,469
2026-09-21T11:20:00+00:00,1.14775,1.14795,1.14775,1.14786,500
2026-09-21T11:25:00+00:00,1.14786,1.14799,1.14781,1.14797,538
2026-09-21T11:30:00+00:00,1.14797,1.14844,1.14797,1.14843,443
2026-09-21T11:35:00+00:00,1.14843,1.14863,1.14811,1.14826,810
2026-09-21T11:40:00+00:00,1.14827,1.14840,1.14821,1.14834,433
2026-09-21T11:45:00+00:00,1.14834,1.14859,1.14829,1.14852,503
2026-09-21T11:50:00+00:00,1.14852,1.14852,1.14805,1.14806,757
2026-09-21T11:55:00+00:00,1.14806,1.14816,1.14800,1.14801,396
2026-09-21T12:00:00+00:00,1.14801,1.14806,1.14781,1.14786,485
2026-09-21T12:05:00+00:00,1.14786,1.14811,1.14785,1.14796,546
2026-09-21T12:10:00+00:00,1.14796,1.14807,1.14789,1.14800,480
2026-09-21T12:15:00+00:00,1.14799,1.14803,1.14779,1.14783,469
2026-09-21T12:20:00+00:00,1.14782,1.14790,1.14776,1.14779,407
2026-09-21T12:25:00+00:00,1.14779,1.14782,1.14770,1.14776,380
2026-09-21T12:30:00+00:00,1.14776,1.14790,1.14771,1.14781,450
2026-09-21T12:35:00+00:00,1.14781,1.14798,1.14780,1.14793,408
2026-09-21T12:40:00+00:00,1.14793,1.14799,1.14780,1.14782,442
2026-09-21T12:45:00+00:00,1.14782,1.14792,1.14766,1.14767,374
2026-09-21T12:50:00+00:00,1.14767,1.14799,1.14766,1.14795,380
2026-09-21T12:55:00+00:00,1.14795,1.14808,1.14789,1.14800,548
2026-09-21T13:00:00+00:00,1.14799,1.14812,1.14793,1.14802,442
2026-09-21T13:05:00+00:00,1.14802,1.14808,1.14792,1.14803,350
2026-09-21T13:10:00+00:00,1.14803,1.14813,1.14794,1.14806,283
2026-09-21T13:15:00+00:00,1.14806,1.14813,1.14796,1.14804,472
2026-09-21T13:20:00+00:00,1.14804,1.14815,1.14799,1.14805,325
2026-09-21T13:25:00+00:00,1.14805,1.14820,1.14805,1.14813,390
2026-09-21T13:30:00+00:00,1.14813,1.14814,1.14800,1.14800,463
2026-09-21T13:35:00+00:00,1.14801,1.14832,1.14800,1.14831,306
2026-09-21T13:40:00+00:00,1.14831,1.14843,1.14824,1.14834,334
2026-09-21T13:45:00+00:00,1.14834,1.14836,1.14820,1.14821,344
2026-09-21T13:50:00+00:00,1.14821,1.14825,1.14815,1.14816,263
2026-09-21T13:55:00+00:00,1.14816,1.14823,1.14800,1.14805,426
2026-09-21T14:00:00+00:00,1.14805,1.14813,1.14802,1.14811,437
2026-09-21T14:05:00+00:00,1.14812,1.14818,1.14800,1.14815,383
2026-09-21T14:10:00+00:00,1.14815,1.14817,1.14797,1.14815,291
2026-09-21T14:15:00+00:00,1.14815,1.14834,1.14811,1.14825,450
2026-09-21T14:20:00+00:00,1.14824,1.14838,1.14822,1.14832,322
2026-09-21T14:25:00+00:00,1.14832,1.14850,1.14831,1.14846,379
2026-09-21T14:30:00+00:00,1.14846,1.14847,1.14826,1.14836,439
2026-09-21T14:35:00+00:00,1.14836,1.14849,1.14831,1.14831,504
2026-09-21T14:40:00+00:00,1.14831,1.14893,1.14824,1.14884,772
2026-09-21T14:45:00+00:00,1.14884,1.14888,1.14864,1.14888,497
2026-09-21T14:50:00+00:00,1.14888,1.14893,1.14866,1.14888,569
2026-09-21T14:55:00+00:00,1.14887,1.14908,1.14880,1.14898,663
2026-09-21T15:00:00+00:00,1.14898,1.14956,1.14893,1.14952,827
2026-09-21T15:05:00+00:00,1.14952,1.14958,1.14899,1.14900,1065
2026-09-21T15:10:00+00:00,1.14900,1.14902,1.14883,1.14886,689
2026-09-21T15:15:00+00:00,1.14887,1.14897,1.14877,1.14893,539
2026-09-21T15:20:00+00:00,1.14893,1.14922,1.14883,1.14893,985
2026-09-21T15:25:00+00:00,1.14893,1.14893,1.14865,1.14876,564
2026-09-21T15:30:00+00:00,1.14877,1.14886,1.14864,1.14870,533
2026-09-21T15:35:00+00:00,1.14871,1.14877,1.14846,1.14848,618
2026-09-21T15:40:00+00:00,1.14848,1.14873,1.14840,1.14870,630
2026-09-21T15:45:00+00:00,1.14870,1.14873,1.14841,1.14845,543
2026-09-21T15:50:00+00:00,1.14845,1.14864,1.14842,1.14847,344
2026-09-21T15:55:00+00:00,1.14847,1.14862,1.14836,1.14860,485
2026-09-21T16:00:00+00:00,1.14860,1.14868,1.14840,1.14841,646
2026-09-21T16:05:00+00:00,1.14841,1.14848,1.14825,1.14836,748
2026-09-21T16:10:00+00:00,1.14836,1.14837,1.14826,1.14831,620
2026-09-21T16:15:00+00:00,1.14831,1.14848,1.14826,1.14831,733
2026-09-21T16:20:00+00:00,1.14832,1.14836,1.14810,1.14814,574
2026-09-21T16:25:00+00:00,1.14814,1.14834,1.14808,1.14811,695
2026-09-21T16:30:00+00:00,1.14811,1.14813,1.14778,1.14789,808
2026-09-21T16:35:00+00:00,1.14789,1.14798,1.14776,1.14783,832
2026-09-21T16:40:00+00:00,1.14783,1.14798,1.14763,1.14766,875
2026-09-21T16:45:00+00:00,1.14766,1.14768,1.14744,1.14752,1061
2026-09-21T16:50:00+00:00,1.14752,1.14762,1.14724,1.14725,840
2026-09-21T16:55:00+00:00,1.14725,1.14748,1.14716,1.14724,976
2026-09-21T17:00:00+00:00,1.14724,1.14730,1.14684,1.14685,960
2026-09-21T17:05:00+00:00,1.14685,1.14698,1.14670,1.14681,878
2026-09-21T17:10:00+00:00,1.14681,1.14698,1.14665,1.14696,934
2026-09-21T17:15:00+00:00,1.14696,1.14711,1.14671,1.14684,831
2026-09-21T17:20:00+00:00,1.14683,1.14698,1.14670,1.14685,918
2026-09-21T17:25:00+00:00,1.14685,1.14726,1.14683,1.14724,748
2026-09-21T17:30:00+00:00,1.14724,1.14758,1.14714,1.14734,846
2026-09-21T17:35:00+00:00,1.14734,1.14754,1.14728,1.14737,808
2026-09-21T17:40:00+00:00,1.14737,1.14759,1.14730,1.14730,939
2026-09-21T17:45:00+00:00,1.14731,1.14749,1.14705,1.14708,624
2026-09-21T17:50:00+00:00,1.14708,1.14741,1.14694,1.14736,942
2026-09-21T17:55:00+00:00,1.14736,1.14746,1.14723,1.14724,975
2026-09-21T18:00:00+00:00,1.14725,1.14733,1.14713,1.14722,1094
2026-09-21T18:05:00+00:00,1.14722,1.14738,1.14715,1.14722,881
2026-09-21T18:10:00+00:00,1.14722,1.14722,1.14695,1.14705,757
2026-09-21T18:15:00+00:00,1.14705,1.14713,1.14687,1.14691,671
2026-09-21T18:20:00+00:00,1.14691,1.14695,1.14680,1.14691,654
2026-09-21T18:25:00+00:00,1.14691,1.14705,1.14690,1.14692,610
2026-09-21T18:30:00+00:00,1.14691,1.14702,1.14676,1.14701,635
2026-09-21T18:35:00+00:00,1.14701,1.14701,1.14681,1.14685,534
2026-09-21T18:40:00+00:00,1.14685,1.14696,1.14679,1.14685,439
2026-09-21T18:45:00+00:00,1.14685,1.14690,1.14670,1.14675,568
2026-09-21T18:50:00+00:00,1.14675,1.14703,1.14668,1.14675,565
2026-09-21T18:55:00+00:00,1.14676,1.14682,1.14669,1.14681,393
2026-09-21T19:00:00+00:00,1.14681,1.14686,1.14665,1.14683,382
2026-09-21T19:05:00+00:00,1.14683,1.14709,1.14677,1.14701,723
2026-09-21T19:10:00+00:00,1.14700,1.14705,1.14689,1.14701,672
2026-09-21T19:15:00+00:00,1.14702,1.14718,1.14700,1.14716,408
2026-09-21T19:20:00+00:00,1.14716,1.14726,1.14704,1.14705,400
2026-09-21T19:25:00+00:00,1.14705,1.14711,1.14695,1.14699,393
2026-09-21T19:30:00+00:00,1.14699,1.14714,1.14694,1.14711,434
2026-09-21T19:35:00+00:00,1.14711,1.14717,1.14700,1.14700,347
2026-09-21T19:40:00+00:00,1.14700,1.14702,1.14695,1.14696,290
2026-09-21T19:45:00+00:00,1.14696,1.14703,1.14695,1.14701,196
2026-09-21T19:50:00+00:00,1.14701,1.14705,1.14685,1.14699,230
2026-09-21T19:55:00+00:00,1.14699,1.14702,1.14689,1.14693,377
2026-09-21T20:00:00+00:00,1.14693,1.14702,1.14687,1.14696,469
2026-09-21T20:05:00+00:00,1.14696,1.14703,1.14693,1.14701,158
2026-09-21T20:10:00+00:00,1.14701,1.14703,1.14690,1.14691,182
2026-09-21T20:15:00+00:00,1.14691,1.14691,1.14679,1.14680,176
2026-09-21T20:20:00+00:00,1.14680,1.14696,1.14678,1.14685,367
2026-09-21T20:25:00+00:00,1.14686,1.14705,1.14686,1.14698,264
2026-09-21T20:30:00+00:00,1.14699,1.14704,1.14673,1.14674,404
2026-09-21T20:35:00+00:00,1.14674,1.14684,1.14664,1.14666,346
2026-09-21T20:40:00+00:00,1.14666,1.14676,1.14664,1.14670,289
2026-09-21T20:45:00+00:00,1.14670,1.14676,1.14668,1.14670,257
2026-09-21T20:50:00+00:00,1.14670,1.14682,1.14670,1.14680,263
2026-09-21T20:55:00+00:00,1.14680,1.14680,1.14661,1.14663,434
2026-09-21T21:00:00+00:00,1.14664,1.14670,1.14658,1.14660,359
2026-09-21T21:05:00+00:00,1.14660,1.14666,1.14657,1.14663,292
2026-09-21T21:10:00+00:00,1.14663,1.14675,1.14661,1.14670,214
2026-09-21T21:15:00+00:00,1.14670,1.14676,1.14668,1.14673,194
2026-09-21T21:20:00+00:00,1.14674,1.14682,1.14664,1.14669,235
2026-09-21T21:25:00+00:00,1.14669,1.14669,1.14652,1.14657,367
2026-09-21T21:30:00+00:00,1.14657,1.14658,1.14635,1.14638,394
2026-09-21T21:35:00+00:00,1.14638,1.14639,1.14620,1.14624,259
2026-09-21T21:40:00+00:00,1.14624,1.14631,1.14620,1.14626,248
2026-09-21T21:45:00+00:00,1.14626,1.14636,1.14621,1.14635,230
2026-09-21T21:50:00+00:00,1.14635,1.14645,1.14632,1.14642,262
2026-09-21T21:55:00+00:00,1.14643,1.14655,1.14641,1.14647,329
2026-09-21T22:00:00+00:00,1.14648,1.14652,1.14642,1.14650,252
2026-09-21T22:05:00+00:00,1.14650,1.14666,1.14650,1.14664,214
2026-09-21T22:10:00+00:00,1.14663,1.14676,1.14663,1.14674,287
2026-09-21T22:15:00+00:00,1.14674,1.14682,1.14672,1.14675,210
2026-09-21T22:20:00+00:00,1.14675,1.14682,1.14674,1.14679,210
2026-09-21T22:25:00+00:00,1.14678,1.14689,1.14674,1.14679,277
2026-09-21T22:30:00+00:00,1.14679,1.14686,1.14676,1.14677,374
2026-09-21T22:35:00+00:00,1.14677,1.14692,1.14672,1.14691,267
2026-09-21T22:40:00+00:00,1.14691,1.14694,1.14678,1.14679,240
2026-09-21T22:45:00+00:00,1.14679,1.14679,1.14672,1.14676,249
2026-09-21T22:50:00+00:00,1.14675,1.14676,1.14658,1.14659,222
2026-09-21T22:55:00+00:00,1.14659,1.14662,1.14643,1.14643,418
2026-09-21T23:00:00+00:00,1.14643,1.14648,1.14638,1.14639,193
2026-09-21T23:05:00+00:00,1.14639,1.14642,1.14637,1.14639,87
2026-09-21T23:10:00+00:00,1.14639,1.14643,1.14638,1.14640,137
2026-09-21T23:15:00+00:00,1.14640,1.14642,1.14638,1.14640,189
2026-09-21T23:20:00+00:00,1.14640,1.14645,1.14640,1.14644,80
2026-09-21T23:25:00+00:00,1.14644,1.14649,1.14638,1.14649,111
2026-09-21T23:30:00+00:00,1.14649,1.14657,1.14649,1.14655,60
2026-09-21T23:35:00+00:00,1.14655,1.14659,1.14653,1.14655,98
2026-09-21T23:40:00+00:00,1.14655,1.14656,1.14647,1.14649,101
2026-09-21T23:45:00+00:00,1.14649,1.14652,1.14647,1.14649,162
2026-09-21T23:50:00+00:00,1.14648,1.14650,1.14644,1.14646,151
2026-09-21T23:55:00+00:00,1.14646,1.14650,1.14637,1.14639,262
2026-09-22T00:00:00+00:00,1.14644,1.14706,1.14639,1.14681,202
2026-09-22T00:05:00+00:00,1.14681,1.14690,1.14642,1.14685,222
2026-09-22T00:10:00+00:00,1.14673,1.14688,1.14661,1.14679,190
2026-09-22T00:15:00+00:00,1.14679,1.14685,1.14669,1.14672,173
2026-09-22T00:20:00+00:00,1.14671,1.14675,1.14661,1.14664,59
2026-09-22T00:25:00+00:00,1.14664,1.14667,1.14641,1.14651,94
2026-09-22T00:30:00+00:00,1.14651,1.14658,1.14642,1.14643,39
2026-09-22T00:35:00+00:00,1.14643,1.14663,1.14640,1.14657,39
2026-09-22T00:40:00+00:00,1.14657,1.14668,1.14654,1.14663,84
2026-09-22T00:45:00+00:00,1.14663,1.14670,1.14663,1.14668,92
2026-09-22T00:50:00+00:00,1.14668,1.14668,1.14662,1.14665,73
2026-09-22T00:55:00+00:00,1.14665,1.14681,1.14661,1.14666,118
2026-09-22T01:00:00+00:00,1.14666,1.14676,1.14634,1.14635,172
2026-09-22T01:05:00+00:00,1.14635,1.14643,1.14628,1.14632,154
2026-09-22T01:10:00+00:00,1.14632,1.14648,1.14630,1.14646,200
2026-09-22T01:15:00+00:00,1.14646,1.14649,1.14645,1.14648,156
2026-09-22T01:20:00+00:00,1.14648,1.14648,1.14643,1.14648,82
2026-09-22T01:25:00+00:00,1.14647,1.14648,1.14640,1.14646,97
2026-09-22T01:30:00+00:00,1.14646,1.14648,1.14641,1.14642,115
2026-09-22T01:35:00+00:00,1.14642,1.14646,1.14641,1.14644,114
2026-09-22T01:40:00+00:00,1.14644,1.14646,1.14641,1.14642,84
2026-09-22T01:45:00+00:00,1.14642,1.14648,1.14641,1.14647,65
2026-09-22T01:50:00+00:00,1.14647,1.14654,1.14647,1.14651,154
2026-09-22T01:55:00+00:00,1.14651,1.14652,1.14646,1.14646,135
2026-09-22T02:00:00+00:00,1.14646,1.14649,1.14645,1.14646,160
2026-09-22T02:05:00+00:00,1.14646,1.14649,1.14645,1.14648,103
2026-09-22T02:10:00+00:00,1.14648,1.14648,1.14641,1.14641,119
2026-09-22T02:15:00+00:00,1.14641,1.14646,1.14637,1.14644,162
2026-09-22T02:20:00+00:00,1.14644,1.14645,1.14636,1.14636,105
2026-09-22T02:25:00+00:00,1.14636,1.14638,1.14627,1.14633,95
2026-09-22T02:30:00+00:00,1.14633,1.14636,1.14629,1.14635,120
2026-09-22T02:35:00+00:00,1.14635,1.14641,1.14632,1.14634,176
2026-09-22T02:40:00+00:00,1.14634,1.14643,1.14634,1.14643,107
2026-09-22T02:45:00+00:00,1.14643,1.14647,1.14640,1.14643,117
2026-09-22T02:50:00+00:00,1.14643,1.14649,1.14637,1.14644,134
2026-09-22T02:55:00+00:00,1.14644,1.14645,1.14634,1.14636,222
2026-09-22T03:00:00+00:00,1.14636,1.14672,1.14636,1.14668,310
2026-09-22T03:05:00+00:00,1.14668,1.14685,1.14666,1.14678,374
2026-09-22T03:10:00+00:00,1.14678,1.14684,1.14674,1.14677,268
2026-09-22T03:15:00+00:00,1.14677,1.14677,1.14665,1.14671,359
2026-09-22T03:20:00+00:00,1.14671,1.14689,1.14670,1.14688,201
2026-09-22T03:25:00+00:00,1.14688,1.14689,1.14679,1.14684,236
2026-09-22T03:30:00+00:00,1.14684,1.14694,1.14676,1.14692,279
2026-09-22T03:35:00+00:00,1.14692,1.14695,1.14679,1.14687,321
2026-09-22T03:40:00+00:00,1.14688,1.14693,1.14687,1.14690,323
2026-09-22T03:45:00+00:00,1.14690,1.14704,1.14683,1.14700,348
2026-09-22T03:50:00+00:00,1.14701,1.14710,1.14695,1.14708,272
2026-09-22T03:55:00+00:00,1.14708,1.14712,1.14688,1.14705,297
2026-09-22T04:00:00+00:00,1.14705,1.14709,1.14686,1.14694,516
2026-09-22T04:05:00+00:00,1.14694,1.14699,1.14682,1.14683,394
2026-09-22T04:10:00+00:00,1.14683,1.14683,1.14667,1.14668,365
2026-09-22T04:15:00+00:00,1.14668,1.14678,1.14663,1.14672,491
2026-09-22T04:20:00+00:00,1.14672,1.14673,1.14654,1.14657,323
2026-09-22T04:25:00+00:00,1.14657,1.14669,1.14657,1.14664,568
2026-09-22T04:30:00+00:00,1.14664,1.14666,1.14654,1.14659,416
2026-09-22T04:35:00+00:00,1.14659,1.14667,1.14655,1.14656,241
2026-09-22T04:40:00+00:00,1.14656,1.14661,1.14637,1.14637,332
2026-09-22T04:45:00+00:00,1.14637,1.14642,1.14632,1.14637,496
2026-09-22T04:50:00+00:00,1.14637,1.14641,1.14629,1.14639,383
2026-09-22T04:55:00+00:00,1.14638,1.14642,1.14631,1.14632,453
2026-09-22T05:00:00+00:00,1.14632,1.14652,1.14631,1.14651,418
2026-09-22T05:05:00+00:00,1.14651,1.14658,1.14646,1.14655,251
2026-09-22T05:10:00+00:00,1.14655,1.14665,1.14655,1.14663,291
2026-09-22T05:15:00+00:00,1.14663,1.14670,1.14651,1.14668,260
2026-09-22T05:20:00+00:00,1.14669,1.14696,1.14668,1.14694,307
2026-09-22T05:25:00+00:00,1.14694,1.14713,1.14694,1.14708,441
2026-09-22T05:30:00+00:00,1.14708,1.14708,1.14692,1.14705,349
2026-09-22T05:35:00+00:00,1.14705,1.14709,1.14690,1.14695,271
2026-09-22T05:40:00+00:00,1.14695,1.14706,1.14691,1.14705,252
2026-09-22T05:45:00+00:00,1.14705,1.14705,1.14692,1.14694,208
2026-09-22T05:50:00+00:00,1.14694,1.14700,1.14689,1.14699,249
2026-09-22T05:55:00+00:00,1.14699,1.14700,1.14689,1.14698,297
2026-09-22T06:00:00+00:00,1.14698,1.14716,1.14692,1.14702,452
2026-09-22T06:05:00+00:00,1.14703,1.14704,1.14690,1.14691,295
2026-09-22T06:10:00+00:00,1.14691,1.14711,1.14690,1.14710,284
2026-09-22T06:15:00+00:00,1.14710,1.14715,1.14704,1.14705,191
2026-09-22T06:20:00+00:00,1.14706,1.14720,1.14705,1.14714,275
2026-09-22T06:25:00+00:00,1.14714,1.14744,1.14711,1.14734,296
2026-09-22T06:30:00+00:00,1.14734,1.14756,1.14733,1.14754,391
2026-09-22T06:35:00+00:00,1.14754,1.14755,1.14746,1.14749,311
2026-09-22T06:40:00+00:00,1.14749,1.14756,1.14740,1.14742,272
2026-09-22T06:45:00+00:00,1.14742,1.14744,1.14733,1.14743,324
2026-09-22T06:50:00+00:00,1.14743,1.14748,1.14731,1.14733,243
2026-09-22T06:55:00+00:00,1.14733,1.14742,1.14732,1.14734,252
2026-09-22T07:00:00+00:00,1.14734,1.14734,1.14721,1.14732,264
2026-09-22T07:05:00+00:00,1.14732,1.14733,1.14722,1.14730,314
2026-09-22T07:10:00+00:00,1.14730,1.14761,1.14729,1.14745,274
2026-09-22T07:15:00+00:00,1.14745,1.14750,1.14736,1.14748,134
2026-09-22T07:20:00+00:00,1.14748,1.14755,1.14748,1.14754,140
2026-09-22T07:25:00+00:00,1.14754,1.14757,1.14749,1.14755,109
2026-09-22T07:30:00+00:00,1.14755,1.14759,1.14749,1.14757,208
2026-09-22T07:35:00+00:00,1.14757,1.14769,1.14757,1.14763,177
2026-09-22T07:40:00+00:00,1.14763,1.14765,1.14757,1.14763,189
2026-09-22T07:45:00+00:00,1.14763,1.14771,1.14762,1.14769,149
2026-09-22T07:50:00+00:00,1.14769,1.14776,1.14763,1.14774,167
2026-09-22T07:55:00+00:00,1.14774,1.14781,1.14769,1.14778,202
2026-09-22T08:00:00+00:00,1.14778,1.14779,1.14767,1.14773,229
2026-09-22T08:05:00+00:00,1.14773,1.14782,1.14769,1.14780,134
2026-09-22T08:10:00+00:00,1.14780,1.14780,1.14768,1.14769,180
2026-09-22T08:15:00+00:00,1.14769,1.14774,1.14763,1.14764,147
2026-09-22T08:20:00+00:00,1.14764,1.14768,1.14754,1.14756,259
2026-09-22T08:25:00+00:00,1.14757,1.14761,1.14750,1.14752,409
2026-09-22T08:30:00+00:00,1.14752,1.14752,1.14732,1.14733,224
2026-09-22T08:35:00+00:00,1.14733,1.14735,1.14713,1.14713,291
2026-09-22T08:40:00+00:00,1.14713,1.14724,1.14713,1.14717,193
2026-09-22T08:45:00+00:00,1.14717,1.14723,1.14710,1.14717,332
2026-09-22T08:50:00+00:00,1.14718,1.14731,1.14708,1.14709,362
2026-09-22T08:55:00+00:00,1.14708,1.14717,1.14703,1.14712,431
2026-09-22T09:00:00+00:00,1.14712,1.14714,1.14662,1.14673,698
2026-09-22T09:05:00+00:00,1.14673,1.14674,1.14638,1.14651,769
2026-09-22T09:10:00+00:00,1.14652,1.14659,1.14628,1.14641,718
2026-09-22T09:15:00+00:00,1.14641,1.14649,1.14602,1.14604,837
2026-09-22T09:20:00+00:00,1.14603,1.14637,1.14592,1.14624,784
2026-09-22T09:25:00+00:00,1.14624,1.14626,1.14602,1.14617,503
2026-09-22T09:30:00+00:00,1.14617,1.14631,1.14616,1.14630,548
2026-09-22T09:35:00+00:00,1.14630,1.14630,1.14607,1.14610,556
2026-09-22T09:40:00+00:00,1.14610,1.14615,1.14603,1.14608,504
2026-09-22T09:45:00+00:00,1.14608,1.14620,1.14600,1.14618,497
2026-09-22T09:50:00+00:00,1.14618,1.14636,1.14618,1.14628,444
2026-09-22T09:55:00+00:00,1.14628,1.14651,1.14615,1.14649,435
2026-09-22T10:00:00+00:00,1.14649,1.14649,1.14611,1.14618,741
2026-09-22T10:05:00+00:00,1.14618,1.14637,1.14611,1.14630,983
2026-09-22T10:10:00+00:00,1.14630,1.14639,1.14611,1.14618,545
2026-09-22T10:15:00+00:00,1.14618,1.14639,1.14616,1.14635,673
2026-09-22T10:20:00+00:00,1.14635,1.14644,1.14627,1.14641,623
2026-09-22T10:25:00+00:00,1.14641,1.14644,1.14603,1.14604,584
2026-09-22T10:30:00+00:00,1.14604,1.14605,1.14515,1.14573,979
2026-09-22T10:35:00+00:00,1.14573,1.14592,1.14561,1.14588,667
2026-09-22T10:40:00+00:00,1.14588,1.14592,1.14534,1.14548,718
2026-09-22T10:45:00+00:00,1.14550,1.14574,1.14544,1.14553,607
2026-09-22T10:50:00+00:00,1.14553,1.14560,1.14512,1.14524,783
2026-09-22T10:55:00+00:00,1.14525,1.14530,1.14466,1.14468,828
2026-09-22T11:00:00+00:00,1.14468,1.14470,1.14421,1.14421,1127
2026-09-22T11:05:00+00:00,1.14422,1.14445,1.14409,1.14429,1124
2026-09-22T11:10:00+00:00,1.14431,1.14435,1.14399,1.14400,925
2026-09-22T11:15:00+00:00,1.14400,1.14409,1.14372,1.14399,1156
2026-09-22T11:20:00+00:00,1.14399,1.14399,1.14362,1.14366,969
2026-09-22T11:25:00+00:00,1.14366,1.14390,1.14351,1.14373,1008
2026-09-22T11:30:00+00:00,1.14373,1.14382,1.14338,1.14374,1351
2026-09-22T11:35:00+00:00,1.14374,1.14423,1.14362,1.14420,919
2026-09-22T11:40:00+00:00,1.14420,1.14549,1.14414,1.14517,2246
2026-09-22T11:45:00+00:00,1.14517,1.14554,1.14483,1.14549,2007
2026-09-22T11:50:00+00:00,1.14549,1.14654,1.14534,1.14605,2014
2026-09-22T11:55:00+00:00,1.14605,1.14616,1.14573,1.14574,1323
2026-09-22T12:00:00+00:00,1.14575,1.14577,1.14478,1.14481,1271
2026-09-22T12:05:00+00:00,1.14481,1.14533,1.14475,1.14518,974
2026-09-22T12:10:00+00:00,1.14518,1.14541,1.14504,1.14515,811
2026-09-22T12:15:00+00:00,1.14515,1.14560,1.14515,1.14534,973
2026-09-22T12:20:00+00:00,1.14534,1.14572,1.14524,1.14567,527
2026-09-22T12:25:00+00:00,1.14567,1.14581,1.14558,1.14569,523
2026-09-22T12:30:00+00:00,1.14569,1.14588,1.14554,1.14564,907
2026-09-22T12:35:00+00:00,1.14564,1.14596,1.14552,1.14594,693
2026-09-22T12:40:00+00:00,1.14594,1.14616,1.14587,1.14615,757
2026-09-22T12:45:00+00:00,1.14615,1.14639,1.14610,1.14621,767
2026-09-22T12:50:00+00:00,1.14621,1.14671,1.14604,1.14662,1749
2026-09-22T12:55:00+00:00,1.14662,1.14698,1.14627,1.14671,1424
2026-09-22T13:00:00+00:00,1.14671,1.14710,1.14662,1.14679,1011
2026-09-22T13:05:00+00:00,1.14678,1.14707,1.14649,1.14649,709
2026-09-22T13:10:00+00:00,1.14650,1.14672,1.14623,1.14643,714
2026-09-22T13:15:00+00:00,1.14643,1.14649,1.14605,1.14611,590
2026-09-22T13:20:00+00:00,1.14611,1.14643,1.14605,1.14611,648
2026-09-22T13:25:00+00:00,1.14611,1.14634,1.14603,1.14630,506
2026-09-22T13:30:00+00:00,1.14630,1.14651,1.14621,1.14649,463
2026-09-22T13:35:00+00:00,1.14649,1.14671,1.14646,1.14655,336
2026-09-22T13:40:00+00:00,1.14655,1.14686,1.14646,1.14681,498
2026-09-22T13:45:00+00:00,1.14681,1.14685,1.14654,1.14662,480
2026-09-22T13:50:00+00:00,1.14661,1.14679,1.14660,1.14677,487
2026-09-22T13:55:00+00:00,1.14677,1.14689,1.14659,1.14662,596
2026-09-22T14:00:00+00:00,1.14662,1.14668,1.14644,1.14658,640
2026-09-22T14:05:00+00:00,1.14658,1.14658,1.14607,1.14623,909
2026-09-22T14:10:00+00:00,1.14623,1.14642,1.14595,1.14610,1242
2026-09-22T14:15:00+00:00,1.14611,1.14629,1.14608,1.14622,748
2026-09-22T14:20:00+00:00,1.14622,1.14623,1.14598,1.14610,582
2026-09-22T14:25:00+00:00,1.14609,1.14627,1.14595,1.14613,547
2026-09-22T14:30:00+00:00,1.14612,1.14624,1.14590,1.14603,556
2026-09-22T14:35:00+00:00,1.14602,1.14616,1.14593,1.14603,460
2026-09-22T14:40:00+00:00,1.14603,1.14627,1.14599,1.14614,415
2026-09-22T14:45:00+00:00,1.14614,1.14639,1.14606,1.14635,663
2026-09-22T14:50:00+00:00,1.14635,1.14645,1.14626,1.14631,471
2026-09-22T14:55:00+00:00,1.14630,1.14641,1.14610,1.14621,514
2026-09-22T15:00:00+00:00,1.14621,1.14667,1.14621,1.14657,877
2026-09-22T15:05:00+00:00,1.14657,1.14662,1.14623,1.14627,874
2026-09-22T15:10:00+00:00,1.14627,1.14638,1.14621,1.14623,684
2026-09-22T15:15:00+00:00,1.14623,1.14647,1.14620,1.14638,735
2026-09-22T15:20:00+00:00,1.14639,1.14653,1.14635,1.14651,501
2026-09-22T15:25:00+00:00,1.14652,1.14663,1.14645,1.14656,561
2026-09-22T15:30:00+00:00,1.14656,1.14663,1.14634,1.14637,721
2026-09-22T15:35:00+00:00,1.14637,1.14648,1.14603,1.14608,824
2026-09-22T15:40:00+00:00,1.14608,1.14623,1.14585,1.14587,867
2026-09-22T15:45:00+00:00,1.14588,1.14603,1.14567,1.14568,828
2026-09-22T15:50:00+00:00,1.14568,1.14572,1.14549,1.14561,630
2026-09-22T15:55:00+00:00,1.14561,1.14573,1.14555,1.14562,785
2026-09-22T16:00:00+00:00,1.14562,1.14582,1.14559,1.14562,1052
2026-09-22T16:05:00+00:00,1.14562,1.14604,1.14556,1.14572,1321
2026-09-22T16:10:00+00:00,1.14572,1.14586,1.14558,1.14573,930
2026-09-22T16:15:00+00:00,1.14573,1.14576,1.14557,1.14561,731
2026-09-22T16:20:00+00:00,1.14561,1.14574,1.14541,1.14548,955
2026-09-22T16:25:00+00:00,1.14547,1.14550,1.14517,1.14524,1008
2026-09-22T16:30:00+00:00,1.14524,1.14562,1.14520,1.14552,1045
2026-09-22T16:35:00+00:00,1.14552,1.14568,1.14550,1.14552,917
2026-09-22T16:40:00+00:00,1.14552,1.14598,1.14521,1.14577,1676
2026-09-22T16:45:00+00:00,1.14577,1.14593,1.14540,1.14578,1339
2026-09-22T16:50:00+00:00,1.14577,1.14579,1.14551,1.14555,1119
2026-09-22T16:55:00+00:00,1.14555,1.14560,1.14531,1.14536,769
2026-09-22T17:00:00+00:00,1.14535,1.14550,1.14529,1.14533,1103
2026-09-22T17:05:00+00:00,1.14533,1.14535,1.14510,1.14523,985
2026-09-22T17:10:00+00:00,1.14523,1.14536,1.14499,1.14504,1312
2026-09-22T17:15:00+00:00,1.14504,1.14514,1.14461,1.14483,1024
2026-09-22T17:20:00+00:00,1.14483,1.14498,1.14474,1.14496,929
2026-09-22T17:25:00+00:00,1.14496,1.14503,1.14481,1.14496,1009
2026-09-22T17:30:00+00:00,1.14496,1.14512,1.14473,1.14477,970
2026-09-22T17:35:00+00:00,1.14478,1.14523,1.14461,1.14469,1301
2026-09-22T17:40:00+00:00,1.14469,1.14475,1.14408,1.14412,1452
2026-09-22T17:45:00+00:00,1.14412,1.14439,1.14401,1.14402,1206
2026-09-22T17:50:00+00:00,1.14402,1.14429,1.14399,1.14412,1089
2026-09-22T17:55:00+00:00,1.14412,1.14429,1.14397,1.14429,1193
2026-09-22T18:00:00+00:00,1.14429,1.14435,1.14398,1.14400,1293
2026-09-22T18:05:00+00:00,1.14401,1.14419,1.14393,1.14398,967
2026-09-22T18:10:00+00:00,1.14398,1.14411,1.14368,1.14368,991
2026-09-22T18:15:00+00:00,1.14368,1.14423,1.14368,1.14412,914
2026-09-22T18:20:00+00:00,1.14412,1.14441,1.14403,1.14424,809
2026-09-22T18:25:00+00:00,1.14424,1.14425,1.14399,1.14401,591
2026-09-22T18:30:00+00:00,1.14401,1.14407,1.14365,1.14370,904
2026-09-22T18:35:00+00:00,1.14370,1.14373,1.14333,1.14338,931
2026-09-22T18:40:00+00:00,1.14338,1.14346,1.14333,1.14334,613
2026-09-22T18:45:00+00:00,1.14334,1.14336,1.14308,1.14325,697
2026-09-22T18:50:00+00:00,1.14325,1.14342,1.14324,1.14335,483
2026-09-22T18:55:00+00:00,1.14335,1.14335,1.14308,1.14315,657
2026-09-22T19:00:00+00:00,1.14315,1.14319,1.14293,1.14308,619
2026-09-22T19:05:00+00:00,1.14309,1.14325,1.14307,1.14310,546
2026-09-22T19:10:00+00:00,1.14309,1.14332,1.14299,1.14311,702
2026-09-22T19:15:00+00:00,1.14311,1.14338,1.14309,1.14337,465
2026-09-22T19:20:00+00:00,1.14337,1.14339,1.14318,1.14331,606
2026-09-22T19:25:00+00:00,1.14331,1.14338,1.14329,1.14337,384
2026-09-22T19:30:00+00:00,1.14337,1.14337,1.14319,1.14335,470
2026-09-22T19:35:00+00:00,1.14335,1.14353,1.14328,1.14346,548
2026-09-22T19:40:00+00:00,1.14346,1.14358,1.14345,1.14355,487
2026-09-22T19:45:00+00:00,1.14355,1.14378,1.14325,1.14374,968
2026-09-22T19:50:00+00:00,1.14374,1.14389,1.14364,1.14371,994
2026-09-22T19:55:00+00:00,1.14370,1.14372,1.14354,1.14371,517
2026-09-22T20:00:00+00:00,1.14371,1.14371,1.14346,1.14346,623
2026-09-22T20:05:00+00:00,1.14346,1.14365,1.14340,1.14342,476
2026-09-22T20:10:00+00:00,1.14342,1.14351,1.14330,1.14334,551
2026-09-22T20:15:00+00:00,1.14334,1.14338,1.14320,1.14321,358
2026-09-22T20:20:00+00:00,1.14321,1.14325,1.14308,1.14310,213
2026-09-22T20:25:00+00:00,1.14310,1.14334,1.14306,1.14333,372
2026-09-22T20:30:00+00:00,1.14333,1.14339,1.14322,1.14335,344
2026-09-22T20:35:00+00:00,1.14335,1.14350,1.14333,1.14340,390
2026-09-22T20:40:00+00:00,1.14340,1.14342,1.14330,1.14341,329
2026-09-22T20:45:00+00:00,1.14341,1.14352,1.14333,1.14350,373
2026-09-22T20:50:00+00:00,1.14351,1.14422,1.14350,1.14404,1566
2026-09-22T20:55:00+00:00,1.14403,1.14416,1.14389,1.14392,1126
2026-09-22T21:00:00+00:00,1.14392,1.14406,1.14375,1.14388,837
2026-09-22T21:05:00+00:00,1.14388,1.14413,1.14386,1.14399,653
2026-09-22T21:10:00+00:00,1.14399,1.14431,1.14398,1.14423,814
2026-09-22T21:15:00+00:00,1.14423,1.14429,1.14413,1.14413,858
2026-09-22T21:20:00+00:00,1.14414,1.14423,1.14408,1.14423,646
2026-09-22T21:25:00+00:00,1.14423,1.14436,1.14414,1.14426,645
2026-09-22T21:30:00+00:00,1.14426,1.14436,1.14406,1.14411,457
2026-09-22T21:35:00+00:00,1.14411,1.14420,1.14396,1.14409,524
2026-09-22T21:40:00+00:00,1.14409,1.14420,1.14397,1.14417,387
2026-09-22T21:45:00+00:00,1.14417,1.14426,1.14412,1.14424,499
2026-09-22T21:50:00+00:00,1.14424,1.14428,1.14416,1.14416,356
2026-09-22T21:55:00+00:00,1.14415,1.14422,1.14403,1.14420,512
2026-09-22T22:00:00+00:00,1.14420,1.14431,1.14414,1.14421,507
2026-09-22T22:05:00+00:00,1.14421,1.14430,1.14416,1.14420,492
2026-09-22T22:10:00+00:00,1.14420,1.14436,1.14418,1.14434,429
2026-09-22T22:15:00+00:00,1.14433,1.14441,1.14428,1.14438,329
2026-09-22T22:20:00+00:00,1.14438,1.14450,1.14431,1.14448,399
2026-09-22T22:25:00+00:00,1.14448,1.14472,1.14447,1.14468,889
2026-09-22T22:30:00+00:00,1.14467,1.14515,1.14466,1.14514,1031
2026-09-22T22:35:00+00:00,1.14514,1.14552,1.14510,1.14545,1298
2026-09-22T22:40:00+00:00,1.14545,1.14546,1.14513,1.14525,719
2026-09-22T22:45:00+00:00,1.14525,1.14532,1.14509,1.14525,486
2026-09-22T22:50:00+00:00,1.14525,1.14525,1.14488,1.14489,394
2026-09-22T22:55:00+00:00,1.14488,1.14496,1.14477,1.14479,455
2026-09-22T23:00:00+00:00,1.14479,1.14497,1.14478,1.14495,218
2026-09-22T23:05:00+00:00,1.14495,1.14513,1.14488,1.14508,106
2026-09-22T23:10:00+00:00,1.14508,1.14512,1.14489,1.14491,146
2026-09-22T23:15:00+00:00,1.14490,1.14496,1.14488,1.14490,131
2026-09-22T23:20:00+00:00,1.14490,1.14494,1.14475,1.14491,168
2026-09-22T23:25:00+00:00,1.14490,1.14491,1.14474,1.14481,119
2026-09-22T23:30:00+00:00,1.14481,1.14488,1.14476,1.14484,85
2026-09-22T23:35:00+00:00,1.14484,1.14492,1.14484,1.14487,119
2026-09-22T23:40:00+00:00,1.14487,1.14490,1.14485,1.14485,75
2026-09-22T23:45:00+00:00,1.14485,1.14488,1.14480,1.14484,127
2026-09-22T23:50:00+00:00,1.14484,1.14493,1.14484,1.14485,133
2026-09-22T23:55:00+00:00,1.14485,1.14490,1.14466,1.14471,298
2026-09-23T00:00:00+00:00,1.14483,1.14518,1.14482,1.14484,203
2026-09-23T00:05:00+00:00,1.14484,1.14491,1.14480,1.14487,97
2026-09-23T00:10:00+00:00,1.14487,1.14491,1.14481,1.14490,36
2026-09-23T00:15:00+00:00,1.14490,1.14490,1.14464,1.14479,20
2026-09-23T00:20:00+00:00,1.14479,1.14479,1.14466,1.14466,20
2026-09-23T00:25:00+00:00,1.14466,1.14466,1.14453,1.14466,7
2026-09-23T00:30:00+00:00,1.14466,1.14479,1.14466,1.14477,28
2026-09-23T00:35:00+00:00,1.14478,1.14498,1.14477,1.14495,62
2026-09-23T00:40:00+00:00,1.14495,1.14499,1.14495,1.14496,37
2026-09-23T00:45:00+00:00,1.14496,1.14500,1.14495,1.14495,28
2026-09-23T00:50:00+00:00,1.14495,1.14502,1.14495,1.14502,30
2026-09-23T00:55:00+00:00,1.14502,1.14503,1.14493,1.14493,16
2026-09-23T01:00:00+00:00,1.14493,1.14530,1.14471,1.14483,444
2026-09-23T01:05:00+00:00,1.14483,1.14489,1.14475,1.14488,223
2026-09-23T01:10:00+00:00,1.14488,1.14491,1.14483,1.14485,63
2026-09-23T01:15:00+00:00,1.14485,1.14485,1.14475,1.14477,158
2026-09-23T01:20:00+00:00,1.14476,1.14479,1.14474,1.14474,82
2026-09-23T01:25:00+00:00,1.14475,1.14479,1.14475,1.14477,74
2026-09-23T01:30:00+00:00,1.14478,1.14478,1.14471,1.14474,108
2026-09-23T01:35:00+00:00,1.14474,1.14474,1.14470,1.14471,36
2026-09-23T01:40:00+00:00,1.14471,1.14473,1.14469,1.14471,132
2026-09-23T01:45:00+00:00,1.14471,1.14471,1.14460,1.14460,45
2026-09-23T01:50:00+00:00,1.14460,1.14471,1.14459,1.14467,71
2026-09-23T01:55:00+00:00,1.14467,1.14470,1.14462,1.14467,87
2026-09-23T02:00:00+00:00,1.14467,1.14473,1.14461,1.14462,334
2026-09-23T02:05:00+00:00,1.14461,1.14468,1.14456,1.14459,208
2026-09-23T02:10:00+00:00,1.14459,1.14469,1.14457,1.14465,200
2026-09-23T02:15:00+00:00,1.14465,1.14474,1.14463,1.14472,215
2026-09-23T02:20:00+00:00,1.14472,1.14473,1.14466,1.14467,118
2026-09-23T02:25:00+00:00,1.14468,1.14470,1.14461,1.14468,168
2026-09-23T02:30:00+00:00,1.14468,1.14473,1.14467,1.14471,250
2026-09-23T02:35:00+00:00,1.14471,1.14471,1.14467,1.14468,237
2026-09-23T02:40:00+00:00,1.14468,1.14478,1.14467,1.14473,157
2026-09-23T02:45:00+00:00,1.14472,1.14485,1.14472,1.14479,296
2026-09-23T02:50:00+00:00,1.14479,1.14488,1.14478,1.14479,266
2026-09-23T02:55:00+00:00,1.14479,1.14482,1.14474,1.14479,288
2026-09-23T03:00:00+00:00,1.14479,1.14487,1.14456,1.14458,756
2026-09-23T03:05:00+00:00,1.14458,1.14460,1.14449,1.14459,630
2026-09-23T03:10:00+00:00,1.14459,1.14469,1.14456,1.14465,381
2026-09-23T03:15:00+00:00,1.14465,1.14470,1.14460,1.14460,422
2026-09-23T03:20:00+00:00,1.14460,1.14466,1.14448,1.14464,542
2026-09-23T03:25:00+00:00,1.14464,1.14475,1.14461,1.14473,412
2026-09-23T03:30:00+00:00,1.14473,1.14474,1.14466,1.14469,310
2026-09-23T03:35:00+00:00,1.14469,1.14473,1.14456,1.14471,396
2026-09-23T03:40:00+00:00,1.14472,1.14484,1.14471,1.14475,316
2026-09-23T03:45:00+00:00,1.14475,1.14488,1.14474,1.14479,187
2026-09-23T03:50:00+00:00,1.14479,1.14491,1.14479,1.14482,313
2026-09-23T03:55:00+00:00,1.14482,1.14484,1.14462,1.14464,492
2026-09-23T04:00:00+00:00,1.14464,1.14465,1.14446,1.14453,549
2026-09-23T04:05:00+00:00,1.14453,1.14463,1.14447,1.14447,407
2026-09-23T04:10:00+00:00,1.14447,1.14451,1.14442,1.14443,230
2026-09-23T04:15:00+00:00,1.14443,1.14443,1.14407,1.14412,521
2026-09-23T04:20:00+00:00,1.14412,1.14415,1.14398,1.14404,371
2026-09-23T04:25:00+00:00,1.14404,1.14404,1.14375,1.14378,514
2026-09-23T04:30:00+00:00,1.14379,1.14422,1.14376,1.14417,565
2026-09-23T04:35:00+00:00,1.14417,1.14422,1.14409,1.14417,281
2026-09-23T04:40:00+00:00,1.14417,1.14418,1.14401,1.14402,283
2026-09-23T04:45:00+00:00,1.14402,1.14406,1.14398,1.14399,344
2026-09-23T04:50:00+00:00,1.14399,1.14410,1.14395,1.14397,278
2026-09-23T04:55:00+00:00,1.14397,1.14397,1.14381,1.14392,479
2026-09-23T05:00:00+00:00,1.14392,1.14392,1.14380,1.14382,407
2026-09-23T05:05:00+00:00,1.14382,1.14386,1.14356,1.14361,403
2026-09-23T05:10:00+00:00,1.14360,1.14361,1.14342,1.14345,486
2026-09-23T05:15:00+00:00,1.14346,1.14356,1.14340,1.14345,503
2026-09-23T05:20:00+00:00,1.14346,1.14358,1.14341,1.14356,443
2026-09-23T05:25:00+00:00,1.14356,1.14367,1.14355,1.14361,320
2026-09-23T05:30:00+00:00,1.14361,1.14371,1.14360,1.14366,290
2026-09-23T05:35:00+00:00,1.14366,1.14368,1.14349,1.14358,380
2026-09-23T05:40:00+00:00,1.14358,1.14366,1.14355,1.14363,293
2026-09-23T05:45:00+00:00,1.14363,1.14367,1.14347,1.14348,298
2026-09-23T05:50:00+00:00,1.14348,1.14351,1.14340,1.14340,356
2026-09-23T05:55:00+00:00,1.14340,1.14344,1.14328,1.14337,473
2026-09-23T06:00:00+00:00,1.14337,1.14341,1.14328,1.14335,280
2026-09-23T06:05:00+00:00,1.14335,1.14343,1.14321,1.14321,326
2026-09-23T06:10:00+00:00,1.14321,1.14329,1.14321,1.14326,210
2026-09-23T06:15:00+00:00,1.14326,1.14327,1.14305,1.14306,495
2026-09-23T06:20:00+00:00,1.14306,1.14329,1.14301,1.14326,445
2026-09-23T06:25:00+00:00,1.14326,1.14332,1.14325,1.14327,336
2026-09-23T06:30:00+00:00,1.14326,1.14334,1.14322,1.14323,409
2026-09-23T06:35:00+00:00,1.14323,1.14325,1.14300,1.14302,207
2026-09-23T06:40:00+00:00,1.14302,1.14307,1.14296,1.14301,186
2026-09-23T06:45:00+00:00,1.14301,1.14303,1.14295,1.14296,129
2026-09-23T06:50:00+00:00,1.14296,1.14297,1.14279,1.14280,440
2026-09-23T06:55:00+00:00,1.14280,1.14284,1.14271,1.14272,377
2026-09-23T07:00:00+00:00,1.14272,1.14280,1.14259,1.14263,373
2026-09-23T07:05:00+00:00,1.14263,1.14265,1.14255,1.14256,457
2026-09-23T07:10:00+00:00,1.14255,1.14264,1.14255,1.14261,405
2026-09-23T07:15:00+00:00,1.14262,1.14300,1.14262,1.14297,324
2026-09-23T07:20:00+00:00,1.14297,1.14300,1.14282,1.14282,252
2026-09-23T07:25:00+00:00,1.14282,1.14297,1.14281,1.14294,181
2026-09-23T07:30:00+00:00,1.14294,1.14294,1.14286,1.14288,117
2026-09-23T07:35:00+00:00,1.14288,1.14293,1.14285,1.14287,187
2026-09-23T07:40:00+00:00,1.14287,1.14290,1.14277,1.14278,226
2026-09-23T07:45:00+00:00,1.14277,1.14279,1.14260,1.14272,283
2026-09-23T07:50:00+00:00,1.14272,1.14274,1.14265,1.14272,197
2026-09-23T07:55:00+00:00,1.14272,1.14273,1.14265,1.14267,273
2026-09-23T08:00:00+00:00,1.14267,1.14278,1.14262,1.14277,242
2026-09-23T08:05:00+00:00,1.14277,1.14286,1.14272,1.14277,211
2026-09-23T08:10:00+00:00,1.14276,1.14279,1.14269,1.14278,249
2026-09-23T08:15:00+00:00,1.14278,1.14284,1.14275,1.14283,172
2026-09-23T08:20:00+00:00,1.14283,1.14291,1.14280,1.14283,222
2026-09-23T08:25:00+00:00,1.14283,1.14290,1.14275,1.14276,269
2026-09-23T08:30:00+00:00,1.14275,1.14281,1.14270,1.14272,280
2026-09-23T08:35:00+00:00,1.14272,1.14279,1.14265,1.14266,234
2026-09-23T08:40:00+00:00,1.14267,1.14275,1.14258,1.14259,330
2026-09-23T08:45:00+00:00,1.14259,1.14266,1.14234,1.14236,378
2026-09-23T08:50:00+00:00,1.14236,1.14257,1.14234,1.14248,364
2026-09-23T08:55:00+00:00,1.14247,1.14268,1.14245,1.14258,350
2026-09-23T09:00:00+00:00,1.14258,1.14277,1.14254,1.14264,401
2026-09-23T09:05:00+00:00,1.14264,1.14267,1.14248,1.14248,251
2026-09-23T09:10:00+00:00,1.14248,1.14248,1.14224,1.14233,538
2026-09-23T09:15:00+00:00,1.14233,1.14247,1.14226,1.14243,552
2026-09-23T09:20:00+00:00,1.14243,1.14260,1.14227,1.14258,514
2026-09-23T09:25:00+00:00,1.14258,1.14258,1.14237,1.14238,353
2026-09-23T09:30:00+00:00,1.14238,1.14252,1.14232,1.14249,405
2026-09-23T09:35:00+00:00,1.14249,1.14276,1.14246,1.14272,557
2026-09-23T09:40:00+00:00,1.14272,1.14277,1.14259,1.14270,488
2026-09-23T09:45:00+00:00,1.14269,1.14285,1.14257,1.14282,482
2026-09-23T09:50:00+00:00,1.14282,1.14284,1.14248,1.14249,416
2026-09-23T09:55:00+00:00,1.14248,1.14255,1.14236,1.14238,631
2026-09-23T10:00:00+00:00,1.14238,1.14243,1.14217,1.14223,859
2026-09-23T10:05:00+00:00,1.14224,1.14226,1.14203,1.14213,734
2026-09-23T10:10:00+00:00,1.14212,1.14234,1.14211,1.14225,479
2026-09-23T10:15:00+00:00,1.14225,1.14263,1.14225,1.14248,739
2026-09-23T10:20:00+00:00,1.14249,1.14261,1.14242,1.14258,646
2026-09-23T10:25:00+00:00,1.14258,1.14258,1.14215,1.14236,644
2026-09-23T10:30:00+00:00,1.14236,1.14270,1.14233,1.14249,900
2026-09-23T10:35:00+00:00,1.14249,1.14258,1.14231,1.14245,884
2026-09-23T10:40:00+00:00,1.14244,1.14246,1.14212,1.14223,552
2026-09-23T10:45:00+00:00,1.14223,1.14230,1.14211,1.14218,602
2026-09-23T10:50:00+00:00,1.14218,1.14249,1.14211,1.14214,656
2026-09-23T10:55:00+00:00,1.14214,1.14218,1.14161,1.14181,813
2026-09-23T11:00:00+00:00,1.14181,1.14196,1.14157,1.14159,844
2026-09-23T11:05:00+00:00,1.14159,1.14162,1.14135,1.14135,980
2026-09-23T11:10:00+00:00,1.14136,1.14139,1.14122,1.14129,677
2026-09-23T11:15:00+00:00,1.14130,1.14130,1.14094,1.14118,1044
2026-09-23T11:20:00+00:00,1.14118,1.14175,1.14118,1.14175,649
2026-09-23T11:25:00+00:00,1.14174,1.14192,1.14166,1.14191,495
2026-09-23T11:30:00+00:00,1.14191,1.14206,1.14188,1.14202,528
2026-09-23T11:35:00+00:00,1.14202,1.14229,1.14201,1.14224,589
2026-09-23T11:40:00+00:00,1.14225,1.14226,1.14180,1.14182,632
2026-09-23T11:45:00+00:00,1.14181,1.14212,1.14180,1.14200,700
2026-09-23T11:50:00+00:00,1.14200,1.14218,1.14196,1.14198,379
2026-09-23T11:55:00+00:00,1.14198,1.14199,1.14177,1.14178,436
2026-09-23T12:00:00+00:00,1.14177,1.14191,1.14149,1.14150,820
2026-09-23T12:05:00+00:00,1.14150,1.14151,1.14133,1.14138,616
2026-09-23T12:10:00+00:00,1.14138,1.14146,1.14133,1.14143,575
2026-09-23T12:15:00+00:00,1.14142,1.14144,1.14117,1.14130,548
2026-09-23T12:20:00+00:00,1.14130,1.14141,1.14126,1.14135,353
2026-09-23T12:25:00+00:00,1.14135,1.14146,1.14133,1.14140,383
2026-09-23T12:30:00+00:00,1.14140,1.14148,1.14120,1.14125,400
2026-09-23T12:35:00+00:00,1.14125,1.14130,1.14110,1.14110,389
2026-09-23T12:40:00+00:00,1.14110,1.14113,1.14098,1.14103,368
2026-09-23T12:45:00+00:00,1.14103,1.14104,1.14077,1.14103,938
2026-09-23T12:50:00+00:00,1.14103,1.14108,1.14080,1.14085,607
2026-09-23T12:55:00+00:00,1.14085,1.14095,1.14078,1.14080,618
2026-09-23T13:00:00+00:00,1.14079,1.14131,1.14069,1.14125,676
2026-09-23T13:05:00+00:00,1.14125,1.14134,1.14097,1.14124,767
2026-09-23T13:10:00+00:00,1.14123,1.14133,1.14110,1.14110,822
2026-09-23T13:15:00+00:00,1.14109,1.14112,1.14088,1.14105,701
2026-09-23T13:20:00+00:00,1.14105,1.14113,1.14086,1.14096,564
2026-09-23T13:25:00+00:00,1.14095,1.14119,1.14090,1.14107,641
2026-09-23T13:30:00+00:00,1.14107,1.14107,1.14078,1.14084,959
2026-09-23T13:35:00+00:00,1.14084,1.14097,1.14078,1.14088,549
2026-09-23T13:40:00+00:00,1.14089,1.14089,1.14076,1.14084,393
2026-09-23T13:45:00+00:00,1.14083,1.14104,1.14075,1.14099,567
2026-09-23T13:50:00+00:00,1.14100,1.14138,1.14099,1.14137,473
2026-09-23T13:55:00+00:00,1.14137,1.14163,1.14131,1.14161,555
2026-09-23T14:00:00+00:00,1.14161,1.14189,1.14152,1.14176,714
2026-09-23T14:05:00+00:00,1.14177,1.14184,1.14159,1.14178,596
2026-09-23T14:10:00+00:00,1.14178,1.14198,1.14171,1.14197,650
2026-09-23T14:15:00+00:00,1.14197,1.14197,1.14157,1.14157,591
2026-09-23T14:20:00+00:00,1.14157,1.14165,1.14130,1.14133,575
2026-09-23T14:25:00+00:00,1.14133,1.14141,1.14107,1.14115,537
2026-09-23T14:30:00+00:00,1.14115,1.14115,1.14096,1.14096,625
2026-09-23T14:35:00+00:00,1.14096,1.14096,1.14058,1.14068,736
2026-09-23T14:40:00+00:00,1.14069,1.14077,1.14044,1.14070,827
2026-09-23T14:45:00+00:00,1.14070,1.14122,1.14064,1.14116,977
2026-09-23T14:50:00+00:00,1.14116,1.14117,1.14095,1.14102,672
2026-09-23T14:55:00+00:00,1.14102,1.14126,1.14085,1.14117,878
2026-09-23T15:00:00+00:00,1.14116,1.14123,1.14101,1.14109,907
2026-09-23T15:05:00+00:00,1.14109,1.14126,1.14100,1.14103,804
2026-09-23T15:10:00+00:00,1.14103,1.14112,1.14080,1.14091,916
2026-09-23T15:15:00+00:00,1.14092,1.14097,1.14077,1.14086,722
2026-09-23T15:20:00+00:00,1.14086,1.14089,1.14051,1.14051,810
2026-09-23T15:25:00+00:00,1.14051,1.14052,1.14031,1.14035,466
2026-09-23T15:30:00+00:00,1.14035,1.14035,1.14015,1.14030,904
2026-09-23T15:35:00+00:00,1.14030,1.14031,1.13999,1.14009,906
2026-09-23T15:40:00+00:00,1.14009,1.14038,1.14003,1.14010,961
2026-09-23T15:45:00+00:00,1.14010,1.14048,1.13998,1.14038,662
2026-09-23T15:50:00+00:00,1.14038,1.14071,1.14035,1.14068,664
2026-09-23T15:55:00+00:00,1.14068,1.14085,1.14056,1.14082,614
2026-09-23T16:00:00+00:00,1.14081,1.14090,1.14059,1.14071,1163
2026-09-23T16:05:00+00:00,1.14071,1.14078,1.14024,1.14025,1026
2026-09-23T16:10:00+00:00,1.14025,1.14028,1.14001,1.14005,1012
2026-09-23T16:15:00+00:00,1.14005,1.14034,1.14002,1.14026,784
2026-09-23T16:20:00+00:00,1.14026,1.14073,1.14021,1.14052,1214
2026-09-23T16:25:00+00:00,1.14052,1.14148,1.14048,1.14143,1381
2026-09-23T16:30:00+00:00,1.14143,1.14160,1.14114,1.14132,1013
2026-09-23T16:35:00+00:00,1.14132,1.14156,1.14110,1.14131,931
2026-09-23T16:40:00+00:00,1.14132,1.14144,1.14078,1.14086,895
2026-09-23T16:45:00+00:00,1.14086,1.14086,1.13943,1.13945,2000
2026-09-23T16:50:00+00:00,1.13945,1.13979,1.13910,1.13930,1813
2026-09-23T16:55:00+00:00,1.13930,1.13981,1.13916,1.13969,1750
2026-09-23T17:00:00+00:00,1.13969,1.14011,1.13962,1.13978,1539
2026-09-23T17:05:00+00:00,1.13978,1.14021,1.13965,1.14020,1001
2026-09-23T17:10:00+00:00,1.14020,1.14036,1.13978,1.13981,1361
2026-09-23T17:15:00+00:00,1.13981,1.13989,1.13910,1.13910,1031
2026-09-23T17:20:00+00:00,1.13910,1.13952,1.13902,1.13923,1094
2026-09-23T17:25:00+00:00,1.13923,1.13934,1.13835,1.13840,1456
2026-09-23T17:30:00+00:00,1.13840,1.13938,1.13839,1.13933,1212
2026-09-23T17:35:00+00:00,1.13933,1.13954,1.13907,1.13921,1247
2026-09-23T17:40:00+00:00,1.13921,1.13952,1.13911,1.13922,938
2026-09-23T17:45:00+00:00,1.13921,1.13942,1.13891,1.13908,1102
2026-09-23T17:50:00+00:00,1.13909,1.14055,1.13882,1.14024,2178
2026-09-23T17:55:00+00:00,1.14024,1.14034,1.13976,1.14022,1640
2026-09-23T18:00:00+00:00,1.14022,1.14028,1.13940,1.13948,1473
2026-09-23T18:05:00+00:00,1.13947,1.13994,1.13936,1.13984,974
2026-09-23T18:10:00+00:00,1.13984,1.14004,1.13961,1.13976,782
2026-09-23T18:15:00+00:00,1.13975,1.13987,1.13946,1.13961,834
2026-09-23T18:20:00+00:00,1.13962,1.13969,1.13931,1.13934,796
2026-09-23T18:25:00+00:00,1.13934,1.13950,1.13913,1.13917,683
2026-09-23T18:30:00+00:00,1.13917,1.13918,1.13886,1.13894,1150
2026-09-23T18:35:00+00:00,1.13894,1.13920,1.13888,1.13900,956
2026-09-23T18:40:00+00:00,1.13900,1.13924,1.13897,1.13920,632
2026-09-23T18:45:00+00:00,1.13920,1.13933,1.13894,1.13896,606
2026-09-23T18:50:00+00:00,1.13896,1.13908,1.13877,1.13907,745
2026-09-23T18:55:00+00:00,1.13908,1.13944,1.13908,1.13933,903
2026-09-23T19:00:00+00:00,1.13933,1.13940,1.13910,1.13914,680
2026-09-23T19:05:00+00:00,1.13914,1.13945,1.13912,1.13935,658
2026-09-23T19:10:00+00:00,1.13935,1.13936,1.13918,1.13923,538
2026-09-23T19:15:00+00:00,1.13923,1.13952,1.13917,1.13947,627
2026-09-23T19:20:00+00:00,1.13947,1.13956,1.13922,1.13923,704
2026-09-23T19:25:00+00:00,1.13923,1.13934,1.13912,1.13919,793
2026-09-23T19:30:00+00:00,1.13919,1.13919,1.13883,1.13884,708
2026-09-23T19:35:00+00:00,1.13883,1.13916,1.13874,1.13910,846
2026-09-23T19:40:00+00:00,1.13910,1.13921,1.13880,1.13881,752
2026-09-23T19:45:00+00:00,1.13881,1.13890,1.13831,1.13838,1395
2026-09-23T19:50:00+00:00,1.13838,1.13847,1.13757,1.13771,1518
2026-09-23T19:55:00+00:00,1.13771,1.13811,1.13770,1.13782,1136
2026-09-23T20:00:00+00:00,1.13782,1.13782,1.13715,1.13724,1830
2026-09-23T20:05:00+00:00,1.13724,1.13742,1.13702,1.13740,1326
2026-09-23T20:10:00+00:00,1.13740,1.13747,1.13706,1.13713,906
2026-09-23T20:15:00+00:00,1.13713,1.13719,1.13701,1.13711,993
2026-09-23T20:20:00+00:00,1.13711,1.13747,1.13707,1.13733,803
2026-09-23T20:25:00+00:00,1.13733,1.13757,1.13725,1.13755,995
2026-09-23T20:30:00+00:00,1.13755,1.13761,1.13745,1.13755,1035
2026-09-23T20:35:00+00:00,1.13755,1.13755,1.13723,1.13726,662
2026-09-23T20:40:00+00:00,1.13726,1.13862,1.13723,1.13848,2212
2026-09-23T20:45:00+00:00,1.13848,1.13899,1.13841,1.13892,1284
2026-09-23T20:50:00+00:00,1.13892,1.13929,1.13885,1.13922,1035
2026-09-23T20:55:00+00:00,1.13921,1.13929,1.13896,1.13920,905
2026-09-23T21:00:00+00:00,1.13920,1.13939,1.13889,1.13890,989
2026-09-23T21:05:00+00:00,1.13890,1.13903,1.13888,1.13896,722
2026-09-23T21:10:00+00:00,1.13896,1.13905,1.13884,1.13892,685
2026-09-23T21:15:00+00:00,1.13891,1.13899,1.13874,1.13877,830
2026-09-23T21:20:00+00:00,1.13877,1.13883,1.13835,1.13839,738
2026-09-23T21:25:00+00:00,1.13839,1.13841,1.13803,1.13817,534
2026-09-23T21:30:00+00:00,1.13818,1.13851,1.13805,1.13844,791
2026-09-23T21:35:00+00:00,1.13844,1.13855,1.13829,1.13834,644
2026-09-23T21:40:00+00:00,1.13834,1.13853,1.13829,1.13839,491
2026-09-23T21:45:00+00:00,1.13839,1.13847,1.13824,1.13846,496
2026-09-23T21:50:00+00:00,1.13846,1.13866,1.13844,1.13865,468
2026-09-23T21:55:00+00:00,1.13865,1.13871,1.13849,1.13869,580
2026-09-23T22:00:00+00:00,1.13869,1.13887,1.13863,1.13870,542
2026-09-23T22:05:00+00:00,1.13871,1.13890,1.13853,1.13875,1014
2026-09-23T22:10:00+00:00,1.13875,1.13887,1.13854,1.13859,731
2026-09-23T22:15:00+00:00,1.13859,1.13860,1.13825,1.13829,812
2026-09-23T22:20:00+00:00,1.13829,1.13856,1.13828,1.13856,482
2026-09-23T22:25:00+00:00,1.13856,1.13863,1.13845,1.13862,329
2026-09-23T22:30:00+00:00,1.13861,1.13872,1.13843,1.13855,446
2026-09-23T22:35:00+00:00,1.13855,1.13861,1.13843,1.13849,426
2026-09-23T22:40:00+00:00,1.13849,1.13861,1.13849,1.13851,329
2026-09-23T22:45:00+00:00,1.13851,1.13870,1.13851,1.13868,343
2026-09-23T22:50:00+00:00,1.13869,1.13871,1.13849,1.13851,483
2026-09-23T22:55:00+00:00,1.13850,1.13860,1.13844,1.13844,812
2026-09-23T23:00:00+00:00,1.13844,1.13867,1.13838,1.13867,349
2026-09-23T23:05:00+00:00,1.13867,1.13873,1.13865,1.13869,157
2026-09-23T23:10:00+00:00,1.13868,1.13868,1.13845,1.13851,111
2026-09-23T23:15:00+00:00,1.13851,1.13861,1.13848,1.13849,132
2026-09-23T23:20:00+00:00,1.13850,1.13850,1.13840,1.13846,83
2026-09-23T23:25:00+00:00,1.13846,1.13852,1.13844,1.13846,86
2026-09-23T23:30:00+00:00,1.13846,1.13856,1.13831,1.13834,136
2026-09-23T23:35:00+00:00,1.13834,1.13836,1.13824,1.13826,61
2026-09-23T23:40:00+00:00,1.13826,1.13829,1.13821,1.13825,69
2026-09-23T23:45:00+00:00,1.13825,1.13831,1.13810,1.13814,188
2026-09-23T23:50:00+00:00,1.13814,1.13826,1.13810,1.13826,138
2026-09-23T23:55:00+00:00,1.13826,1.13844,1.13812,1.13830,375
2026-09-24T00:00:00+00:00,1.13808,1.13808,1.13761,1.13801,49
2026-09-24T00:05:00+00:00,1.13801,1.13828,1.13801,1.13813,55
2026-09-24T00:10:00+00:00,1.13813,1.13815,1.13807,1.13808,84
2026-09-24T00:15:00+00:00,1.13808,1.13827,1.13805,1.13826,96
2026-09-24T00:20:00+00:00,1.13826,1.13835,1.13818,1.13832,63
2026-09-24T00:25:00+00:00,1.13832,1.13842,1.13827,1.13838,78
2026-09-24T00:30:00+00:00,1.13838,1.13842,1.13837,1.13840,72
2026-09-24T00:35:00+00:00,1.13837,1.13861,1.13837,1.13859,224
2026-09-24T00:40:00+00:00,1.13859,1.13878,1.13856,1.13873,134
2026-09-24T00:45:00+00:00,1.13873,1.13879,1.13837,1.13840,191
2026-09-24T00:50:00+00:00,1.13840,1.13843,1.13829,1.13839,124
2026-09-24T00:55:00+00:00,1.13837,1.13840,1.13828,1.13834,95
2026-09-24T01:00:00+00:00,1.13834,1.13850,1.13832,1.13848,163
2026-09-24T01:05:00+00:00,1.13848,1.13864,1.13848,1.13859,91
2026-09-24T01:10:00+00:00,1.13859,1.13859,1.13844,1.13847,154
2026-09-24T01:15:00+00:00,1.13847,1.13850,1.13844,1.13849,95
2026-09-24T01:20:00+00:00,1.13849,1.13849,1.13844,1.13844,141
2026-09-24T01:25:00+00:00,1.13844,1.13852,1.13843,1.13849,80
2026-09-24T01:30:00+00:00,1.13849,1.13849,1.13837,1.13838,129
2026-09-24T01:35:00+00:00,1.13838,1.13850,1.13838,1.13849,129
2026-09-24T01:40:00+00:00,1.13849,1.13850,1.13847,1.13847,53
2026-09-24T01:45:00+00:00,1.13847,1.13851,1.13847,1.13848,84
2026-09-24T01:50:00+00:00,1.13848,1.13849,1.13843,1.13849,117
2026-09-24T01:55:00+00:00,1.13849,1.13854,1.13848,1.13848,97
2026-09-24T02:00:00+00:00,1.13848,1.13849,1.13841,1.13842,106
2026-09-24T02:05:00+00:00,1.13842,1.13843,1.13835,1.13837,108
2026-09-24T02:10:00+00:00,1.13837,1.13844,1.13837,1.13837,101
2026-09-24T02:15:00+00:00,1.13837,1.13838,1.13822,1.13823,95
2026-09-24T02:20:00+00:00,1.13823,1.13824,1.13813,1.13817,254
2026-09-24T02:25:00+00:00,1.13818,1.13818,1.13804,1.13807,193
2026-09-24T02:30:00+00:00,1.13807,1.13813,1.13801,1.13802,142
2026-09-24T02:35:00+00:00,1.13802,1.13811,1.13801,1.13809,181
2026-09-24T02:40:00+00:00,1.13809,1.13813,1.13807,1.13807,140
2026-09-24T02:45:00+00:00,1.13808,1.13825,1.13807,1.13820,236
2026-09-24T02:50:00+00:00,1.13820,1.13826,1.13817,1.13822,215
2026-09-24T02:55:00+00:00,1.13822,1.13825,1.13811,1.13817,343
2026-09-24T03:00:00+00:00,1.13817,1.13847,1.13816,1.13843,410
2026-09-24T03:05:00+00:00,1.13843,1.13843,1.13822,1.13824,477
2026-09-24T03:10:00+00:00,1.13824,1.13826,1.13810,1.13812,377
2026-09-24T03:15:00+00:00,1.13812,1.13814,1.13784,1.13795,451
2026-09-24T03:20:00+00:00,1.13795,1.13796,1.13768,1.13795,342
2026-09-24T03:25:00+00:00,1.13795,1.13804,1.13785,1.13795,547
2026-09-24T03:30:00+00:00,1.13795,1.13796,1.13780,1.13784,267
2026-09-24T03:35:00+00:00,1.13784,1.13794,1.13769,1.13769,258
2026-09-24T03:40:00+00:00,1.13769,1.13772,1.13757,1.13761,300
2026-09-24T03:45:00+00:00,1.13761,1.13761,1.13723,1.13723,460
2026-09-24T03:50:00+00:00,1.13724,1.13730,1.13708,1.13717,807
2026-09-24T03:55:00+00:00,1.13717,1.13766,1.13716,1.13765,736
2026-09-24T04:00:00+00:00,1.13765,1.13780,1.13753,1.13769,707
2026-09-24T04:05:00+00:00,1.13769,1.13790,1.13753,1.13788,694
2026-09-24T04:10:00+00:00,1.13788,1.13821,1.13785,1.13818,608
2026-09-24T04:15:00+00:00,1.13818,1.13825,1.13785,1.13799,692
2026-09-24T04:20:00+00:00,1.13800,1.13801,1.13775,1.13784,711
2026-09-24T04:25:00+00:00,1.13784,1.13790,1.13770,1.13788,407
2026-09-24T04:30:00+00:00,1.13788,1.13805,1.13773,1.13797,973
2026-09-24T04:35:00+00:00,1.13796,1.13805,1.13775,1.13794,719
2026-09-24T04:40:00+00:00,1.13793,1.13801,1.13772,1.13795,846
2026-09-24T04:45:00+00:00,1.13795,1.13804,1.13782,1.13794,727
2026-09-24T04:50:00+00:00,1.13794,1.13815,1.13782,1.13784,729
2026-09-24T04:55:00+00:00,1.13784,1.13792,1.13751,1.13763,729
2026-09-24T05:00:00+00:00,1.13763,1.13764,1.13734,1.13743,853
2026-09-24T05:05:00+00:00,1.13743,1.13743,1.13701,1.13708,743
2026-09-24T05:10:00+00:00,1.13708,1.13714,1.13688,1.13698,681
2026-09-24T05:15:00+00:00,1.13698,1.13737,1.13696,1.13733,577
2026-09-24T05:20:00+00:00,1.13733,1.13746,1.13731,1.13740,442
2026-09-24T05:25:00+00:00,1.13740,1.13773,1.13740,1.13766,547
2026-09-24T05:30:00+00:00,1.13766,1.13801,1.13763,1.13795,560
2026-09-24T05:35:00+00:00,1.13796,1.13803,1.13788,1.13789,622
2026-09-24T05:40:00+00:00,1.13789,1.13834,1.13787,1.13829,530
2026-09-24T05:45:00+00:00,1.13829,1.13831,1.13817,1.13825,475
2026-09-24T05:50:00+00:00,1.13825,1.13834,1.13814,1.13831,420
2026-09-24T05:55:00+00:00,1.13831,1.13846,1.13829,1.13839,347
2026-09-24T06:00:00+00:00,1.13839,1.13860,1.13839,1.13854,438
2026-09-24T06:05:00+00:00,1.13854,1.13854,1.13828,1.13837,356
2026-09-24T06:10:00+00:00,1.13837,1.13845,1.13825,1.13839,423
2026-09-24T06:15:00+00:00,1.13839,1.13840,1.13818,1.13818,269
2026-09-24T06:20:00+00:00,1.13818,1.13821,1.13815,1.13820,152
2026-09-24T06:25:00+00:00,1.13820,1.13829,1.13793,1.13794,289
2026-09-24T06:30:00+00:00,1.13794,1.13797,1.13786,1.13786,238
2026-09-24T06:35:00+00:00,1.13786,1.13794,1.13780,1.13786,232
2026-09-24T06:40:00+00:00,1.13785,1.13789,1.13767,1.13770,284
2026-09-24T06:45:00+00:00,1.13770,1.13781,1.13769,1.13770,267
2026-09-24T06:50:00+00:00,1.13770,1.13776,1.13764,1.13769,390
2026-09-24T06:55:00+00:00,1.13769,1.13776,1.13766,1.13774,349
2026-09-24T07:00:00+00:00,1.13774,1.13776,1.13753,1.13770,650
2026-09-24T07:05:00+00:00,1.13771,1.13774,1.13762,1.13772,398
2026-09-24T07:10:00+00:00,1.13772,1.13788,1.13772,1.13788,384
2026-09-24T07:15:00+00:00,1.13788,1.13795,1.13781,1.13789,347
2026-09-24T07:20:00+00:00,1.13789,1.13790,1.13778,1.13790,308
2026-09-24T07:25:00+00:00,1.13790,1.13804,1.13788,1.13802,300
2026-09-24T07:30:00+00:00,1.13802,1.13816,1.13795,1.13809,359
2026-09-24T07:35:00+00:00,1.13809,1.13824,1.13808,1.13824,362
2026-09-24T07:40:00+00:00,1.13824,1.13833,1.13821,1.13829,249
2026-09-24T07:45:00+00:00,1.13829,1.13840,1.13826,1.13831,302
2026-09-24T07:50:00+00:00,1.13832,1.13847,1.13822,1.13845,345
2026-09-24T07:55:00+00:00,1.13844,1.13856,1.13837,1.13840,431
2026-09-24T08:00:00+00:00,1.13840,1.13860,1.13833,1.13855,433
2026-09-24T08:05:00+00:00,1.13855,1.13866,1.13846,1.13854,363
2026-09-24T08:10:00+00:00,1.13855,1.13856,1.13830,1.13831,239
2026-09-24T08:15:00+00:00,1.13831,1.13845,1.13824,1.13841,251
2026-09-24T08:20:00+00:00,1.13841,1.13849,1.13835,1.13848,220
2026-09-24T08:25:00+00:00,1.13848,1.13851,1.13838,1.13848,263
2026-09-24T08:30:00+00:00,1.13848,1.13853,1.13829,1.13829,261
2026-09-24T08:35:00+00:00,1.13829,1.13840,1.13822,1.13834,346
2026-09-24T08:40:00+00:00,1.13834,1.13841,1.13807,1.13811,395
2026-09-24T08:45:00+00:00,1.13810,1.13811,1.13796,1.13800,563
2026-09-24T08:50:00+00:00,1.13800,1.13817,1.13800,1.13803,414
2026-09-24T08:55:00+00:00,1.13803,1.13807,1.13757,1.13764,562
2026-09-24T09:00:00+00:00,1.13763,1.13818,1.13758,1.13806,1130
2026-09-24T09:05:00+00:00,1.13806,1.13856,1.13805,1.13855,809
2026-09-24T09:10:00+00:00,1.13855,1.13892,1.13855,1.13871,1025
2026-09-24T09:15:00+00:00,1.13871,1.13877,1.13835,1.13868,1073
2026-09-24T09:20:00+00:00,1.13868,1.13882,1.13857,1.13868,917
2026-09-24T09:25:00+00:00,1.13868,1.13904,1.13862,1.13899,860
2026-09-24T09:30:00+00:00,1.13899,1.13908,1.13880,1.13888,1242
2026-09-24T09:35:00+00:00,1.13888,1.13899,1.13857,1.13882,967
2026-09-24T09:40:00+00:00,1.13882,1.13884,1.13840,1.13852,712
2026-09-24T09:45:00+00:00,1.13853,1.13860,1.13835,1.13856,679
2026-09-24T09:50:00+00:00,1.13856,1.13866,1.13845,1.13852,666
2026-09-24T09:55:00+00:00,1.13853,1.13876,1.13851,1.13859,848
2026-09-24T10:00:00+00:00,1.13860,1.13879,1.13834,1.13872,1371
2026-09-24T10:05:00+00:00,1.13872,1.13910,1.13855,1.13903,1272
2026-09-24T10:10:00+00:00,1.13903,1.13904,1.13862,1.13867,1271
2026-09-24T10:15:00+00:00,1.13867,1.13907,1.13862,1.13891,943
2026-09-24T10:20:00+00:00,1.13891,1.13895,1.13876,1.13893,980
2026-09-24T10:25:00+00:00,1.13894,1.13922,1.13887,1.13919,622
2026-09-24T10:30:00+00:00,1.13919,1.13929,1.13891,1.13898,1341
2026-09-24T10:35:00+00:00,1.13898,1.13918,1.13895,1.13902,1377
2026-09-24T10:40:00+00:00,1.13902,1.13944,1.13880,1.13943,960
2026-09-24T10:45:00+00:00,1.13943,1.13963,1.13930,1.13962,912
2026-09-24T10:50:00+00:00,1.13961,1.13980,1.13953,1.13968,878
2026-09-24T10:55:00+00:00,1.13967,1.13971,1.13922,1.13929,728
2026-09-24T11:00:00+00:00,1.13929,1.13983,1.13921,1.13982,1113
2026-09-24T11:05:00+00:00,1.13982,1.13991,1.13959,1.13968,1142
2026-09-24T11:10:00+00:00,1.13968,1.13969,1.13913,1.13928,974
2026-09-24T11:15:00+00:00,1.13928,1.13934,1.13882,1.13885,1560
2026-09-24T11:20:00+00:00,1.13885,1.13897,1.13872,1.13876,1110
2026-09-24T11:25:00+00:00,1.13876,1.13890,1.13868,1.13877,1017
2026-09-24T11:30:00+00:00,1.13877,1.13921,1.13870,1.13881,1727
2026-09-24T11:35:00+00:00,1.13882,1.13892,1.13861,1.13878,1396
2026-09-24T11:40:00+00:00,1.13878,1.13886,1.13831,1.13835,1067
2026-09-24T11:45:00+00:00,1.13835,1.13854,1.13828,1.13851,879
2026-09-24T11:50:00+00:00,1.13851,1.13863,1.13802,1.13803,935
2026-09-24T11:55:00+00:00,1.13803,1.13832,1.13796,1.13810,874
2026-09-24T12:00:00+00:00,1.13809,1.13821,1.13774,1.13779,941
2026-09-24T12:05:00+00:00,1.13779,1.13804,1.13770,1.13780,883
2026-09-24T12:10:00+00:00,1.13780,1.13780,1.13748,1.13753,1356
2026-09-24T12:15:00+00:00,1.13753,1.13765,1.13719,1.13762,1009
2026-09-24T12:20:00+00:00,1.13761,1.13775,1.13754,1.13763,892
2026-09-24T12:25:00+00:00,1.13763,1.13767,1.13738,1.13749,895
2026-09-24T12:30:00+00:00,1.13749,1.13782,1.13744,1.13746,852
2026-09-24T12:35:00+00:00,1.13746,1.13761,1.13721,1.13736,769
2026-09-24T12:40:00+00:00,1.13736,1.13753,1.13729,1.13740,844
2026-09-24T12:45:00+00:00,1.13740,1.13772,1.13740,1.13765,871
2026-09-24T12:50:00+00:00,1.13765,1.13772,1.13729,1.13736,1048
2026-09-24T12:55:00+00:00,1.13736,1.13750,1.13727,1.13741,931
2026-09-24T13:00:00+00:00,1.13741,1.13758,1.13706,1.13708,1200
2026-09-24T13:05:00+00:00,1.13707,1.13733,1.13700,1.13723,1153
2026-09-24T13:10:00+00:00,1.13724,1.13742,1.13700,1.13700,1223
2026-09-24T13:15:00+00:00,1.13700,1.13703,1.13656,1.13658,1173
2026-09-24T13:20:00+00:00,1.13658,1.13665,1.13616,1.13637,1033
2026-09-24T13:25:00+00:00,1.13638,1.13659,1.13621,1.13633,906
2026-09-24T13:30:00+00:00,1.13633,1.13672,1.13632,1.13669,696
2026-09-24T13:35:00+00:00,1.13669,1.13736,1.13666,1.13710,945
2026-09-24T13:40:00+00:00,1.13710,1.13728,1.13703,1.13703,865
2026-09-24T13:45:00+00:00,1.13704,1.13731,1.13673,1.13717,1362
2026-09-24T13:50:00+00:00,1.13717,1.13731,1.13691,1.13692,964
2026-09-24T13:55:00+00:00,1.13692,1.13743,1.13692,1.13736,781
2026-09-24T14:00:00+00:00,1.13736,1.13746,1.13721,1.13723,770
2026-09-24T14:05:00+00:00,1.13723,1.13752,1.13716,1.13742,937
2026-09-24T14:10:00+00:00,1.13742,1.13753,1.13724,1.13742,1075
2026-09-24T14:15:00+00:00,1.13742,1.13777,1.13718,1.13720,1447
2026-09-24T14:20:00+00:00,1.13720,1.13764,1.13719,1.13756,816
2026-09-24T14:25:00+00:00,1.13756,1.13764,1.13738,1.13751,858
2026-09-24T14:30:00+00:00,1.13751,1.13766,1.13732,1.13749,751
2026-09-24T14:35:00+00:00,1.13749,1.13751,1.13693,1.13713,974
2026-09-24T14:40:00+00:00,1.13713,1.13727,1.13700,1.13725,882
2026-09-24T14:45:00+00:00,1.13725,1.13727,1.13699,1.13703,775
2026-09-24T14:50:00+00:00,1.13703,1.13709,1.13684,1.13686,776
2026-09-24T14:55:00+00:00,1.13686,1.13688,1.13657,1.13682,848
2026-09-24T15:00:00+00:00,1.13682,1.13690,1.13647,1.13655,1185
2026-09-24T15:05:00+00:00,1.13655,1.13686,1.13644,1.13668,662
2026-09-24T15:10:00+00:00,1.13669,1.13684,1.13649,1.13673,751
2026-09-24T15:15:00+00:00,1.13674,1.13681,1.13658,1.13665,714
2026-09-24T15:20:00+00:00,1.13665,1.13707,1.13664,1.13706,887
2026-09-24T15:25:00+00:00,1.13706,1.13717,1.13683,1.13686,887
2026-09-24T15:30:00+00:00,1.13686,1.13691,1.13629,1.13639,811
2026-09-24T15:35:00+00:00,1.13639,1.13662,1.13624,1.13639,1242
2026-09-24T15:40:00+00:00,1.13639,1.13697,1.13638,1.13671,1130
2026-09-24T15:45:00+00:00,1.13673,1.13687,1.13673,1.13686,111
2026-09-24T15:50:00+00:00,1.13686,1.13708,1.13663,1.13703,1065
2026-09-24T15:55:00+00:00,1.13703,1.13747,1.13697,1.13737,1044
2026-09-24T16:00:00+00:00,1.13738,1.13778,1.13728,1.13731,1116
2026-09-24T16:05:00+00:00,1.13731,1.13734,1.13695,1.13703,846
2026-09-24T16:10:00+00:00,1.13703,1.13725,1.13701,1.13722,835
2026-09-24T16:15:00+00:00,1.13722,1.13735,1.13711,1.13712,835
2026-09-24T16:20:00+00:00,1.13712,1.13719,1.13670,1.13674,1031
2026-09-24T16:25:00+00:00,1.13673,1.13674,1.13595,1.13596,916
2026-09-24T16:30:00+00:00,1.13596,1.13657,1.13592,1.13632,1430
2026-09-24T16:35:00+00:00,1.13633,1.13715,1.13623,1.13699,1673
2026-09-24T16:40:00+00:00,1.13698,1.13714,1.13665,1.13673,1145
2026-09-24T16:45:00+00:00,1.13673,1.13711,1.13656,1.13689,1276
2026-09-24T16:50:00+00:00,1.13689,1.13723,1.13671,1.13682,1070
2026-09-24T16:55:00+00:00,1.13682,1.13745,1.13677,1.13737,1028
2026-09-24T17:00:00+00:00,1.13737,1.13784,1.13709,1.13782,1100
2026-09-24T17:05:00+00:00,1.13783,1.13787,1.13752,1.13760,920
2026-09-24T17:10:00+00:00,1.13760,1.13785,1.13759,1.13775,982
2026-09-24T17:15:00+00:00,1.13775,1.13782,1.13739,1.13745,1023
2026-09-24T17:20:00+00:00,1.13745,1.13758,1.13717,1.13751,1185
2026-09-24T17:25:00+00:00,1.13750,1.13754,1.13710,1.13728,988
2026-09-24T17:30:00+00:00,1.13728,1.13757,1.13709,1.13748,1073
2026-09-24T17:35:00+00:00,1.13748,1.13762,1.13737,1.13741,1063
2026-09-24T17:40:00+00:00,1.13741,1.13748,1.13712,1.13728,1065
2026-09-24T17:45:00+00:00,1.13727,1.13765,1.13720,1.13758,999
2026-09-24T17:50:00+00:00,1.13758,1.13771,1.13746,1.13758,1166
2026-09-24T17:55:00+00:00,1.13756,1.13760,1.13724,1.13735,1130
2026-09-24T18:00:00+00:00,1.13735,1.13749,1.13700,1.13701,1416
2026-09-24T18:05:00+00:00,1.13701,1.13705,1.13676,1.13681,1254
2026-09-24T18:10:00+00:00,1.13681,1.13685,1.13640,1.13644,1264
2026-09-24T18:15:00+00:00,1.13645,1.13698,1.13644,1.13683,1228
2026-09-24T18:20:00+00:00,1.13683,1.13685,1.13665,1.13682,1079
2026-09-24T18:25:00+00:00,1.13682,1.13686,1.13664,1.13679,949
2026-09-24T18:30:00+00:00,1.13679,1.13680,1.13641,1.13654,1075
2026-09-24T18:35:00+00:00,1.13654,1.13690,1.13647,1.13660,1366
2026-09-24T18:40:00+00:00,1.13659,1.13709,1.13648,1.13707,1085
2026-09-24T18:45:00+00:00,1.13707,1.13729,1.13683,1.13706,981
2026-09-24T18:50:00+00:00,1.13707,1.13750,1.13705,1.13730,796
2026-09-24T18:55:00+00:00,1.13732,1.13737,1.13706,1.13721,515
2026-09-24T19:00:00+00:00,1.13721,1.13749,1.13706,1.13748,716
2026-09-24T19:05:00+00:00,1.13748,1.13748,1.13710,1.13716,734
2026-09-24T19:10:00+00:00,1.13716,1.13730,1.13695,1.13727,722
2026-09-24T19:15:00+00:00,1.13727,1.13917,1.13726,1.13858,4722
2026-09-24T19:20:00+00:00,1.13859,1.13878,1.13802,1.13852,2322
2026-09-24T19:25:00+00:00,1.13852,1.13859,1.13806,1.13827,1697
2026-09-24T19:30:00+00:00,1.13828,1.13837,1.13796,1.13811,1342
2026-09-24T19:35:00+00:00,1.13811,1.13856,1.13802,1.13839,1306
2026-09-24T19:40:00+00:00,1.13839,1.13870,1.13820,1.13820,1363
2026-09-24T19:45:00+00:00,1.13821,1.13823,1.13796,1.13811,1138
2026-09-24T19:50:00+00:00,1.13811,1.13834,1.13796,1.13797,1194
2026-09-24T19:55:00+00:00,1.13797,1.13807,1.13781,1.13785,973
2026-09-24T20:00:00+00:00,1.13785,1.13840,1.13776,1.13807,2029
2026-09-24T20:05:00+00:00,1.13808,1.13819,1.13793,1.13802,932
2026-09-24T20:10:00+00:00,1.13802,1.13814,1.13777,1.13807,1201
2026-09-24T20:15:00+00:00,1.13807,1.13809,1.13739,1.13741,801
2026-09-24T20:20:00+00:00,1.13741,1.13750,1.13729,1.13735,887
2026-09-24T20:25:00+00:00,1.13735,1.13736,1.13709,1.13710,892
2026-09-24T20:30:00+00:00,1.13710,1.13747,1.13706,1.13706,801
2026-09-24T20:35:00+00:00,1.13706,1.13720,1.13702,1.13716,666
2026-09-24T20:40:00+00:00,1.13716,1.13719,1.13693,1.13695,703
2026-09-24T20:45:00+00:00,1.13695,1.13695,1.13665,1.13667,725
2026-09-24T20:50:00+00:00,1.13666,1.13677,1.13656,1.13661,620
2026-09-24T20:55:00+00:00,1.13660,1.13684,1.13653,1.13677,568
2026-09-24T21:00:00+00:00,1.13677,1.13678,1.13594,1.13606,1384
2026-09-24T21:05:00+00:00,1.13606,1.13681,1.13605,1.13678,1204
2026-09-24T21:10:00+00:00,1.13678,1.13716,1.13677,1.13703,1143
2026-09-24T21:15:00+00:00,1.13705,1.13717,1.13692,1.13694,1095
2026-09-24T21:20:00+00:00,1.13694,1.13703,1.13681,1.13697,722
2026-09-24T21:25:00+00:00,1.13697,1.13736,1.13695,1.13734,1261
2026-09-24T21:30:00+00:00,1.13733,1.13736,1.13705,1.13706,625
2026-09-24T21:35:00+00:00,1.13706,1.13754,1.13688,1.13736,1247
2026-09-24T21:40:00+00:00,1.13736,1.13737,1.13696,1.13707,910
2026-09-24T21:45:00+00:00,1.13706,1.13718,1.13700,1.13710,739
2026-09-24T21:50:00+00:00,1.13710,1.13749,1.13705,1.13737,1167
2026-09-24T21:55:00+00:00,1.13737,1.13752,1.13730,1.13736,705
2026-09-24T22:00:00+00:00,1.13736,1.13757,1.13722,1.13742,1310
2026-09-24T22:05:00+00:00,1.13742,1.13764,1.13738,1.13751,564
2026-09-24T22:10:00+00:00,1.13750,1.13752,1.13711,1.13712,531
2026-09-24T22:15:00+00:00,1.13712,1.13737,1.13711,1.13731,660
2026-09-24T22:20:00+00:00,1.13732,1.13749,1.13719,1.13749,524
2026-09-24T22:25:00+00:00,1.13749,1.13752,1.13730,1.13732,727
2026-09-24T22:30:00+00:00,1.13732,1.13755,1.13730,1.13754,895
2026-09-24T22:35:00+00:00,1.13754,1.13759,1.13745,1.13751,568
2026-09-24T22:40:00+00:00,1.13751,1.13759,1.13731,1.13751,436
2026-09-24T22:45:00+00:00,1.13751,1.13777,1.13740,1.13776,545
2026-09-24T22:50:00+00:00,1.13776,1.13785,1.13768,1.13771,464
2026-09-24T22:55:00+00:00,1.13771,1.13778,1.13761,1.13767,424
2026-09-24T23:00:00+00:00,1.13767,1.13772,1.13760,1.13764,284
2026-09-24T23:05:00+00:00,1.13764,1.13768,1.13750,1.13750,132
2026-09-24T23:10:00+00:00,1.13750,1.13757,1.13743,1.13745,196
2026-09-24T23:15:00+00:00,1.13744,1.13751,1.13725,1.13736,291
2026-09-24T23:20:00+00:00,1.13736,1.13737,1.13714,1.13720,201
2026-09-24T23:25:00+00:00,1.13720,1.13720,1.13710,1.13715,204
2026-09-24T23:30:00+00:00,1.13715,1.13720,1.13709,1.13715,148
2026-09-24T23:35:00+00:00,1.13715,1.13743,1.13712,1.13743,272
2026-09-24T23:40:00+00:00,1.13743,1.13769,1.13743,1.13769,328
2026-09-24T23:45:00+00:00,1.13769,1.13785,1.13766,1.13780,284
2026-09-24T23:50:00+00:00,1.13780,1.13792,1.13779,1.13791,142
2026-09-24T23:55:00+00:00,1.13791,1.13808,1.13789,1.13802,297
2026-09-25T00:00:00+00:00,1.13801,1.13801,1.13756,1.13770,151
2026-09-25T00:05:00+00:00,1.13770,1.13785,1.13770,1.13780,55
2026-09-25T00:10:00+00:00,1.13780,1.13780,1.13766,1.13766,45
2026-09-25T00:15:00+00:00,1.13766,1.13771,1.13766,1.13768,21
2026-09-25T00:20:00+00:00,1.13768,1.13775,1.13768,1.13774,9
2026-09-25T00:25:00+00:00,1.13774,1.13779,1.13774,1.13776,12
2026-09-25T00:30:00+00:00,1.13775,1.13779,1.13775,1.13775,20
2026-09-25T00:35:00+00:00,1.13775,1.13779,1.13775,1.13778,33
2026-09-25T00:40:00+00:00,1.13778,1.13778,1.13778,1.13778,5
2026-09-25T00:45:00+00:00,1.13778,1.13785,1.13773,1.13778,53
2026-09-25T00:50:00+00:00,1.13778,1.13783,1.13777,1.13778,63
2026-09-25T00:55:00+00:00,1.13776,1.13779,1.13772,1.13778,67
2026-09-25T01:00:00+00:00,1.13778,1.13800,1.13774,1.13790,156
2026-09-25T01:05:00+00:00,1.13790,1.13790,1.13770,1.13770,49
2026-09-25T01:10:00+00:00,1.13770,1.13771,1.13762,1.13766,145
2026-09-25T01:15:00+00:00,1.13766,1.13777,1.13765,1.13771,109
2026-09-25T01:20:00+00:00,1.13771,1.13776,1.13770,1.13775,61
2026-09-25T01:25:00+00:00,1.13775,1.13780,1.13770,1.13775,97
2026-09-25T01:30:00+00:00,1.13775,1.13779,1.13769,1.13771,133
2026-09-25T01:35:00+00:00,1.13771,1.13771,1.13764,1.13765,62
2026-09-25T01:40:00+00:00,1.13765,1.13775,1.13758,1.13769,169
2026-09-25T01:45:00+00:00,1.13769,1.13772,1.13769,1.13771,105
2026-09-25T01:50:00+00:00,1.13771,1.13777,1.13770,1.13775,111
2026-09-25T01:55:00+00:00,1.13775,1.13781,1.13770,1.13773,108
2026-09-25T02:00:00+00:00,1.13773,1.13780,1.13773,1.13776,273
2026-09-25T02:05:00+00:00,1.13777,1.13778,1.13770,1.13771,202
2026-09-25T02:10:00+00:00,1.13771,1.13777,1.13769,1.13772,272
2026-09-25T02:15:00+00:00,1.13772,1.13775,1.13759,1.13762,452
2026-09-25T02:20:00+00:00,1.13762,1.13773,1.13761,1.13766,273
2026-09-25T02:25:00+00:00,1.13767,1.13773,1.13761,1.13771,229
2026-09-25T02:30:00+00:00,1.13771,1.13775,1.13765,1.13771,257
2026-09-25T02:35:00+00:00,1.13771,1.13784,1.13770,1.13777,285
2026-09-25T02:40:00+00:00,1.13777,1.13779,1.13768,1.13769,332
2026-09-25T02:45:00+00:00,1.13769,1.13770,1.13764,1.13767,304
2026-09-25T02:50:00+00:00,1.13767,1.13771,1.13758,1.13760,441
2026-09-25T02:55:00+00:00,1.13760,1.13761,1.13735,1.13736,410
2026-09-25T03:00:00+00:00,1.13736,1.13759,1.13731,1.13751,939
2026-09-25T03:05:00+00:00,1.13751,1.13752,1.13736,1.13740,645
2026-09-25T03:10:00+00:00,1.13740,1.13745,1.13729,1.13730,519
2026-09-25T03:15:00+00:00,1.13730,1.13737,1.13720,1.13721,747
2026-09-25T03:20:00+00:00,1.13721,1.13730,1.13716,1.13720,443
2026-09-25T03:25:00+00:00,1.13720,1.13732,1.13717,1.13725,597
2026-09-25T03:30:00+00:00,1.13725,1.13725,1.13709,1.13716,402
2026-09-25T03:35:00+00:00,1.13716,1.13718,1.13702,1.13705,369
2026-09-25T03:40:00+00:00,1.13705,1.13716,1.13704,1.13714,402
2026-09-25T03:45:00+00:00,1.13714,1.13717,1.13699,1.13706,499
2026-09-25T03:50:00+00:00,1.13707,1.13728,1.13706,1.13727,623
2026-09-25T03:55:00+00:00,1.13726,1.13758,1.13720,1.13752,596
2026-09-25T04:00:00+00:00,1.13751,1.13787,1.13745,1.13778,693
2026-09-25T04:05:00+00:00,1.13778,1.13797,1.13775,1.13792,509
2026-09-25T04:10:00+00:00,1.13792,1.13823,1.13786,1.13819,480
2026-09-25T04:15:00+00:00,1.13819,1.13821,1.13787,1.13789,385
2026-09-25T04:20:00+00:00,1.13789,1.13801,1.13786,1.13791,319
2026-09-25T04:25:00+00:00,1.13791,1.13797,1.13771,1.13775,347
2026-09-25T04:30:00+00:00,1.13775,1.13775,1.13752,1.13753,445
2026-09-25T04:35:00+00:00,1.13754,1.13778,1.13750,1.13775,403
2026-09-25T04:40:00+00:00,1.13776,1.13776,1.13754,1.13754,332
2026-09-25T04:45:00+00:00,1.13754,1.13757,1.13744,1.13755,428
2026-09-25T04:50:00+00:00,1.13754,1.13755,1.13743,1.13748,373
2026-09-25T04:55:00+00:00,1.13748,1.13757,1.13739,1.13755,504
2026-09-25T05:00:00+00:00,1.13755,1.13764,1.13749,1.13754,386
2026-09-25T05:05:00+00:00,1.13755,1.13792,1.13753,1.13786,749
2026-09-25T05:10:00+00:00,1.13786,1.13791,1.13771,1.13781,412
2026-09-25T05:15:00+00:00,1.13781,1.13782,1.13759,1.13767,277
2026-09-25T05:20:00+00:00,1.13765,1.13787,1.13762,1.13767,360
2026-09-25T05:25:00+00:00,1.13767,1.13773,1.13761,1.13766,358
2026-09-25T05:30:00+00:00,1.13766,1.13774,1.13764,1.13769,361
2026-09-25T05:35:00+00:00,1.13769,1.13770,1.13753,1.13760,397
2026-09-25T05:40:00+00:00,1.13760,1.13773,1.13751,1.13770,399
2026-09-25T05:45:00+00:00,1.13769,1.13772,1.13746,1.13747,323
2026-09-25T05:50:00+00:00,1.13747,1.13750,1.13723,1.13729,371
2026-09-25T05:55:00+00:00,1.13729,1.13730,1.13717,1.13721,241
2026-09-25T06:00:00+00:00,1.13721,1.13721,1.13700,1.13709,240
2026-09-25T06:05:00+00:00,1.13709,1.13722,1.13709,1.13713,268
2026-09-25T06:10:00+00:00,1.13713,1.13713,1.13693,1.13694,210
2026-09-25T06:15:00+00:00,1.13693,1.13701,1.13693,1.13697,399
2026-09-25T06:20:00+00:00,1.13696,1.13709,1.13694,1.13695,366
2026-09-25T06:25:00+00:00,1.13695,1.13701,1.13689,1.13692,367
2026-09-25T06:30:00+00:00,1.13692,1.13697,1.13683,1.13695,358
2026-09-25T06:35:00+00:00,1.13695,1.13699,1.13689,1.13695,325
2026-09-25T06:40:00+00:00,1.13695,1.13698,1.13689,1.13690,345
2026-09-25T06:45:00+00:00,1.13690,1.13699,1.13688,1.13689,329
2026-09-25T06:50:00+00:00,1.13688,1.13700,1.13684,1.13696,248
2026-09-25T06:55:00+00:00,1.13695,1.13701,1.13689,1.13691,321
2026-09-25T07:00:00+00:00,1.13691,1.13697,1.13684,1.13696,314
2026-09-25T07:05:00+00:00,1.13696,1.13712,1.13695,1.13709,268
2026-09-25T07:10:00+00:00,1.13710,1.13712,1.13697,1.13701,254
2026-09-25T07:15:00+00:00,1.13701,1.13701,1.13694,1.13698,186
2026-09-25T07:20:00+00:00,1.13698,1.13701,1.13689,1.13690,257
2026-09-25T07:25:00+00:00,1.13690,1.13700,1.13689,1.13695,342
2026-09-25T07:30:00+00:00,1.13695,1.13706,1.13692,1.13700,338
2026-09-25T07:35:00+00:00,1.13700,1.13703,1.13685,1.13692,431
2026-09-25T07:40:00+00:00,1.13691,1.13705,1.13691,1.13700,387
2026-09-25T07:45:00+00:00,1.13701,1.13716,1.13700,1.13710,338
2026-09-25T07:50:00+00:00,1.13710,1.13712,1.13703,1.13710,304
2026-09-25T07:55:00+00:00,1.13711,1.13711,1.13688,1.13703,585
2026-09-25T08:00:00+00:00,1.13704,1.13715,1.13699,1.13713,364
2026-09-25T08:05:00+00:00,1.13716,1.13729,1.13712,1.13722,94
2026-09-25T08:10:00+00:00,1.13722,1.13736,1.13719,1.13735,376
2026-09-25T08:15:00+00:00,1.13736,1.13748,1.13735,1.13736,436
2026-09-25T08:20:00+00:00,1.13735,1.13743,1.13724,1.13731,385
2026-09-25T08:25:00+00:00,1.13731,1.13732,1.13715,1.13725,375
2026-09-25T08:30:00+00:00,1.13724,1.13757,1.13715,1.13745,570
2026-09-25T08:35:00+00:00,1.13745,1.13746,1.13724,1.13729,493
2026-09-25T08:40:00+00:00,1.13730,1.13755,1.13727,1.13752,491
2026-09-25T08:45:00+00:00,1.13751,1.13757,1.13738,1.13739,327
2026-09-25T08:50:00+00:00,1.13739,1.13763,1.13738,1.13754,329
2026-09-25T08:55:00+00:00,1.13754,1.13754,1.13730,1.13753,441
2026-09-25T09:00:00+00:00,1.13753,1.13776,1.13750,1.13776,374
2026-09-25T09:05:00+00:00,1.13776,1.13779,1.13760,1.13761,351
2026-09-25T09:10:00+00:00,1.13761,1.13820,1.13761,1.13816,498
2026-09-25T09:15:00+00:00,1.13816,1.13850,1.13814,1.13847,633
2026-09-25T09:20:00+00:00,1.13847,1.13866,1.13822,1.13862,723
2026-09-25T09:25:00+00:00,1.13862,1.13864,1.13840,1.13845,722
2026-09-25T09:30:00+00:00,1.13845,1.13851,1.13826,1.13838,499
2026-09-25T09:35:00+00:00,1.13838,1.13841,1.13812,1.13829,672
2026-09-25T09:40:00+00:00,1.13829,1.13849,1.13829,1.13846,459
2026-09-25T09:45:00+00:00,1.13846,1.13859,1.13837,1.13853,537
2026-09-25T09:50:00+00:00,1.13853,1.13858,1.13831,1.13857,469
2026-09-25T09:55:00+00:00,1.13857,1.13901,1.13849,1.13857,939
2026-09-25T10:00:00+00:00,1.13857,1.13875,1.13800,1.13810,1096
2026-09-25T10:05:00+00:00,1.13810,1.13835,1.13805,1.13819,797
2026-09-25T10:10:00+00:00,1.13819,1.13828,1.13798,1.13827,893
2026-09-25T10:15:00+00:00,1.13827,1.13835,1.13801,1.13807,545
2026-09-25T10:20:00+00:00,1.13808,1.13817,1.13784,1.13790,853
2026-09-25T10:25:00+00:00,1.13791,1.13811,1.13784,1.13804,821
2026-09-25T10:30:00+00:00,1.13804,1.13846,1.13803,1.13827,923
2026-09-25T10:35:00+00:00,1.13828,1.13847,1.13812,1.13817,870
2026-09-25T10:40:00+00:00,1.13817,1.13857,1.13813,1.13855,752
2026-09-25T10:45:00+00:00,1.13855,1.13883,1.13852,1.13867,869
2026-09-25T10:50:00+00:00,1.13867,1.13879,1.13859,1.13872,522
2026-09-25T10:55:00+00:00,1.13872,1.13907,1.13872,1.13902,648
2026-09-25T11:00:00+00:00,1.13902,1.13903,1.13873,1.13881,872
2026-09-25T11:05:00+00:00,1.13881,1.13918,1.13881,1.13908,768
2026-09-25T11:10:00+00:00,1.13908,1.13929,1.13902,1.13925,699
2026-09-25T11:15:00+00:00,1.13925,1.13937,1.13908,1.13918,674
2026-09-25T11:20:00+00:00,1.13919,1.13928,1.13896,1.13907,975
2026-09-25T11:25:00+00:00,1.13907,1.13913,1.13881,1.13891,911
2026-09-25T11:30:00+00:00,1.13892,1.13923,1.13891,1.13897,592
2026-09-25T11:35:00+00:00,1.13897,1.13899,1.13871,1.13877,692
2026-09-25T11:40:00+00:00,1.13877,1.13897,1.13875,1.13892,423
2026-09-25T11:45:00+00:00,1.13892,1.13929,1.13892,1.13921,766
2026-09-25T11:50:00+00:00,1.13920,1.13929,1.13912,1.13918,619
2026-09-25T11:55:00+00:00,1.13918,1.13940,1.13912,1.13919,771
2026-09-25T12:00:00+00:00,1.13919,1.13931,1.13904,1.13904,986
2026-09-25T12:05:00+00:00,1.13904,1.13938,1.13888,1.13936,790
2026-09-25T12:10:00+00:00,1.13936,1.13943,1.13926,1.13934,705
2026-09-25T12:15:00+00:00,1.13934,1.13944,1.13906,1.13932,1117
2026-09-25T12:20:00+00:00,1.13932,1.13936,1.13911,1.13933,906
2026-09-25T12:25:00+00:00,1.13933,1.13933,1.13884,1.13885,676
2026-09-25T12:30:00+00:00,1.13885,1.13920,1.13882,1.13910,982
2026-09-25T12:35:00+00:00,1.13910,1.13922,1.13892,1.13903,935
2026-09-25T12:40:00+00:00,1.13903,1.13923,1.13891,1.13893,904
2026-09-25T12:45:00+00:00,1.13893,1.13903,1.13866,1.13892,888
2026-09-25T12:50:00+00:00,1.13892,1.13900,1.13876,1.13897,649
2026-09-25T12:55:00+00:00,1.13897,1.13926,1.13882,1.13911,863
2026-09-25T13:00:00+00:00,1.13911,1.13938,1.13911,1.13933,675
2026-09-25T13:05:00+00:00,1.13933,1.13985,1.13932,1.13984,706
2026-09-25T13:10:00+00:00,1.13984,1.13994,1.13978,1.13991,710
2026-09-25T13:15:00+00:00,1.13991,1.14007,1.13971,1.13978,598
2026-09-25T13:20:00+00:00,1.13978,1.14008,1.13976,1.13982,819
2026-09-25T13:25:00+00:00,1.13982,1.13986,1.13969,1.13974,710
2026-09-25T13:30:00+00:00,1.13973,1.13981,1.13965,1.13975,780
2026-09-25T13:35:00+00:00,1.13975,1.13978,1.13951,1.13959,824
2026-09-25T13:40:00+00:00,1.13960,1.13978,1.13947,1.13976,523
2026-09-25T13:45:00+00:00,1.13976,1.13980,1.13951,1.13953,764
2026-09-25T13:50:00+00:00,1.13953,1.13983,1.13951,1.13981,735
2026-09-25T13:55:00+00:00,1.13981,1.13987,1.13971,1.13976,462
2026-09-25T14:00:00+00:00,1.13975,1.14029,1.13972,1.14027,718
2026-09-25T14:05:00+00:00,1.14027,1.14088,1.14021,1.14074,1057
2026-09-25T14:10:00+00:00,1.14073,1.14085,1.14061,1.14080,878
2026-09-25T14:15:00+00:00,1.14080,1.14097,1.14065,1.14067,870
2026-09-25T14:20:00+00:00,1.14067,1.14094,1.14067,1.14076,846
2026-09-25T14:25:00+00:00,1.14076,1.14084,1.14056,1.14059,671
2026-09-25T14:30:00+00:00,1.14059,1.14077,1.14057,1.14066,578
2026-09-25T14:35:00+00:00,1.14066,1.14105,1.14028,1.14032,1016
2026-09-25T14:40:00+00:00,1.14033,1.14049,1.14026,1.14046,676
2026-09-25T14:45:00+00:00,1.14046,1.14055,1.14020,1.14040,767
2026-09-25T14:50:00+00:00,1.14040,1.14063,1.14035,1.14046,813
2026-09-25T14:55:00+00:00,1.14045,1.14055,1.14020,1.14024,874
2026-09-25T15:00:00+00:00,1.14024,1.14049,1.14018,1.14033,1248
2026-09-25T15:05:00+00:00,1.14033,1.14041,1.14021,1.14029,793
2026-09-25T15:10:00+00:00,1.14028,1.14034,1.13999,1.14004,926
2026-09-25T15:15:00+00:00,1.14004,1.14023,1.13998,1.14019,1158
2026-09-25T15:20:00+00:00,1.14019,1.14076,1.14016,1.14044,1034
2026-09-25T15:25:00+00:00,1.14044,1.14085,1.14043,1.14056,579
2026-09-25T15:30:00+00:00,1.14055,1.14061,1.14026,1.14038,682
2026-09-25T15:35:00+00:00,1.14038,1.14041,1.14017,1.14027,647
2026-09-25T15:40:00+00:00,1.14027,1.14031,1.13995,1.14008,1217
2026-09-25T15:45:00+00:00,1.14009,1.14036,1.13985,1.14005,2077
2026-09-25T15:50:00+00:00,1.14005,1.14040,1.14005,1.14019,1108
2026-09-25T15:55:00+00:00,1.14019,1.14033,1.14004,1.14013,1115
2026-09-25T16:00:00+00:00,1.14014,1.14026,1.13993,1.13999,1178
2026-09-25T16:05:00+00:00,1.13999,1.14072,1.13999,1.14065,1130
2026-09-25T16:10:00+00:00,1.14065,1.14073,1.14044,1.14052,1062
2026-09-25T16:15:00+00:00,1.14052,1.14052,1.14020,1.14046,1335
2026-09-25T16:20:00+00:00,1.14046,1.14047,1.13974,1.13990,1170
2026-09-25T16:25:00+00:00,1.13990,1.14005,1.13969,1.13980,1072
2026-09-25T16:30:00+00:00,1.13980,1.14016,1.13976,1.13999,1486
2026-09-25T16:35:00+00:00,1.13999,1.14031,1.13992,1.14026,1259
2026-09-25T16:40:00+00:00,1.14026,1.14041,1.14010,1.14026,1152
2026-09-25T16:45:00+00:00,1.14026,1.14033,1.14001,1.14028,1328
2026-09-25T16:50:00+00:00,1.14028,1.14047,1.14006,1.14012,1246
2026-09-25T16:55:00+00:00,1.14013,1.14022,1.13996,1.14017,881
2026-09-25T17:00:00+00:00,1.14017,1.14031,1.13973,1.13991,1184
2026-09-25T17:05:00+00:00,1.13991,1.14025,1.13963,1.14020,1566
2026-09-25T17:10:00+00:00,1.14020,1.14037,1.14014,1.14036,1500
2026-09-25T17:15:00+00:00,1.14036,1.14040,1.13998,1.14019,1360
2026-09-25T17:20:00+00:00,1.14019,1.14025,1.14000,1.14016,1350
2026-09-25T17:25:00+00:00,1.14016,1.14021,1.13973,1.13974,1080
2026-09-25T17:30:00+00:00,1.13975,1.14009,1.13966,1.13992,1457
2026-09-25T17:35:00+00:00,1.13992,1.14006,1.13981,1.13999,997
2026-09-25T17:40:00+00:00,1.13999,1.14003,1.13965,1.13980,1361
2026-09-25T17:45:00+00:00,1.13979,1.14022,1.13969,1.14015,1285
2026-09-25T17:50:00+00:00,1.14015,1.14043,1.14008,1.14025,1119
2026-09-25T17:55:00+00:00,1.14025,1.14026,1.13995,1.14021,1421
2026-09-25T18:00:00+00:00,1.14022,1.14028,1.13976,1.13979,1358
2026-09-25T18:05:00+00:00,1.13979,1.13988,1.13962,1.13964,974
2026-09-25T18:10:00+00:00,1.13965,1.13971,1.13954,1.13970,1081
2026-09-25T18:15:00+00:00,1.13970,1.13977,1.13952,1.13960,990
2026-09-25T18:20:00+00:00,1.13959,1.13990,1.13956,1.13961,1116
2026-09-25T18:25:00+00:00,1.13961,1.13983,1.13951,1.13967,835
2026-09-25T18:30:00+00:00,1.13967,1.13997,1.13962,1.13985,1447
2026-09-25T18:35:00+00:00,1.13985,1.13987,1.13919,1.13920,779
2026-09-25T18:40:00+00:00,1.13921,1.13926,1.13903,1.13910,702
2026-09-25T18:45:00+00:00,1.13910,1.13913,1.13882,1.13886,927
2026-09-25T18:50:00+00:00,1.13887,1.13906,1.13860,1.13902,1132
2026-09-25T18:55:00+00:00,1.13902,1.14001,1.13893,1.14000,1752
2026-09-25T19:00:00+00:00,1.14001,1.14112,1.13996,1.14082,2730
2026-09-25T19:05:00+00:00,1.14081,1.14098,1.14057,1.14082,2557
2026-09-25T19:10:00+00:00,1.14082,1.14089,1.14046,1.14071,1695
2026-09-25T19:15:00+00:00,1.14070,1.14071,1.13994,1.13999,1351
2026-09-25T19:20:00+00:00,1.13999,1.14005,1.13934,1.13957,1510
2026-09-25T19:25:00+00:00,1.13956,1.13982,1.13942,1.13982,1268
2026-09-25T19:30:00+00:00,1.13982,1.13992,1.13909,1.13937,1761
2026-09-25T19:35:00+00:00,1.13937,1.13960,1.13922,1.13955,1098
2026-09-25T19:40:00+00:00,1.13955,1.13965,1.13928,1.13949,1016
2026-09-25T19:45:00+00:00,1.13949,1.13951,1.13914,1.13934,765
2026-09-25T19:50:00+00:00,1.13934,1.13940,1.13917,1.13920,787
2026-09-25T19:55:00+00:00,1.13920,1.13937,1.13916,1.13923,906
2026-09-25T20:00:00+00:00,1.13923,1.13941,1.13904,1.13908,1230
2026-09-25T20:05:00+00:00,1.13908,1.13929,1.13889,1.13907,979
2026-09-25T20:10:00+00:00,1.13907,1.13912,1.13893,1.13901,800
2026-09-25T20:15:00+00:00,1.13901,1.13903,1.13888,1.13896,621
2026-09-25T20:20:00+00:00,1.13896,1.13902,1.13893,1.13897,574
2026-09-25T20:25:00+00:00,1.13897,1.13901,1.13890,1.13894,461
2026-09-25T20:30:00+00:00,1.13894,1.13917,1.13891,1.13898,496
2026-09-25T20:35:00+00:00,1.13897,1.13912,1.13871,1.13896,762
2026-09-25T20:40:00+00:00,1.13896,1.13922,1.13892,1.13914,831
2026-09-25T20:45:00+00:00,1.13914,1.13918,1.13894,1.13906,631
2026-09-25T20:50:00+00:00,1.13906,1.13921,1.13899,1.13919,545
2026-09-25T20:55:00+00:00,1.13919,1.13923,1.13901,1.13910,436
2026-09-25T21:00:00+00:00,1.13910,1.13919,1.13905,1.13905,497
2026-09-25T21:05:00+00:00,1.13905,1.13921,1.13899,1.13920,352
2026-09-25T21:10:00+00:00,1.13920,1.13924,1.13914,1.13923,393
2026-09-25T21:15:00+00:00,1.13923,1.13932,1.13914,1.13924,351
2026-09-25T21:20:00+00:00,1.13924,1.13938,1.13918,1.13937,464
2026-09-25T21:25:00+00:00,1.13937,1.13955,1.13916,1.13944,1170
2026-09-25T21:30:00+00:00,1.13944,1.13983,1.13943,1.13982,675
2026-09-25T21:35:00+00:00,1.13982,1.13998,1.13969,1.13969,543
2026-09-25T21:40:00+00:00,1.13969,1.13992,1.13961,1.13987,430
2026-09-25T21:45:00+00:00,1.13987,1.14006,1.13984,1.14002,487
2026-09-25T21:50:00+00:00,1.14002,1.14009,1.13991,1.13995,478
2026-09-25T21:55:00+00:00,1.13995,1.14004,1.13983,1.13994,673
2026-09-25T22:00:00+00:00,1.13994,1.14008,1.13967,1.13971,864
2026-09-25T22:05:00+00:00,1.13972,1.14002,1.13964,1.14000,654
2026-09-25T22:10:00+00:00,1.14000,1.14004,1.13984,1.14002,657
2026-09-25T22:15:00+00:00,1.14002,1.14004,1.13990,1.13990,416
2026-09-25T22:20:00+00:00,1.13990,1.13997,1.13980,1.13994,280
2026-09-25T22:25:00+00:00,1.13994,1.13996,1.13975,1.13975,300
2026-09-25T22:30:00+00:00,1.13975,1.13986,1.13970,1.13984,433
2026-09-25T22:35:00+00:00,1.13984,1.14013,1.13984,1.13995,644
2026-09-25T22:40:00+00:00,1.13995,1.13995,1.13974,1.13977,477
2026-09-25T22:45:00+00:00,1.13977,1.13987,1.13974,1.13981,629
2026-09-25T22:50:00+00:00,1.13982,1.13983,1.13967,1.13970,453
2026-09-25T22:55:00+00:00,1.13970,1.13970,1.13951,1.13951,471
2026-09-25T23:00:00+00:00,1.13951,1.13971,1.13950,1.13961,285
2026-09-25T23:05:00+00:00,1.13961,1.13961,1.13937,1.13937,112
2026-09-25T23:10:00+00:00,1.13936,1.13941,1.13934,1.13935,205
2026-09-25T23:15:00+00:00,1.13935,1.13942,1.13934,1.13940,79
2026-09-25T23:20:00+00:00,1.13940,1.13945,1.13937,1.13944,127
2026-09-25T23:25:00+00:00,1.13944,1.13945,1.13919,1.13922,171
2026-09-25T23:30:00+00:00,1.13922,1.13947,1.13922,1.13946,226
2026-09-25T23:35:00+00:00,1.13946,1.13951,1.13942,1.13946,141
2026-09-25T23:40:00+00:00,1.13946,1.13946,1.13931,1.13934,167
2026-09-25T23:45:00+00:00,1.13934,1.13936,1.13924,1.13924,414
2026-09-25T23:50:00+00:00,1.13924,1.13927,1.13919,1.13921,312
2026-09-25T23:55:00+00:00,1.13919,1.13926,1.13904,1.13909,552
2026-09-28T00:00:00+00:00,1.13764,1.13797,1.13758,1.13793,49
2026-09-28T00:05:00+00:00,1.13793,1.13812,1.13790,1.13796,77
2026-09-28T00:10:00+00:00,1.13796,1.13801,1.13796,1.13797,42
2026-09-28T00:15:00+00:00,1.13797,1.13834,1.13797,1.13834,32
2026-09-28T00:20:00+00:00,1.13834,1.13840,1.13834,1.13835,8
2026-09-28T00:25:00+00:00,1.13835,1.13838,1.13835,1.13838,8
2026-09-28T00:30:00+00:00,1.13838,1.13840,1.13838,1.13840,7
2026-09-28T00:35:00+00:00,1.13840,1.13840,1.13827,1.13836,18
2026-09-28T00:40:00+00:00,1.13836,1.13836,1.13829,1.13832,10
2026-09-28T00:45:00+00:00,1.13832,1.13832,1.13832,1.13832,5
2026-09-28T00:50:00+00:00,1.13832,1.13834,1.13832,1.13834,7
2026-09-28T00:55:00+00:00,1.13834,1.13834,1.13834,1.13834,5
2026-09-28T01:00:00+00:00,1.13833,1.13869,1.13810,1.13830,530
2026-09-28T01:05:00+00:00,1.13830,1.13853,1.13830,1.13845,268
2026-09-28T01:10:00+00:00,1.13845,1.13854,1.13832,1.13835,267
2026-09-28T01:15:00+00:00,1.13835,1.13840,1.13825,1.13826,225
2026-09-28T01:20:00+00:00,1.13825,1.13830,1.13820,1.13828,209
2026-09-28T01:25:00+00:00,1.13828,1.13833,1.13809,1.13812,206
2026-09-28T01:30:00+00:00,1.13813,1.13813,1.13793,1.13798,333
2026-09-28T01:35:00+00:00,1.13798,1.13804,1.13795,1.13798,158
2026-09-28T01:40:00+00:00,1.13798,1.13802,1.13793,1.13798,127
2026-09-28T01:45:00+00:00,1.13798,1.13800,1.13793,1.13795,127
2026-09-28T01:50:00+00:00,1.13795,1.13795,1.13768,1.13774,205
2026-09-28T01:55:00+00:00,1.13775,1.13781,1.13762,1.13774,316
2026-09-28T02:00:00+00:00,1.13774,1.13783,1.13751,1.13763,756
2026-09-28T02:05:00+00:00,1.13763,1.13779,1.13751,1.13754,347
2026-09-28T02:10:00+00:00,1.13754,1.13787,1.13754,1.13786,248
2026-09-28T02:15:00+00:00,1.13786,1.13796,1.13780,1.13794,230
2026-09-28T02:20:00+00:00,1.13794,1.13799,1.13785,1.13787,170
2026-09-28T02:25:00+00:00,1.13787,1.13794,1.13785,1.13794,118
2026-09-28T02:30:00+00:00,1.13794,1.13794,1.13763,1.13770,244
2026-09-28T02:35:00+00:00,1.13770,1.13776,1.13736,1.13748,260
2026-09-28T02:40:00+00:00,1.13747,1.13760,1.13745,1.13759,434
2026-09-28T02:45:00+00:00,1.13759,1.13770,1.13749,1.13768,539
2026-09-28T02:50:00+00:00,1.13768,1.13782,1.13762,1.13767,390
2026-09-28T02:55:00+00:00,1.13768,1.13784,1.13763,1.13781,484
2026-09-28T03:00:00+00:00,1.13781,1.13822,1.13774,1.13820,868
2026-09-28T03:05:00+00:00,1.13821,1.13829,1.13802,1.13820,662
2026-09-28T03:10:00+00:00,1.13820,1.13839,1.13814,1.13815,623
2026-09-28T03:15:00+00:00,1.13816,1.13818,1.13791,1.13802,694
2026-09-28T03:20:00+00:00,1.13802,1.13807,1.13785,1.13796,664
2026-09-28T03:25:00+00:00,1.13796,1.13817,1.13795,1.13796,529
2026-09-28T03:30:00+00:00,1.13795,1.13812,1.13792,1.13801,923
2026-09-28T03:35:00+00:00,1.13802,1.13808,1.13791,1.13791,626
2026-09-28T03:40:00+00:00,1.13791,1.13839,1.13783,1.13835,554
2026-09-28T03:45:00+00:00,1.13835,1.13855,1.13831,1.13852,527
2026-09-28T03:50:00+00:00,1.13852,1.13863,1.13839,1.13847,644
2026-09-28T03:55:00+00:00,1.13847,1.13862,1.13844,1.13851,788
2026-09-28T04:00:00+00:00,1.13851,1.13877,1.13838,1.13873,1337
2026-09-28T04:05:00+00:00,1.13873,1.13873,1.13835,1.13841,974
2026-09-28T04:10:00+00:00,1.13840,1.13861,1.13834,1.13847,774
2026-09-28T04:15:00+00:00,1.13847,1.13872,1.13838,1.13870,760
2026-09-28T04:20:00+00:00,1.13870,1.13876,1.13850,1.13857,602
2026-09-28T04:25:00+00:00,1.13857,1.13874,1.13855,1.13863,445
2026-09-28T04:30:00+00:00,1.13863,1.13870,1.13855,1.13856,449
2026-09-28T04:35:00+00:00,1.13856,1.13857,1.13843,1.13852,320
2026-09-28T04:40:00+00:00,1.13852,1.13867,1.13852,1.13862,384
2026-09-28T04:45:00+00:00,1.13862,1.13862,1.13848,1.13860,475
2026-09-28T04:50:00+00:00,1.13860,1.13875,1.13858,1.13872,398
2026-09-28T04:55:00+00:00,1.13872,1.13898,1.13870,1.13885,454
2026-09-28T05:00:00+00:00,1.13885,1.13894,1.13880,1.13885,711
2026-09-28T05:05:00+00:00,1.13886,1.13891,1.13871,1.13886,628
2026-09-28T05:10:00+00:00,1.13886,1.13895,1.13883,1.13891,467
2026-09-28T05:15:00+00:00,1.13891,1.13896,1.13880,1.13895,419
2026-09-28T05:20:00+00:00,1.13895,1.13905,1.13890,1.13905,367
2026-09-28T05:25:00+00:00,1.13905,1.13906,1.13885,1.13886,324
2026-09-28T05:30:00+00:00,1.13886,1.13893,1.13880,1.13889,419
2026-09-28T05:35:00+00:00,1.13889,1.13898,1.13881,1.13894,432
2026-09-28T05:40:00+00:00,1.13894,1.13897,1.13886,1.13892,447
2026-09-28T05:45:00+00:00,1.13891,1.13892,1.13874,1.13882,486
2026-09-28T05:50:00+00:00,1.13882,1.13892,1.13882,1.13888,338
2026-09-28T05:55:00+00:00,1.13888,1.13893,1.13882,1.13886,429
2026-09-28T06:00:00+00:00,1.13886,1.13892,1.13876,1.13879,381
2026-09-28T06:05:00+00:00,1.13879,1.13898,1.13878,1.13894,305
2026-09-28T06:10:00+00:00,1.13894,1.13908,1.13885,1.13905,379
2026-09-28T06:15:00+00:00,1.13905,1.13913,1.13901,1.13906,432
2026-09-28T06:20:00+00:00,1.13906,1.13908,1.13889,1.13891,326
2026-09-28T06:25:00+00:00,1.13891,1.13891,1.13883,1.13888,298
2026-09-28T06:30:00+00:00,1.13889,1.13890,1.13866,1.13866,319
2026-09-28T06:35:00+00:00,1.13866,1.13866,1.13850,1.13861,348
2026-09-28T06:40:00+00:00,1.13861,1.13878,1.13859,1.13871,317
2026-09-28T06:45:00+00:00,1.13871,1.13873,1.13855,1.13869,253
2026-09-28T06:50:00+00:00,1.13869,1.13873,1.13866,1.13872,266
2026-09-28T06:55:00+00:00,1.13872,1.13875,1.13862,1.13863,223
2026-09-28T07:00:00+00:00,1.13863,1.13877,1.13855,1.13872,305
2026-09-28T07:05:00+00:00,1.13872,1.13887,1.13869,1.13886,246
2026-09-28T07:10:00+00:00,1.13886,1.13890,1.13881,1.13887,167
2026-09-28T07:15:00+00:00,1.13887,1.13894,1.13879,1.13886,211
2026-09-28T07:20:00+00:00,1.13886,1.13891,1.13882,1.13886,161
2026-09-28T07:25:00+00:00,1.13886,1.13886,1.13871,1.13877,177
2026-09-28T07:30:00+00:00,1.13877,1.13899,1.13877,1.13895,191
2026-09-28T07:35:00+00:00,1.13895,1.13900,1.13883,1.13885,145
2026-09-28T07:40:00+00:00,1.13885,1.13901,1.13884,1.13894,237
2026-09-28T07:45:00+00:00,1.13894,1.13895,1.13880,1.13885,339
2026-09-28T07:50:00+00:00,1.13885,1.13888,1.13864,1.13865,240
2026-09-28T07:55:00+00:00,1.13866,1.13871,1.13858,1.13864,380
2026-09-28T08:00:00+00:00,1.13864,1.13872,1.13859,1.13863,404
2026-09-28T08:05:00+00:00,1.13863,1.13865,1.13854,1.13857,337
2026-09-28T08:10:00+00:00,1.13857,1.13865,1.13850,1.13861,354
2026-09-28T08:15:00+00:00,1.13861,1.13872,1.13861,1.13871,382
2026-09-28T08:20:00+00:00,1.13871,1.13872,1.13848,1.13860,424
2026-09-28T08:25:00+00:00,1.13860,1.13868,1.13858,1.13865,443
2026-09-28T08:30:00+00:00,1.13865,1.13877,1.13858,1.13875,611
2026-09-28T08:35:00+00:00,1.13875,1.13889,1.13869,1.13870,470
2026-09-28T08:40:00+00:00,1.13870,1.13872,1.13824,1.13828,478
2026-09-28T08:45:00+00:00,1.13828,1.13834,1.13816,1.13816,433
2026-09-28T08:50:00+00:00,1.13816,1.13825,1.13791,1.13819,431
2026-09-28T08:55:00+00:00,1.13818,1.13830,1.13809,1.13830,579
2026-09-28T09:00:00+00:00,1.13830,1.13830,1.13769,1.13774,889
2026-09-28T09:05:00+00:00,1.13774,1.13812,1.13767,1.13803,867
2026-09-28T09:10:00+00:00,1.13803,1.13815,1.13773,1.13785,746
2026-09-28T09:15:00+00:00,1.13785,1.13793,1.13764,1.13768,767
2026-09-28T09:20:00+00:00,1.13768,1.13791,1.13764,1.13771,618
2026-09-28T09:25:00+00:00,1.13770,1.13780,1.13751,1.13779,727
2026-09-28T09:30:00+00:00,1.13779,1.13784,1.13754,1.13767,807
2026-09-28T09:35:00+00:00,1.13768,1.13795,1.13767,1.13790,1067
2026-09-28T09:40:00+00:00,1.13790,1.13814,1.13782,1.13809,594
2026-09-28T09:45:00+00:00,1.13810,1.13818,1.13797,1.13805,546
2026-09-28T09:50:00+00:00,1.13805,1.13805,1.13750,1.13752,603
2026-09-28T09:55:00+00:00,1.13752,1.13776,1.13750,1.13769,723
2026-09-28T10:00:00+00:00,1.13768,1.13772,1.13714,1.13731,1075
2026-09-28T10:05:00+00:00,1.13731,1.13763,1.13711,1.13760,1079
2026-09-28T10:10:00+00:00,1.13760,1.13773,1.13730,1.13730,951
2026-09-28T10:15:00+00:00,1.13730,1.13756,1.13730,1.13751,736
2026-09-28T10:20:00+00:00,1.13751,1.13770,1.13732,1.13769,867
2026-09-28T10:25:00+00:00,1.13769,1.13776,1.13753,1.13756,709
2026-09-28T10:30:00+00:00,1.13756,1.13786,1.13754,1.13774,810
2026-09-28T10:35:00+00:00,1.13773,1.13782,1.13759,1.13760,807
2026-09-28T10:40:00+00:00,1.13760,1.13776,1.13742,1.13757,766
2026-09-28T10:45:00+00:00,1.13757,1.13849,1.13757,1.13844,960
2026-09-28T10:50:00+00:00,1.13845,1.13854,1.13804,1.13815,830
2026-09-28T10:55:00+00:00,1.13815,1.13846,1.13809,1.13828,1345
2026-09-28T11:00:00+00:00,1.13828,1.13909,1.13828,1.13860,1753
2026-09-28T11:05:00+00:00,1.13860,1.13869,1.13811,1.13820,1126
2026-09-28T11:10:00+00:00,1.13820,1.13837,1.13800,1.13835,981
2026-09-28T11:15:00+00:00,1.13835,1.13836,1.13806,1.13806,791
2026-09-28T11:20:00+00:00,1.13806,1.13872,1.13800,1.13857,1103
2026-09-28T11:25:00+00:00,1.13857,1.13858,1.13788,1.13790,980
2026-09-28T11:30:00+00:00,1.13791,1.13807,1.13772,1.13786,836
2026-09-28T11:35:00+00:00,1.13786,1.13792,1.13772,1.13782,865
2026-09-28T11:40:00+00:00,1.13782,1.13791,1.13765,1.13780,761
2026-09-28T11:45:00+00:00,1.13780,1.13800,1.13768,1.13774,771
2026-09-28T11:50:00+00:00,1.13775,1.13783,1.13765,1.13772,728
2026-09-28T11:55:00+00:00,1.13772,1.13792,1.13750,1.13751,642
2026-09-28T12:00:00+00:00,1.13750,1.13764,1.13738,1.13739,793
2026-09-28T12:05:00+00:00,1.13739,1.13770,1.13729,1.13741,966
2026-09-28T12:10:00+00:00,1.13741,1.13772,1.13739,1.13757,753
2026-09-28T12:15:00+00:00,1.13757,1.13771,1.13749,1.13761,707
2026-09-28T12:20:00+00:00,1.13761,1.13783,1.13761,1.13782,616
2026-09-28T12:25:00+00:00,1.13783,1.13788,1.13774,1.13781,612
2026-09-28T12:30:00+00:00,1.13781,1.13783,1.13769,1.13779,633
2026-09-28T12:35:00+00:00,1.13779,1.13786,1.13769,1.13771,337
2026-09-28T12:40:00+00:00,1.13771,1.13781,1.13768,1.13776,395
2026-09-28T12:45:00+00:00,1.13776,1.13781,1.13768,1.13775,426
2026-09-28T12:50:00+00:00,1.13774,1.13776,1.13767,1.13771,539
2026-09-28T12:55:00+00:00,1.13771,1.13772,1.13731,1.13750,1077
2026-09-28T13:00:00+00:00,1.13750,1.13756,1.13714,1.13730,779
2026-09-28T13:05:00+00:00,1.13730,1.13754,1.13717,1.13751,722
2026-09-28T13:10:00+00:00,1.13751,1.13753,1.13690,1.13709,923
2026-09-28T13:15:00+00:00,1.13709,1.13716,1.13661,1.13668,701
2026-09-28T13:20:00+00:00,1.13668,1.13695,1.13664,1.13694,693
2026-09-28T13:25:00+00:00,1.13694,1.13729,1.13694,1.13726,573
2026-09-28T13:30:00+00:00,1.13726,1.13729,1.13702,1.13717,522
2026-09-28T13:35:00+00:00,1.13717,1.13727,1.13708,1.13725,583
2026-09-28T13:40:00+00:00,1.13726,1.13743,1.13725,1.13740,582
2026-09-28T13:45:00+00:00,1.13740,1.13740,1.13717,1.13734,485
2026-09-28T13:50:00+00:00,1.13735,1.13739,1.13718,1.13722,705
2026-09-28T13:55:00+00:00,1.13722,1.13741,1.13719,1.13728,619
2026-09-28T14:00:00+00:00,1.13728,1.13744,1.13710,1.13715,832
2026-09-28T14:05:00+00:00,1.13715,1.13723,1.13709,1.13710,487
2026-09-28T14:10:00+00:00,1.13710,1.13715,1.13696,1.13706,530
2026-09-28T14:15:00+00:00,1.13706,1.13741,1.13700,1.13727,1413
2026-09-28T14:20:00+00:00,1.13727,1.13751,1.13723,1.13736,623
2026-09-28T14:25:00+00:00,1.13736,1.13748,1.13732,1.13745,480
2026-09-28T14:30:00+00:00,1.13745,1.13760,1.13744,1.13757,469
2026-09-28T14:35:00+00:00,1.13757,1.13769,1.13750,1.13767,383
2026-09-28T14:40:00+00:00,1.13768,1.13768,1.13739,1.13754,437
2026-09-28T14:45:00+00:00,1.13754,1.13757,1.13720,1.13730,596
2026-09-28T14:50:00+00:00,1.13730,1.13730,1.13706,1.13714,569
2026-09-28T14:55:00+00:00,1.13713,1.13765,1.13713,1.13750,820
2026-09-28T15:00:00+00:00,1.13750,1.13778,1.13724,1.13767,1435
2026-09-28T15:05:00+00:00,1.13767,1.13808,1.13762,1.13775,1510
2026-09-28T15:10:00+00:00,1.13775,1.13777,1.13754,1.13767,918
2026-09-28T15:15:00+00:00,1.13767,1.13779,1.13754,1.13774,825
2026-09-28T15:20:00+00:00,1.13774,1.13788,1.13752,1.13760,683
2026-09-28T15:25:00+00:00,1.13761,1.13785,1.13736,1.13739,1046
2026-09-28T15:30:00+00:00,1.13739,1.13748,1.13723,1.13744,762
2026-09-28T15:35:00+00:00,1.13744,1.13744,1.13718,1.13728,749
2026-09-28T15:40:00+00:00,1.13727,1.13728,1.13698,1.13699,854
2026-09-28T15:45:00+00:00,1.13699,1.13704,1.13676,1.13683,867
2026-09-28T15:50:00+00:00,1.13683,1.13696,1.13658,1.13669,895
2026-09-28T15:55:00+00:00,1.13669,1.13704,1.13663,1.13703,724
2026-09-28T16:00:00+00:00,1.13703,1.13705,1.13641,1.13650,887
2026-09-28T16:05:00+00:00,1.13651,1.13655,1.13622,1.13637,1101
2026-09-28T16:10:00+00:00,1.13638,1.13642,1.13615,1.13625,919
2026-09-28T16:15:00+00:00,1.13625,1.13642,1.13620,1.13636,903
2026-09-28T16:20:00+00:00,1.13636,1.13653,1.13632,1.13651,786
2026-09-28T16:25:00+00:00,1.13651,1.13668,1.13646,1.13654,755
2026-09-28T16:30:00+00:00,1.13654,1.13660,1.13569,1.13571,1645
2026-09-28T16:35:00+00:00,1.13571,1.13656,1.13569,1.13642,1070
2026-09-28T16:40:00+00:00,1.13642,1.13676,1.13640,1.13675,1088
2026-09-28T16:45:00+00:00,1.13675,1.13706,1.13656,1.13692,1849
2026-09-28T16:50:00+00:00,1.13692,1.13699,1.13645,1.13661,1540
2026-09-28T16:55:00+00:00,1.13661,1.13672,1.13621,1.13635,1396
2026-09-28T17:00:00+00:00,1.13635,1.13653,1.13616,1.13617,992
2026-09-28T17:05:00+00:00,1.13617,1.13649,1.13606,1.13636,1068
2026-09-28T17:10:00+00:00,1.13637,1.13693,1.13634,1.13663,1078
2026-09-28T17:15:00+00:00,1.13663,1.13671,1.13637,1.13651,1011
2026-09-28T17:20:00+00:00,1.13651,1.13674,1.13633,1.13671,936
2026-09-28T17:25:00+00:00,1.13671,1.13692,1.13658,1.13678,759
2026-09-28T17:30:00+00:00,1.13679,1.13689,1.13645,1.13652,1135
2026-09-28T17:35:00+00:00,1.13652,1.13660,1.13634,1.13636,1130
2026-09-28T17:40:00+00:00,1.13635,1.13638,1.13572,1.13572,1234
2026-09-28T17:45:00+00:00,1.13572,1.13583,1.13552,1.13578,1235
2026-09-28T17:50:00+00:00,1.13579,1.13598,1.13547,1.13558,1487
2026-09-28T17:55:00+00:00,1.13558,1.13651,1.13531,1.13647,2059
2026-09-28T18:00:00+00:00,1.13647,1.13657,1.13608,1.13625,1554
2026-09-28T18:05:00+00:00,1.13624,1.13662,1.13622,1.13655,1180
2026-09-28T18:10:00+00:00,1.13655,1.13676,1.13652,1.13655,782
2026-09-28T18:15:00+00:00,1.13655,1.13676,1.13643,1.13672,1023
2026-09-28T18:20:00+00:00,1.13671,1.13706,1.13663,1.13694,779
2026-09-28T18:25:00+00:00,1.13694,1.13718,1.13690,1.13705,997
2026-09-28T18:30:00+00:00,1.13705,1.13707,1.13685,1.13699,972
2026-09-28T18:35:00+00:00,1.13698,1.13709,1.13683,1.13688,919
2026-09-28T18:40:00+00:00,1.13688,1.13688,1.13672,1.13680,625
2026-09-28T18:45:00+00:00,1.13680,1.13682,1.13661,1.13677,432
2026-09-28T18:50:00+00:00,1.13677,1.13678,1.13637,1.13642,547
2026-09-28T18:55:00+00:00,1.13642,1.13680,1.13641,1.13665,655
2026-09-28T19:00:00+00:00,1.13665,1.13667,1.13646,1.13664,678
2026-09-28T19:05:00+00:00,1.13664,1.13675,1.13649,1.13654,405
2026-09-28T19:10:00+00:00,1.13654,1.13663,1.13640,1.13660,607
2026-09-28T19:15:00+00:00,1.13660,1.13700,1.13641,1.13690,1767
2026-09-28T19:20:00+00:00,1.13689,1.13770,1.13688,1.13765,1817
2026-09-28T19:25:00+00:00,1.13765,1.13881,1.13762,1.13828,2471
2026-09-28T19:30:00+00:00,1.13829,1.13836,1.13749,1.13754,1586
2026-09-28T19:35:00+00:00,1.13754,1.13772,1.13742,1.13758,764
2026-09-28T19:40:00+00:00,1.13758,1.13773,1.13742,1.13750,654
2026-09-28T19:45:00+00:00,1.13750,1.13765,1.13737,1.13737,596
2026-09-28T19:50:00+00:00,1.13737,1.13756,1.13714,1.13750,618
2026-09-28T19:55:00+00:00,1.13750,1.13751,1.13711,1.13717,618
2026-09-28T20:00:00+00:00,1.13717,1.13720,1.13691,1.13703,576
2026-09-28T20:05:00+00:00,1.13704,1.13709,1.13689,1.13706,462
2026-09-28T20:10:00+00:00,1.13706,1.13840,1.13696,1.13838,3225
2026-09-28T20:15:00+00:00,1.13837,1.13839,1.13754,1.13756,1745
2026-09-28T20:20:00+00:00,1.13756,1.13764,1.13746,1.13761,1174
2026-09-28T20:25:00+00:00,1.13761,1.13779,1.13757,1.13757,738
2026-09-28T20:30:00+00:00,1.13757,1.13770,1.13737,1.13740,627
2026-09-28T20:35:00+00:00,1.13740,1.13752,1.13733,1.13738,570
2026-09-28T20:40:00+00:00,1.13738,1.13771,1.13735,1.13759,649
2026-09-28T20:45:00+00:00,1.13759,1.13775,1.13746,1.13774,728
2026-09-28T20:50:00+00:00,1.13774,1.13781,1.13757,1.13764,603
2026-09-28T20:55:00+00:00,1.13764,1.13773,1.13753,1.13766,876
2026-09-28T21:00:00+00:00,1.13766,1.13781,1.13758,1.13775,889
2026-09-28T21:05:00+00:00,1.13775,1.13778,1.13761,1.13773,726
2026-09-28T21:10:00+00:00,1.13773,1.13781,1.13764,1.13766,432
2026-09-28T21:15:00+00:00,1.13766,1.13767,1.13741,1.13748,482
2026-09-28T21:20:00+00:00,1.13748,1.13769,1.13748,1.13758,475
2026-09-28T21:25:00+00:00,1.13757,1.13758,1.13728,1.13734,587
2026-09-28T21:30:00+00:00,1.13734,1.13749,1.13691,1.13700,1172
2026-09-28T21:35:00+00:00,1.13700,1.13710,1.13679,1.13685,603
2026-09-28T21:40:00+00:00,1.13685,1.13706,1.13679,1.13693,466
2026-09-28T21:45:00+00:00,1.13693,1.13706,1.13681,1.13694,705
2026-09-28T21:50:00+00:00,1.13694,1.13712,1.13683,1.13694,541
2026-09-28T21:55:00+00:00,1.13694,1.13696,1.13672,1.13682,668
2026-09-28T22:00:00+00:00,1.13683,1.13696,1.13646,1.13695,580
2026-09-28T22:05:00+00:00,1.13695,1.13696,1.13673,1.13679,302
2026-09-28T22:10:00+00:00,1.13679,1.13684,1.13669,1.13675,288
2026-09-28T22:15:00+00:00,1.13675,1.13696,1.13670,1.13696,327
2026-09-28T22:20:00+00:00,1.13695,1.13699,1.13674,1.13684,328
2026-09-28T22:25:00+00:00,1.13684,1.13703,1.13678,1.13698,576
2026-09-28T22:30:00+00:00,1.13698,1.13699,1.13663,1.13684,779
2026-09-28T22:35:00+00:00,1.13685,1.13691,1.13678,1.13679,318
2026-09-28T22:40:00+00:00,1.13679,1.13689,1.13675,1.13687,294
2026-09-28T22:45:00+00:00,1.13688,1.13691,1.13672,1.13680,257
2026-09-28T22:50:00+00:00,1.13679,1.13695,1.13678,1.13680,404
2026-09-28T22:55:00+00:00,1.13680,1.13681,1.13660,1.13667,1125
2026-09-28T23:00:00+00:00,1.13667,1.13710,1.13663,1.13705,491
2026-09-28T23:05:00+00:00,1.13705,1.13714,1.13678,1.13688,262
2026-09-28T23:10:00+00:00,1.13688,1.13705,1.13687,1.13705,145
2026-09-28T23:15:00+00:00,1.13705,1.13711,1.13698,1.13705,137
2026-09-28T23:20:00+00:00,1.13705,1.13711,1.13700,1.13706,164
2026-09-28T23:25:00+00:00,1.13705,1.13711,1.13700,1.13701,157
2026-09-28T23:30:00+00:00,1.13701,1.13720,1.13701,1.13720,145
2026-09-28T23:35:00+00:00,1.13720,1.13720,1.13709,1.13715,114
2026-09-28T23:40:00+00:00,1.13715,1.13729,1.13704,1.13705,170
2026-09-28T23:45:00+00:00,1.13705,1.13713,1.13705,1.13706,119
2026-09-28T23:50:00+00:00,1.13706,1.13714,1.13704,1.13707,127
2026-09-28T23:55:00+00:00,1.13708,1.13715,1.13705,1.13712,185
2026-09-29T00:00:00+00:00,1.13712,1.13712,1.13668,1.13679,26
2026-09-29T00:05:00+00:00,1.13678,1.13694,1.13668,1.13677,39
2026-09-29T00:10:00+00:00,1.13677,1.13687,1.13673,1.13687,36
2026-09-29T00:15:00+00:00,1.13687,1.13691,1.13687,1.13690,16
2026-09-29T00:20:00+00:00,1.13690,1.13697,1.13689,1.13692,25
2026-09-29T00:25:00+00:00,1.13692,1.13693,1.13686,1.13687,15
2026-09-29T00:30:00+00:00,1.13687,1.13697,1.13687,1.13696,46
2026-09-29T00:35:00+00:00,1.13696,1.13699,1.13694,1.13696,30
2026-09-29T00:40:00+00:00,1.13696,1.13703,1.13696,1.13701,45
2026-09-29T00:45:00+00:00,1.13701,1.13702,1.13695,1.13701,36
2026-09-29T00:50:00+00:00,1.13701,1.13703,1.13698,1.13703,44
2026-09-29T00:55:00+00:00,1.13703,1.13703,1.13689,1.13692,40
2026-09-29T01:00:00+00:00,1.13692,1.13741,1.13687,1.13730,229
2026-09-29T01:05:00+00:00,1.13730,1.13737,1.13726,1.13735,47
2026-09-29T01:10:00+00:00,1.13735,1.13738,1.13726,1.13737,96
2026-09-29T01:15:00+00:00,1.13737,1.13738,1.13728,1.13735,97
2026-09-29T01:20:00+00:00,1.13735,1.13741,1.13731,1.13732,112
2026-09-29T01:25:00+00:00,1.13732,1.13737,1.13729,1.13736,72
2026-09-29T01:30:00+00:00,1.13736,1.13736,1.13718,1.13719,113
2026-09-29T01:35:00+00:00,1.13719,1.13720,1.13713,1.13714,131
2026-09-29T01:40:00+00:00,1.13714,1.13717,1.13713,1.13714,74
2026-09-29T01:45:00+00:00,1.13714,1.13717,1.13714,1.13714,57
2026-09-29T01:50:00+00:00,1.13714,1.13715,1.13707,1.13710,71
2026-09-29T01:55:00+00:00,1.13710,1.13717,1.13709,1.13716,86
2026-09-29T02:00:00+00:00,1.13716,1.13717,1.13707,1.13711,100
2026-09-29T02:05:00+00:00,1.13710,1.13716,1.13710,1.13713,57
2026-09-29T02:10:00+00:00,1.13713,1.13713,1.13710,1.13712,128
2026-09-29T02:15:00+00:00,1.13712,1.13717,1.13711,1.13714,53
2026-09-29T02:20:00+00:00,1.13714,1.13714,1.13710,1.13712,65
2026-09-29T02:25:00+00:00,1.13712,1.13717,1.13710,1.13714,103
2026-09-29T02:30:00+00:00,1.13714,1.13718,1.13714,1.13716,114
2026-09-29T02:35:00+00:00,1.13715,1.13716,1.13708,1.13716,195
2026-09-29T02:40:00+00:00,1.13716,1.13721,1.13714,1.13715,230
2026-09-29T02:45:00+00:00,1.13715,1.13718,1.13700,1.13704,494
2026-09-29T02:50:00+00:00,1.13704,1.13709,1.13698,1.13706,384
2026-09-29T02:55:00+00:00,1.13706,1.13710,1.13704,1.13708,262
2026-09-29T03:00:00+00:00,1.13708,1.13708,1.13669,1.13671,663
2026-09-29T03:05:00+00:00,1.13671,1.13679,1.13654,1.13654,574
2026-09-29T03:10:00+00:00,1.13654,1.13666,1.13650,1.13656,696
2026-09-29T03:15:00+00:00,1.13656,1.13662,1.13627,1.13637,498
2026-09-29T03:20:00+00:00,1.13637,1.13642,1.13630,1.13638,579
2026-09-29T03:25:00+00:00,1.13637,1.13641,1.13629,1.13634,418
2026-09-29T03:30:00+00:00,1.13634,1.13657,1.13630,1.13655,565
2026-09-29T03:35:00+00:00,1.13655,1.13668,1.13654,1.13665,356
2026-09-29T03:40:00+00:00,1.13665,1.13675,1.13653,1.13655,545
2026-09-29T03:45:00+00:00,1.13655,1.13663,1.13642,1.13643,633
2026-09-29T03:50:00+00:00,1.13643,1.13653,1.13640,1.13648,590
2026-09-29T03:55:00+00:00,1.13648,1.13673,1.13645,1.13661,397
2026-09-29T04:00:00+00:00,1.13660,1.13683,1.13654,1.13673,739
2026-09-29T04:05:00+00:00,1.13673,1.13684,1.13666,1.13672,432
2026-09-29T04:10:00+00:00,1.13672,1.13679,1.13661,1.13675,407
2026-09-29T04:15:00+00:00,1.13676,1.13683,1.13667,1.13678,548
2026-09-29T04:20:00+00:00,1.13678,1.13688,1.13676,1.13678,365
2026-09-29T04:25:00+00:00,1.13678,1.13682,1.13672,1.13678,266
2026-09-29T04:30:00+00:00,1.13678,1.13693,1.13673,1.13687,390
2026-09-29T04:35:00+00:00,1.13687,1.13698,1.13679,1.13681,351
2026-09-29T04:40:00+00:00,1.13681,1.13682,1.13665,1.13678,374
2026-09-29T04:45:00+00:00,1.13678,1.13685,1.13671,1.13676,294
2026-09-29T04:50:00+00:00,1.13676,1.13676,1.13649,1.13651,327
2026-09-29T04:55:00+00:00,1.13651,1.13669,1.13650,1.13668,363
2026-09-29T05:00:00+00:00,1.13668,1.13680,1.13665,1.13678,425
2026-09-29T05:05:00+00:00,1.13678,1.13683,1.13673,1.13681,338
2026-09-29T05:10:00+00:00,1.13681,1.13694,1.13680,1.13693,325
2026-09-29T05:15:00+00:00,1.13693,1.13706,1.13691,1.13705,373
2026-09-29T05:20:00+00:00,1.13705,1.13717,1.13695,1.13706,639
2026-09-29T05:25:00+00:00,1.13706,1.13708,1.13684,1.13686,489
2026-09-29T05:30:00+00:00,1.13686,1.13695,1.13680,1.13692,327
2026-09-29T05:35:00+00:00,1.13692,1.13707,1.13689,1.13699,346
2026-09-29T05:40:00+00:00,1.13699,1.13701,1.13688,1.13691,282
2026-09-29T05:45:00+00:00,1.13691,1.13694,1.13688,1.13689,177
2026-09-29T05:50:00+00:00,1.13689,1.13691,1.13673,1.13676,265
2026-09-29T05:55:00+00:00,1.13676,1.13684,1.13673,1.13677,207
2026-09-29T06:00:00+00:00,1.13677,1.13683,1.13664,1.13666,349
2026-09-29T06:05:00+00:00,1.13666,1.13669,1.13659,1.13663,350
2026-09-29T06:10:00+00:00,1.13663,1.13670,1.13655,1.13659,292
2026-09-29T06:15:00+00:00,1.13659,1.13674,1.13658,1.13673,392
2026-09-29T06:20:00+00:00,1.13673,1.13678,1.13664,1.13666,343
2026-09-29T06:25:00+00:00,1.13667,1.13672,1.13662,1.13662,394
2026-09-29T06:30:00+00:00,1.13662,1.13662,1.13641,1.13642,374
2026-09-29T06:35:00+00:00,1.13642,1.13647,1.13631,1.13631,514
2026-09-29T06:40:00+00:00,1.13632,1.13638,1.13625,1.13626,407
2026-09-29T06:45:00+00:00,1.13626,1.13629,1.13620,1.13621,291
2026-09-29T06:50:00+00:00,1.13621,1.13627,1.13620,1.13621,313
2026-09-29T06:55:00+00:00,1.13621,1.13622,1.13600,1.13609,367
2026-09-29T07:00:00+00:00,1.13609,1.13613,1.13602,1.13611,327
2026-09-29T07:05:00+00:00,1.13611,1.13624,1.13611,1.13624,246
2026-09-29T07:10:00+00:00,1.13624,1.13625,1.13613,1.13620,270
2026-09-29T07:15:00+00:00,1.13619,1.13620,1.13613,1.13616,267
2026-09-29T07:20:00+00:00,1.13616,1.13627,1.13613,1.13624,284
2026-09-29T07:25:00+00:00,1.13624,1.13629,1.13618,1.13627,254
2026-09-29T07:30:00+00:00,1.13627,1.13642,1.13615,1.13617,659
2026-09-29T07:35:00+00:00,1.13618,1.13621,1.13608,1.13612,554
2026-09-29T07:40:00+00:00,1.13613,1.13619,1.13609,1.13615,413
2026-09-29T07:45:00+00:00,1.13615,1.13622,1.13612,1.13618,333
2026-09-29T07:50:00+00:00,1.13617,1.13618,1.13600,1.13601,303
2026-09-29T07:55:00+00:00,1.13601,1.13604,1.13592,1.13596,419
2026-09-29T08:00:00+00:00,1.13596,1.13612,1.13595,1.13605,380
2026-09-29T08:05:00+00:00,1.13605,1.13607,1.13591,1.13605,423
2026-09-29T08:10:00+00:00,1.13605,1.13611,1.13594,1.13606,305
2026-09-29T08:15:00+00:00,1.13606,1.13618,1.13606,1.13611,361
2026-09-29T08:20:00+00:00,1.13611,1.13613,1.13600,1.13601,343
2026-09-29T08:25:00+00:00,1.13601,1.13607,1.13592,1.13606,510
2026-09-29T08:30:00+00:00,1.13606,1.13607,1.13568,1.13572,531
2026-09-29T08:35:00+00:00,1.13572,1.13588,1.13570,1.13584,943
2026-09-29T08:40:00+00:00,1.13584,1.13587,1.13568,1.13575,765
2026-09-29T08:45:00+00:00,1.13575,1.13576,1.13551,1.13553,867
2026-09-29T08:50:00+00:00,1.13553,1.13564,1.13549,1.13562,749
2026-09-29T08:55:00+00:00,1.13561,1.13571,1.13553,1.13567,719
2026-09-29T09:00:00+00:00,1.13567,1.13625,1.13564,1.13619,834
2026-09-29T09:05:00+00:00,1.13619,1.13653,1.13613,1.13647,926
2026-09-29T09:10:00+00:00,1.13647,1.13665,1.13638,1.13653,786
2026-09-29T09:15:00+00:00,1.13653,1.13653,1.13614,1.13625,702
2026-09-29T09:20:00+00:00,1.13625,1.13646,1.13621,1.13629,645
2026-09-29T09:25:00+00:00,1.13629,1.13653,1.13623,1.13648,674
2026-09-29T09:30:00+00:00,1.13648,1.13654,1.13632,1.13633,871
2026-09-29T09:35:00+00:00,1.13633,1.13635,1.13613,1.13625,780
2026-09-29T09:40:00+00:00,1.13625,1.13641,1.13622,1.13640,628
2026-09-29T09:45:00+00:00,1.13640,1.13651,1.13632,1.13633,654
2026-09-29T09:50:00+00:00,1.13633,1.13635,1.13606,1.13616,683
2026-09-29T09:55:00+00:00,1.13616,1.13620,1.13597,1.13607,684
2026-09-29T10:00:00+00:00,1.13607,1.13628,1.13597,1.13605,818
2026-09-29T10:05:00+00:00,1.13605,1.13627,1.13603,1.13621,704
2026-09-29T10:10:00+00:00,1.13621,1.13624,1.13577,1.13583,804
2026-09-29T10:15:00+00:00,1.13583,1.13589,1.13563,1.13581,621
2026-09-29T10:20:00+00:00,1.13581,1.13586,1.13553,1.13554,561
2026-09-29T10:25:00+00:00,1.13554,1.13570,1.13549,1.13555,735
2026-09-29T10:30:00+00:00,1.13555,1.13556,1.13426,1.13435,1178
2026-09-29T10:35:00+00:00,1.13435,1.13507,1.13431,1.13497,1018
2026-09-29T10:40:00+00:00,1.13497,1.13511,1.13483,1.13489,703
2026-09-29T10:45:00+00:00,1.13489,1.13497,1.13471,1.13477,915
2026-09-29T10:50:00+00:00,1.13477,1.13512,1.13473,1.13500,849
2026-09-29T10:55:00+00:00,1.13500,1.13517,1.13488,1.13495,774
2026-09-29T11:00:00+00:00,1.13495,1.13523,1.13489,1.13501,888
2026-09-29T11:05:00+00:00,1.13501,1.13504,1.13458,1.13461,902
2026-09-29T11:10:00+00:00,1.13461,1.13484,1.13453,1.13470,726
2026-09-29T11:15:00+00:00,1.13470,1.13501,1.13469,1.13494,775
2026-09-29T11:20:00+00:00,1.13494,1.13523,1.13485,1.13514,757
2026-09-29T11:25:00+00:00,1.13514,1.13522,1.13471,1.13472,637
2026-09-29T11:30:00+00:00,1.13471,1.13482,1.13439,1.13442,596
2026-09-29T11:35:00+00:00,1.13442,1.13456,1.13435,1.13441,727
2026-09-29T11:40:00+00:00,1.13441,1.13454,1.13434,1.13451,735
2026-09-29T11:45:00+00:00,1.13451,1.13460,1.13435,1.13459,630
2026-09-29T11:50:00+00:00,1.13460,1.13478,1.13458,1.13466,515
2026-09-29T11:55:00+00:00,1.13465,1.13472,1.13448,1.13471,626
2026-09-29T12:00:00+00:00,1.13471,1.13483,1.13464,1.13477,732
2026-09-29T12:05:00+00:00,1.13477,1.13477,1.13428,1.13431,823
2026-09-29T12:10:00+00:00,1.13431,1.13436,1.13360,1.13368,1257
2026-09-29T12:15:00+00:00,1.13369,1.13385,1.13353,1.13385,997
2026-09-29T12:20:00+00:00,1.13385,1.13399,1.13367,1.13369,638
2026-09-29T12:25:00+00:00,1.13369,1.13371,1.13338,1.13345,711
2026-09-29T12:30:00+00:00,1.13345,1.13374,1.13337,1.13360,648
2026-09-29T12:35:00+00:00,1.13360,1.13367,1.13331,1.13332,827
2026-09-29T12:40:00+00:00,1.13332,1.13373,1.13326,1.13358,757
2026-09-29T12:45:00+00:00,1.13357,1.13372,1.13327,1.13329,983
2026-09-29T12:50:00+00:00,1.13330,1.13376,1.13324,1.13363,876
2026-09-29T12:55:00+00:00,1.13363,1.13374,1.13333,1.13340,1230
2026-09-29T13:00:00+00:00,1.13340,1.13375,1.13336,1.13367,948
2026-09-29T13:05:00+00:00,1.13367,1.13385,1.13362,1.13372,693
2026-09-29T13:10:00+00:00,1.13372,1.13381,1.13355,1.13368,662
2026-09-29T13:15:00+00:00,1.13368,1.13390,1.13354,1.13388,601
2026-09-29T13:20:00+00:00,1.13388,1.13396,1.13372,1.13384,448
2026-09-29T13:25:00+00:00,1.13384,1.13416,1.13383,1.13415,584
2026-09-29T13:30:00+00:00,1.13415,1.13430,1.13392,1.13398,910
2026-09-29T13:35:00+00:00,1.13398,1.13414,1.13398,1.13411,524
2026-09-29T13:40:00+00:00,1.13411,1.13426,1.13409,1.13424,444
2026-09-29T13:45:00+00:00,1.13425,1.13452,1.13425,1.13449,493
2026-09-29T13:50:00+00:00,1.13449,1.13481,1.13441,1.13464,672
2026-09-29T13:55:00+00:00,1.13465,1.13496,1.13463,1.13491,689
2026-09-29T14:00:00+00:00,1.13491,1.13494,1.13454,1.13462,780
2026-09-29T14:05:00+00:00,1.13462,1.13467,1.13442,1.13454,845
2026-09-29T14:10:00+00:00,1.13454,1.13465,1.13444,1.13461,775
2026-09-29T14:15:00+00:00,1.13461,1.13490,1.13459,1.13470,624
2026-09-29T14:20:00+00:00,1.13470,1.13486,1.13459,1.13480,668
2026-09-29T14:25:00+00:00,1.13479,1.13484,1.13458,1.13477,601
2026-09-29T14:30:00+00:00,1.13477,1.13491,1.13464,1.13484,584
2026-09-29T14:35:00+00:00,1.13484,1.13498,1.13472,1.13488,644
2026-09-29T14:40:00+00:00,1.13488,1.13490,1.13463,1.13479,605
2026-09-29T14:45:00+00:00,1.13479,1.13524,1.13464,1.13519,975
2026-09-29T14:50:00+00:00,1.13520,1.13553,1.13491,1.13517,1391
2026-09-29T14:55:00+00:00,1.13517,1.13529,1.13508,1.13519,845
2026-09-29T15:00:00+00:00,1.13520,1.13583,1.13517,1.13581,932
2026-09-29T15:05:00+00:00,1.13581,1.13582,1.13550,1.13551,846
2026-09-29T15:10:00+00:00,1.13551,1.13560,1.13535,1.13551,886
2026-09-29T15:15:00+00:00,1.13551,1.13560,1.13528,1.13531,1148
2026-09-29T15:20:00+00:00,1.13531,1.13531,1.13497,1.13509,950
2026-09-29T15:25:00+00:00,1.13509,1.13526,1.13496,1.13524,661
2026-09-29T15:30:00+00:00,1.13524,1.13527,1.13489,1.13490,856
2026-09-29T15:35:00+00:00,1.13490,1.13491,1.13457,1.13462,1099
2026-09-29T15:40:00+00:00,1.13463,1.13506,1.13458,1.13500,1052
2026-09-29T15:45:00+00:00,1.13500,1.13500,1.13462,1.13463,874
2026-09-29T15:50:00+00:00,1.13463,1.13481,1.13460,1.13473,699
2026-09-29T15:55:00+00:00,1.13473,1.13475,1.13440,1.13441,588
2026-09-29T16:00:00+00:00,1.13440,1.13466,1.13438,1.13445,790
2026-09-29T16:05:00+00:00,1.13445,1.13459,1.13433,1.13455,945
2026-09-29T16:10:00+00:00,1.13455,1.13460,1.13438,1.13455,1104
2026-09-29T16:15:00+00:00,1.13455,1.13475,1.13438,1.13440,1040
2026-09-29T16:20:00+00:00,1.13440,1.13453,1.13426,1.13446,820
2026-09-29T16:25:00+00:00,1.13446,1.13459,1.13437,1.13437,935
2026-09-29T16:30:00+00:00,1.13438,1.13448,1.13400,1.13404,1403
2026-09-29T16:35:00+00:00,1.13403,1.13424,1.13395,1.13408,1235
2026-09-29T16:40:00+00:00,1.13408,1.13434,1.13405,1.13410,1215
2026-09-29T16:45:00+00:00,1.13410,1.13449,1.13405,1.13446,1400
2026-09-29T16:50:00+00:00,1.13446,1.13458,1.13434,1.13447,1094
2026-09-29T16:55:00+00:00,1.13447,1.13447,1.13391,1.13405,888
2026-09-29T17:00:00+00:00,1.13405,1.13446,1.13381,1.13445,1461
2026-09-29T17:05:00+00:00,1.13445,1.13451,1.13421,1.13435,1367
2026-09-29T17:10:00+00:00,1.13434,1.13448,1.13414,1.13433,1104
2026-09-29T17:15:00+00:00,1.13433,1.13437,1.13391,1.13402,1242
2026-09-29T17:20:00+00:00,1.13402,1.13434,1.13394,1.13426,1124
2026-09-29T17:25:00+00:00,1.13426,1.13453,1.13409,1.13448,912
2026-09-29T17:30:00+00:00,1.13448,1.13462,1.13434,1.13449,1062
2026-09-29T17:35:00+00:00,1.13449,1.13461,1.13425,1.13431,1088
2026-09-29T17:40:00+00:00,1.13431,1.13459,1.13417,1.13427,1487
2026-09-29T17:45:00+00:00,1.13427,1.13431,1.13390,1.13401,1128
2026-09-29T17:50:00+00:00,1.13402,1.13407,1.13384,1.13402,803
2026-09-29T17:55:00+00:00,1.13402,1.13416,1.13388,1.13401,1012
2026-09-29T18:00:00+00:00,1.13400,1.13405,1.13367,1.13367,1398
2026-09-29T18:05:00+00:00,1.13367,1.13372,1.13341,1.13360,965
2026-09-29T18:10:00+00:00,1.13360,1.13375,1.13339,1.13351,741
2026-09-29T18:15:00+00:00,1.13350,1.13372,1.13335,1.13340,719
2026-09-29T18:20:00+00:00,1.13340,1.13358,1.13293,1.13312,906
2026-09-29T18:25:00+00:00,1.13312,1.13312,1.13272,1.13307,886
2026-09-29T18:30:00+00:00,1.13307,1.13351,1.13299,1.13344,1083
2026-09-29T18:35:00+00:00,1.13344,1.13351,1.13325,1.13330,747
2026-09-29T18:40:00+00:00,1.13330,1.13334,1.13305,1.13325,679
2026-09-29T18:45:00+00:00,1.13325,1.13368,1.13320,1.13336,1741
2026-09-29T18:50:00+00:00,1.13336,1.13336,1.13312,1.13329,1011
2026-09-29T18:55:00+00:00,1.13329,1.13355,1.13327,1.13355,873
2026-09-29T19:00:00+00:00,1.13355,1.13360,1.13336,1.13338,789
2026-09-29T19:05:00+00:00,1.13338,1.13353,1.13336,1.13348,628
2026-09-29T19:10:00+00:00,1.13348,1.13349,1.13284,1.13290,603
2026-09-29T19:15:00+00:00,1.13290,1.13304,1.13284,1.13290,656
2026-09-29T19:20:00+00:00,1.13290,1.13301,1.13277,1.13299,710
2026-09-29T19:25:00+00:00,1.13299,1.13322,1.13295,1.13298,652
2026-09-29T19:30:00+00:00,1.13299,1.13301,1.13280,1.13295,727
2026-09-29T19:35:00+00:00,1.13295,1.13310,1.13280,1.13286,627
2026-09-29T19:40:00+00:00,1.13285,1.13286,1.13255,1.13256,644
2026-09-29T19:45:00+00:00,1.13256,1.13257,1.13175,1.13190,1605
2026-09-29T19:50:00+00:00,1.13190,1.13207,1.13186,1.13190,827
2026-09-29T19:55:00+00:00,1.13190,1.13196,1.13117,1.13145,1215
2026-09-29T20:00:00+00:00,1.13145,1.13167,1.13128,1.13165,915
2026-09-29T20:05:00+00:00,1.13165,1.13172,1.13148,1.13151,454
2026-09-29T20:10:00+00:00,1.13152,1.13176,1.13147,1.13171,497
2026-09-29T20:15:00+00:00,1.13170,1.13175,1.13157,1.13171,641
2026-09-29T20:20:00+00:00,1.13171,1.13172,1.13138,1.13148,737
2026-09-29T20:25:00+00:00,1.13148,1.13174,1.13137,1.13172,481
2026-09-29T20:30:00+00:00,1.13171,1.13179,1.13155,1.13162,513
2026-09-29T20:35:00+00:00,1.13162,1.13171,1.13149,1.13151,520
2026-09-29T20:40:00+00:00,1.13152,1.13170,1.13149,1.13166,462
2026-09-29T20:45:00+00:00,1.13166,1.13195,1.13145,1.13146,681
2026-09-29T20:50:00+00:00,1.13146,1.13163,1.13141,1.13146,504
2026-09-29T20:55:00+00:00,1.13146,1.13158,1.13140,1.13157,498
2026-09-29T21:00:00+00:00,1.13157,1.13303,1.13157,1.13298,2881
2026-09-29T21:05:00+00:00,1.13298,1.13323,1.13278,1.13283,1603
2026-09-29T21:10:00+00:00,1.13283,1.13377,1.13282,1.13359,1167
2026-09-29T21:15:00+00:00,1.13359,1.13385,1.13353,1.13363,810
2026-09-29T21:20:00+00:00,1.13363,1.13393,1.13353,1.13357,939
2026-09-29T21:25:00+00:00,1.13357,1.13397,1.13356,1.13378,926
2026-09-29T21:30:00+00:00,1.13378,1.13405,1.13344,1.13350,891
2026-09-29T21:35:00+00:00,1.13350,1.13424,1.13343,1.13423,954
2026-09-29T21:40:00+00:00,1.13423,1.13435,1.13402,1.13406,916
2026-09-29T21:45:00+00:00,1.13406,1.13408,1.13375,1.13383,828
2026-09-29T21:50:00+00:00,1.13383,1.13424,1.13382,1.13416,1002
2026-09-29T21:55:00+00:00,1.13416,1.13416,1.13397,1.13412,1012
2026-09-29T22:00:00+00:00,1.13412,1.13428,1.13407,1.13422,823
2026-09-29T22:05:00+00:00,1.13421,1.13431,1.13408,1.13414,726
2026-09-29T22:10:00+00:00,1.13414,1.13414,1.13391,1.13394,513
2026-09-29T22:15:00+00:00,1.13394,1.13412,1.13382,1.13412,436
2026-09-29T22:20:00+00:00,1.13412,1.13414,1.13402,1.13413,332
2026-09-29T22:25:00+00:00,1.13413,1.13423,1.13406,1.13408,402
2026-09-29T22:30:00+00:00,1.13409,1.13415,1.13396,1.13401,557
2026-09-29T22:35:00+00:00,1.13401,1.13431,1.13400,1.13422,438
2026-09-29T22:40:00+00:00,1.13422,1.13422,1.13386,1.13392,432
2026-09-29T22:45:00+00:00,1.13392,1.13394,1.13357,1.13360,490
2026-09-29T22:50:00+00:00,1.13361,1.13392,1.13359,1.13389,430
2026-09-29T22:55:00+00:00,1.13389,1.13405,1.13361,1.13387,861
2026-09-29T23:00:00+00:00,1.13387,1.13391,1.13373,1.13387,366
2026-09-29T23:05:00+00:00,1.13387,1.13401,1.13384,1.13385,254
2026-09-29T23:10:00+00:00,1.13385,1.13385,1.13355,1.13357,307
2026-09-29T23:15:00+00:00,1.13357,1.13358,1.13344,1.13350,164
2026-09-29T23:20:00+00:00,1.13351,1.13362,1.13345,1.13354,208
2026-09-29T23:25:00+00:00,1.13354,1.13361,1.13346,1.13350,203
2026-09-29T23:30:00+00:00,1.13350,1.13376,1.13345,1.13375,247
2026-09-29T23:35:00+00:00,1.13375,1.13389,1.13372,1.13387,259
2026-09-29T23:40:00+00:00,1.13387,1.13396,1.13383,1.13393,165
2026-09-29T23:45:00+00:00,1.13393,1.13416,1.13391,1.13412,242
2026-09-29T23:50:00+00:00,1.13412,1.13430,1.13402,1.13425,267
2026-09-29T23:55:00+00:00,1.13425,1.13429,1.13399,1.13413,318
2026-09-30T00:00:00+00:00,1.13418,1.13454,1.13393,1.13443,167
2026-09-30T00:05:00+00:00,1.13443,1.13443,1.13367,1.13397,286
2026-09-30T00:10:00+00:00,1.13397,1.13426,1.13397,1.13419,95
2026-09-30T00:15:00+00:00,1.13419,1.13431,1.13395,1.13407,243
2026-09-30T00:20:00+00:00,1.13407,1.13428,1.13403,1.13427,53
2026-09-30T00:25:00+00:00,1.13427,1.13427,1.13422,1.13422,13
2026-09-30T00:30:00+00:00,1.13422,1.13434,1.13418,1.13419,43
2026-09-30T00:35:00+00:00,1.13420,1.13424,1.13415,1.13419,100
2026-09-30T00:40:00+00:00,1.13420,1.13429,1.13419,1.13429,78
2026-09-30T00:45:00+00:00,1.13429,1.13442,1.13428,1.13435,74
2026-09-30T00:50:00+00:00,1.13435,1.13435,1.13430,1.13433,40
2026-09-30T00:55:00+00:00,1.13433,1.13446,1.13430,1.13443,89
2026-09-30T01:00:00+00:00,1.13443,1.13443,1.13411,1.13425,373
2026-09-30T01:05:00+00:00,1.13425,1.13428,1.13416,1.13418,109
2026-09-30T01:10:00+00:00,1.13418,1.13424,1.13414,1.13419,46
2026-09-30T01:15:00+00:00,1.13419,1.13420,1.13406,1.13413,84
2026-09-30T01:20:00+00:00,1.13413,1.13421,1.13413,1.13415,71
2026-09-30T01:25:00+00:00,1.13415,1.13422,1.13401,1.13405,270
2026-09-30T01:30:00+00:00,1.13405,1.13406,1.13391,1.13398,203
2026-09-30T01:35:00+00:00,1.13398,1.13398,1.13383,1.13387,164
2026-09-30T01:40:00+00:00,1.13387,1.13390,1.13382,1.13383,171
2026-09-30T01:45:00+00:00,1.13384,1.13385,1.13383,1.13385,69
2026-09-30T01:50:00+00:00,1.13385,1.13390,1.13384,1.13386,57
2026-09-30T01:55:00+00:00,1.13386,1.13390,1.13380,1.13380,77
2026-09-30T02:00:00+00:00,1.13380,1.13382,1.13369,1.13378,247
2026-09-30T02:05:00+00:00,1.13377,1.13393,1.13377,1.13390,215
2026-09-30T02:10:00+00:00,1.13390,1.13403,1.13387,1.13401,179
2026-09-30T02:15:00+00:00,1.13401,1.13410,1.13400,1.13400,138
2026-09-30T02:20:00+00:00,1.13401,1.13403,1.13395,1.13400,166
2026-09-30T02:25:00+00:00,1.13400,1.13406,1.13397,1.13400,132
2026-09-30T02:30:00+00:00,1.13400,1.13400,1.13384,1.13390,128
2026-09-30T02:35:00+00:00,1.13390,1.13395,1.13389,1.13393,45
2026-09-30T02:40:00+00:00,1.13394,1.13407,1.13393,1.13402,167
2026-09-30T02:45:00+00:00,1.13402,1.13405,1.13391,1.13393,198
2026-09-30T02:50:00+00:00,1.13393,1.13401,1.13388,1.13400,193
2026-09-30T02:55:00+00:00,1.13400,1.13407,1.13397,1.13405,218
2026-09-30T03:00:00+00:00,1.13405,1.13409,1.13384,1.13390,544
2026-09-30T03:05:00+00:00,1.13390,1.13399,1.13380,1.13385,387
2026-09-30T03:10:00+00:00,1.13385,1.13408,1.13379,1.13384,373
2026-09-30T03:15:00+00:00,1.13383,1.13389,1.13371,1.13372,497
2026-09-30T03:20:00+00:00,1.13372,1.13384,1.13366,1.13380,375
2026-09-30T03:25:00+00:00,1.13381,1.13394,1.13381,1.13390,351
2026-09-30T03:30:00+00:00,1.13390,1.13393,1.13381,1.13389,395
2026-09-30T03:35:00+00:00,1.13389,1.13396,1.13379,1.13385,505
2026-09-30T03:40:00+00:00,1.13384,1.13395,1.13378,1.13379,209
2026-09-30T03:45:00+00:00,1.13379,1.13384,1.13371,1.13372,330
2026-09-30T03:50:00+00:00,1.13372,1.13379,1.13361,1.13362,387
2026-09-30T03:55:00+00:00,1.13362,1.13408,1.13361,1.13390,645
2026-09-30T04:00:00+00:00,1.13390,1.13397,1.13361,1.13367,771
2026-09-30T04:05:00+00:00,1.13367,1.13372,1.13354,1.13359,580
2026-09-30T04:10:00+00:00,1.13359,1.13376,1.13357,1.13358,559
2026-09-30T04:15:00+00:00,1.13358,1.13405,1.13354,1.13403,761
2026-09-30T04:20:00+00:00,1.13403,1.13403,1.13386,1.13387,638
2026-09-30T04:25:00+00:00,1.13387,1.13416,1.13380,1.13412,476
2026-09-30T04:30:00+00:00,1.13412,1.13427,1.13397,1.13413,1118
2026-09-30T04:35:00+00:00,1.13413,1.13429,1.13398,1.13404,852
2026-09-30T04:40:00+00:00,1.13404,1.13418,1.13399,1.13402,672
2026-09-30T04:45:00+00:00,1.13402,1.13403,1.13355,1.13357,622
2026-09-30T04:50:00+00:00,1.13357,1.13364,1.13347,1.13357,591
2026-09-30T04:55:00+00:00,1.13357,1.13358,1.13337,1.13351,553
2026-09-30T05:00:00+00:00,1.13351,1.13360,1.13346,1.13358,538
2026-09-30T05:05:00+00:00,1.13358,1.13366,1.13354,1.13362,474
2026-09-30T05:10:00+00:00,1.13362,1.13372,1.13352,1.13369,577
2026-09-30T05:15:00+00:00,1.13369,1.13389,1.13367,1.13386,661
2026-09-30T05:20:00+00:00,1.13387,1.13398,1.13380,1.13383,393
2026-09-30T05:25:00+00:00,1.13383,1.13405,1.13377,1.13388,500
2026-09-30T05:30:00+00:00,1.13388,1.13400,1.13381,1.13381,440
2026-09-30T05:35:00+00:00,1.13382,1.13400,1.13376,1.13391,462
2026-09-30T05:40:00+00:00,1.13391,1.13392,1.13376,1.13381,481
2026-09-30T05:45:00+00:00,1.13381,1.13423,1.13380,1.13420,472
2026-09-30T05:50:00+00:00,1.13420,1.13421,1.13393,1.13398,573
2026-09-30T05:55:00+00:00,1.13398,1.13403,1.13386,1.13401,574
2026-09-30T06:00:00+00:00,1.13401,1.13404,1.13390,1.13399,365
2026-09-30T06:05:00+00:00,1.13399,1.13400,1.13386,1.13388,353
2026-09-30T06:10:00+00:00,1.13389,1.13397,1.13381,1.13395,428
2026-09-30T06:15:00+00:00,1.13395,1.13401,1.13387,1.13392,359
2026-09-30T06:20:00+00:00,1.13392,1.13395,1.13383,1.13385,245
2026-09-30T06:25:00+00:00,1.13385,1.13401,1.13385,1.13400,403
2026-09-30T06:30:00+00:00,1.13400,1.13400,1.13344,1.13347,344
2026-09-30T06:35:00+00:00,1.13347,1.13360,1.13336,1.13357,262
2026-09-30T06:40:00+00:00,1.13357,1.13360,1.13341,1.13342,209
2026-09-30T06:45:00+00:00,1.13342,1.13343,1.13325,1.13327,248
2026-09-30T06:50:00+00:00,1.13326,1.13342,1.13322,1.13337,287
2026-09-30T06:55:00+00:00,1.13337,1.13342,1.13321,1.13323,230
2026-09-30T07:00:00+00:00,1.13323,1.13339,1.13322,1.13327,256
2026-09-30T07:05:00+00:00,1.13328,1.13330,1.13310,1.13312,219
2026-09-30T07:10:00+00:00,1.13312,1.13317,1.13307,1.13313,227
2026-09-30T07:15:00+00:00,1.13313,1.13322,1.13306,1.13312,195
2026-09-30T07:20:00+00:00,1.13312,1.13313,1.13306,1.13309,204
2026-09-30T07:25:00+00:00,1.13309,1.13318,1.13305,1.13310,191
2026-09-30T07:30:00+00:00,1.13310,1.13313,1.13302,1.13308,254
2026-09-30T07:35:00+00:00,1.13308,1.13313,1.13290,1.13302,356
2026-09-30T07:40:00+00:00,1.13302,1.13308,1.13296,1.13298,354
2026-09-30T07:45:00+00:00,1.13298,1.13316,1.13297,1.13300,295
2026-09-30T07:50:00+00:00,1.13299,1.13307,1.13290,1.13307,249
2026-09-30T07:55:00+00:00,1.13307,1.13320,1.13301,1.13319,244
2026-09-30T08:00:00+00:00,1.13319,1.13325,1.13315,1.13322,277
2026-09-30T08:05:00+00:00,1.13322,1.13330,1.13316,1.13330,253
2026-09-30T08:10:00+00:00,1.13328,1.13338,1.13328,1.13335,244
2026-09-30T08:15:00+00:00,1.13334,1.13350,1.13333,1.13347,294
2026-09-30T08:20:00+00:00,1.13347,1.13351,1.13343,1.13344,279
2026-09-30T08:25:00+00:00,1.13345,1.13358,1.13344,1.13355,255
2026-09-30T08:30:00+00:00,1.13355,1.13378,1.13350,1.13375,432
2026-09-30T08:35:00+00:00,1.13375,1.13378,1.13357,1.13363,335
2026-09-30T08:40:00+00:00,1.13363,1.13384,1.13361,1.13379,258
2026-09-30T08:45:00+00:00,1.13380,1.13399,1.13378,1.13399,207
2026-09-30T08:50:00+00:00,1.13399,1.13403,1.13386,1.13402,227
2026-09-30T08:55:00+00:00,1.13402,1.13468,1.13399,1.13446,531
2026-09-30T09:00:00+00:00,1.13446,1.13501,1.13436,1.13496,925
2026-09-30T09:05:00+00:00,1.13496,1.13533,1.13486,1.13486,1018
2026-09-30T09:10:00+00:00,1.13486,1.13516,1.13479,1.13508,847
2026-09-30T09:15:00+00:00,1.13509,1.13520,1.13496,1.13500,777
2026-09-30T09:20:00+00:00,1.13501,1.13530,1.13501,1.13521,628
2026-09-30T09:25:00+00:00,1.13521,1.13573,1.13513,1.13546,831
2026-09-30T09:30:00+00:00,1.13546,1.13547,1.13492,1.13493,1012
2026-09-30T09:35:00+00:00,1.13493,1.13493,1.13461,1.13467,987
2026-09-30T09:40:00+00:00,1.13468,1.13548,1.13464,1.13539,903
2026-09-30T09:45:00+00:00,1.13539,1.13549,1.13476,1.13495,1334
2026-09-30T09:50:00+00:00,1.13495,1.13519,1.13488,1.13514,1146
2026-09-30T09:55:00+00:00,1.13515,1.13535,1.13497,1.13500,1133
2026-09-30T10:00:00+00:00,1.13500,1.13550,1.13490,1.13523,1223
2026-09-30T10:05:00+00:00,1.13523,1.13549,1.13512,1.13519,1028
2026-09-30T10:10:00+00:00,1.13519,1.13542,1.13504,1.13525,1051
2026-09-30T10:15:00+00:00,1.13525,1.13561,1.13525,1.13561,1085
2026-09-30T10:20:00+00:00,1.13561,1.13565,1.13521,1.13524,798
2026-09-30T10:25:00+00:00,1.13524,1.13546,1.13508,1.13537,884
2026-09-30T10:30:00+00:00,1.13537,1.13546,1.13499,1.13503,893
2026-09-30T10:35:00+00:00,1.13503,1.13515,1.13479,1.13484,744
2026-09-30T10:40:00+00:00,1.13484,1.13485,1.13455,1.13457,822
2026-09-30T10:45:00+00:00,1.13458,1.13474,1.13431,1.13433,723
2026-09-30T10:50:00+00:00,1.13434,1.13445,1.13421,1.13428,341
2026-09-30T10:55:00+00:00,1.13428,1.13467,1.13426,1.13462,694
2026-09-30T11:00:00+00:00,1.13461,1.13505,1.13452,1.13492,1316
2026-09-30T11:05:00+00:00,1.13492,1.13501,1.13477,1.13494,854
2026-09-30T11:10:00+00:00,1.13494,1.13495,1.13467,1.13470,742
2026-09-30T11:15:00+00:00,1.13470,1.13503,1.13462,1.13476,895
2026-09-30T11:20:00+00:00,1.13476,1.13520,1.13474,1.13517,703
2026-09-30T11:25:00+00:00,1.13518,1.13526,1.13502,1.13512,716
2026-09-30T11:30:00+00:00,1.13513,1.13542,1.13511,1.13535,601
2026-09-30T11:35:00+00:00,1.13535,1.13540,1.13512,1.13517,866
2026-09-30T11:40:00+00:00,1.13517,1.13546,1.13513,1.13535,780
2026-09-30T11:45:00+00:00,1.13535,1.13547,1.13526,1.13545,502
2026-09-30T11:50:00+00:00,1.13545,1.13552,1.13509,1.13525,861
2026-09-30T11:55:00+00:00,1.13525,1.13607,1.13525,1.13581,1067
2026-09-30T12:00:00+00:00,1.13581,1.13600,1.13563,1.13598,957
2026-09-30T12:05:00+00:00,1.13599,1.13606,1.13517,1.13521,1004
2026-09-30T12:10:00+00:00,1.13521,1.13545,1.13516,1.13544,808
2026-09-30T12:15:00+00:00,1.13544,1.13544,1.13514,1.13528,734
2026-09-30T12:20:00+00:00,1.13528,1.13543,1.13525,1.13538,649
2026-09-30T12:25:00+00:00,1.13539,1.13571,1.13537,1.13549,847
2026-09-30T12:30:00+00:00,1.13549,1.13594,1.13542,1.13567,817
2026-09-30T12:35:00+00:00,1.13567,1.13575,1.13536,1.13537,613
2026-09-30T12:40:00+00:00,1.13538,1.13550,1.13529,1.13549,891
2026-09-30T12:45:00+00:00,1.13549,1.13583,1.13542,1.13580,729
2026-09-30T12:50:00+00:00,1.13580,1.13587,1.13569,1.13575,562
2026-09-30T12:55:00+00:00,1.13575,1.13594,1.13570,1.13582,481
2026-09-30T13:00:00+00:00,1.13582,1.13631,1.13578,1.13630,782
2026-09-30T13:05:00+00:00,1.13630,1.13639,1.13599,1.13608,1059
2026-09-30T13:10:00+00:00,1.13608,1.13621,1.13599,1.13608,658
2026-09-30T13:15:00+00:00,1.13608,1.13619,1.13590,1.13598,1062
2026-09-30T13:20:00+00:00,1.13598,1.13604,1.13584,1.13590,954
2026-09-30T13:25:00+00:00,1.13590,1.13599,1.13578,1.13579,749
2026-09-30T13:30:00+00:00,1.13579,1.13589,1.13561,1.13562,643
2026-09-30T13:35:00+00:00,1.13562,1.13597,1.13558,1.13581,768
2026-09-30T13:40:00+00:00,1.13580,1.13580,1.13552,1.13553,669
2026-09-30T13:45:00+00:00,1.13553,1.13559,1.13543,1.13557,687
2026-09-30T13:50:00+00:00,1.13557,1.13575,1.13545,1.13569,683
2026-09-30T13:55:00+00:00,1.13568,1.13610,1.13563,1.13603,748
2026-09-30T14:00:00+00:00,1.13604,1.13604,1.13570,1.13579,758
2026-09-30T14:05:00+00:00,1.13578,1.13585,1.13554,1.13555,601
2026-09-30T14:10:00+00:00,1.13555,1.13568,1.13547,1.13562,539
2026-09-30T14:15:00+00:00,1.13562,1.13562,1.13536,1.13543,671
2026-09-30T14:20:00+00:00,1.13542,1.13582,1.13535,1.13573,719
2026-09-30T14:25:00+00:00,1.13573,1.13584,1.13558,1.13576,894
2026-09-30T14:30:00+00:00,1.13576,1.13589,1.13556,1.13558,918
2026-09-30T14:35:00+00:00,1.13558,1.13576,1.13555,1.13556,582
2026-09-30T14:40:00+00:00,1.13556,1.13570,1.13554,1.13564,560
2026-09-30T14:45:00+00:00,1.13564,1.13581,1.13539,1.13542,920
2026-09-30T14:50:00+00:00,1.13542,1.13547,1.13510,1.13511,809
2026-09-30T14:55:00+00:00,1.13511,1.13526,1.13484,1.13501,756
2026-09-30T15:00:00+00:00,1.13501,1.13539,1.13497,1.13532,820
2026-09-30T15:05:00+00:00,1.13532,1.13552,1.13516,1.13552,913
2026-09-30T15:10:00+00:00,1.13552,1.13572,1.13550,1.13556,830
2026-09-30T15:15:00+00:00,1.13556,1.13582,1.13530,1.13573,984
2026-09-30T15:20:00+00:00,1.13573,1.13578,1.13539,1.13557,1191
2026-09-30T15:25:00+00:00,1.13557,1.13626,1.13551,1.13613,965
2026-09-30T15:30:00+00:00,1.13615,1.13804,1.13606,1.13775,3616
2026-09-30T15:35:00+00:00,1.13774,1.13785,1.13674,1.13684,2292
2026-09-30T15:40:00+00:00,1.13684,1.13766,1.13668,1.13744,2539
2026-09-30T15:45:00+00:00,1.13744,1.13767,1.13681,1.13695,2320
2026-09-30T15:50:00+00:00,1.13695,1.13700,1.13655,1.13697,1872
2026-09-30T15:55:00+00:00,1.13697,1.13703,1.13634,1.13637,1750
2026-09-30T16:00:00+00:00,1.13638,1.13677,1.13599,1.13607,1899
2026-09-30T16:05:00+00:00,1.13606,1.13636,1.13589,1.13603,1544
2026-09-30T16:10:00+00:00,1.13604,1.13641,1.13581,1.13629,1529
2026-09-30T16:15:00+00:00,1.13629,1.13656,1.13605,1.13625,1200
2026-09-30T16:20:00+00:00,1.13626,1.13642,1.13597,1.13611,1311
2026-09-30T16:25:00+00:00,1.13611,1.13647,1.13609,1.13626,1177
2026-09-30T16:30:00+00:00,1.13626,1.13650,1.13609,1.13636,1640
2026-09-30T16:35:00+00:00,1.13636,1.13638,1.13550,1.13561,1566
2026-09-30T16:40:00+00:00,1.13561,1.13580,1.13545,1.13575,1059
2026-09-30T16:45:00+00:00,1.13576,1.13619,1.13541,1.13596,1585
2026-09-30T16:50:00+00:00,1.13596,1.13606,1.13559,1.13585,1763
2026-09-30T16:55:00+00:00,1.13585,1.13593,1.13555,1.13556,1693
2026-09-30T17:00:00+00:00,1.13556,1.13598,1.13530,1.13592,1932
2026-09-30T17:05:00+00:00,1.13592,1.13652,1.13587,1.13590,1543
2026-09-30T17:10:00+00:00,1.13590,1.13603,1.13574,1.13577,1144
2026-09-30T17:15:00+00:00,1.13577,1.13603,1.13562,1.13589,1002
2026-09-30T17:20:00+00:00,1.13589,1.13600,1.13565,1.13571,1098
2026-09-30T17:25:00+00:00,1.13571,1.13577,1.13542,1.13548,1364
2026-09-30T17:30:00+00:00,1.13548,1.13567,1.13534,1.13542,1457
2026-09-30T17:35:00+00:00,1.13543,1.13549,1.13513,1.13537,1227
2026-09-30T17:40:00+00:00,1.13537,1.13560,1.13527,1.13536,1692
2026-09-30T17:45:00+00:00,1.13536,1.13584,1.13523,1.13548,2028
2026-09-30T17:50:00+00:00,1.13548,1.13549,1.13457,1.13498,2585
2026-09-30T17:55:00+00:00,1.13500,1.13589,1.13500,1.13582,2796
2026-09-30T18:00:00+00:00,1.13582,1.13605,1.13562,1.13578,2248
2026-09-30T18:05:00+00:00,1.13578,1.13585,1.13502,1.13526,1478
2026-09-30T18:10:00+00:00,1.13526,1.13568,1.13517,1.13563,1647
2026-09-30T18:15:00+00:00,1.13563,1.13577,1.13550,1.13559,1164
2026-09-30T18:20:00+00:00,1.13560,1.13579,1.13554,1.13557,913
2026-09-30T18:25:00+00:00,1.13557,1.13598,1.13525,1.13597,1095
2026-09-30T18:30:00+00:00,1.13598,1.13605,1.13574,1.13586,998
2026-09-30T18:35:00+00:00,1.13586,1.13596,1.13541,1.13545,593
2026-09-30T18:40:00+00:00,1.13545,1.13557,1.13514,1.13517,871
2026-09-30T18:45:00+00:00,1.13516,1.13522,1.13500,1.13505,1062
2026-09-30T18:50:00+00:00,1.13505,1.13509,1.13437,1.13446,1329
2026-09-30T18:55:00+00:00,1.13446,1.13461,1.13424,1.13445,1054
2026-09-30T19:00:00+00:00,1.13445,1.13445,1.13378,1.13383,1313
2026-09-30T19:05:00+00:00,1.13383,1.13386,1.13350,1.13351,899
2026-09-30T19:10:00+00:00,1.13353,1.13369,1.13325,1.13359,977
2026-09-30T19:15:00+00:00,1.13359,1.13381,1.13351,1.13359,821
2026-09-30T19:20:00+00:00,1.13359,1.13388,1.13351,1.13382,796
2026-09-30T19:25:00+00:00,1.13382,1.13382,1.13353,1.13373,683
2026-09-30T19:30:00+00:00,1.13373,1.13381,1.13362,1.13362,722
2026-09-30T19:35:00+00:00,1.13363,1.13381,1.13352,1.13369,791
2026-09-30T19:40:00+00:00,1.13370,1.13384,1.13367,1.13382,542
2026-09-30T19:45:00+00:00,1.13382,1.13382,1.13360,1.13363,642
2026-09-30T19:50:00+00:00,1.13363,1.13376,1.13351,1.13367,619
2026-09-30T19:55:00+00:00,1.13367,1.13393,1.13362,1.13393,624
2026-09-30T20:00:00+00:00,1.13393,1.13409,1.13378,1.13380,740
2026-09-30T20:05:00+00:00,1.13380,1.13392,1.13373,1.13387,639
2026-09-30T20:10:00+00:00,1.13388,1.13406,1.13380,1.13402,603
2026-09-30T20:15:00+00:00,1.13402,1.13405,1.13385,1.13386,518
2026-09-30T20:20:00+00:00,1.13385,1.13394,1.13376,1.13388,490
2026-09-30T20:25:00+00:00,1.13388,1.13406,1.13384,1.13400,511
2026-09-30T20:30:00+00:00,1.13400,1.13403,1.13381,1.13382,478
2026-09-30T20:35:00+00:00,1.13382,1.13390,1.13373,1.13389,417
2026-09-30T20:40:00+00:00,1.13389,1.13395,1.13373,1.13375,437
2026-09-30T20:45:00+00:00,1.13375,1.13397,1.13361,1.13370,729
2026-09-30T20:50:00+00:00,1.13370,1.13375,1.13355,1.13359,621
2026-09-30T20:55:00+00:00,1.13359,1.13363,1.13349,1.13354,460
2026-09-30T21:00:00+00:00,1.13354,1.13375,1.13344,1.13368,595
2026-09-30T21:05:00+00:00,1.13368,1.13372,1.13353,1.13359,376
2026-09-30T21:10:00+00:00,1.13359,1.13365,1.13343,1.13349,486
2026-09-30T21:15:00+00:00,1.13349,1.13356,1.13344,1.13349,524
2026-09-30T21:20:00+00:00,1.13349,1.13356,1.13340,1.13344,405
2026-09-30T21:25:00+00:00,1.13343,1.13344,1.13327,1.13340,610
2026-09-30T21:30:00+00:00,1.13340,1.13344,1.13319,1.13328,527
2026-09-30T21:35:00+00:00,1.13328,1.13337,1.13324,1.13325,501
2026-09-30T21:40:00+00:00,1.13324,1.13332,1.13318,1.13323,329
2026-09-30T21:45:00+00:00,1.13323,1.13325,1.13313,1.13315,376
2026-09-30T21:50:00+00:00,1.13315,1.13324,1.13313,1.13323,337
2026-09-30T21:55:00+00:00,1.13323,1.13324,1.13310,1.13318,412
2026-09-30T22:00:00+00:00,1.13318,1.13318,1.13300,1.13303,351
2026-09-30T22:05:00+00:00,1.13304,1.13306,1.13282,1.13288,479
2026-09-30T22:10:00+00:00,1.13288,1.13300,1.13283,1.13293,579
2026-09-30T22:15:00+00:00,1.13294,1.13295,1.13283,1.13294,416
2026-09-30T22:20:00+00:00,1.13295,1.13319,1.13293,1.13310,353
2026-09-30T22:25:00+00:00,1.13310,1.13316,1.13293,1.13310,519
2026-09-30T22:30:00+00:00,1.13310,1.13311,1.13292,1.13295,516
2026-09-30T22:35:00+00:00,1.13295,1.13295,1.13269,1.13277,507
2026-09-30T22:40:00+00:00,1.13277,1.13278,1.13239,1.13242,493
2026-09-30T22:45:00+00:00,1.13242,1.13261,1.13224,1.13252,722
2026-09-30T22:50:00+00:00,1.13252,1.13275,1.13249,1.13260,919
2026-09-30T22:55:00+00:00,1.13260,1.13271,1.13229,1.13263,1222
2026-09-30T23:00:00+00:00,1.13263,1.13264,1.13237,1.13263,989
2026-09-30T23:05:00+00:00,1.13263,1.13281,1.13254,1.13279,342
2026-09-30T23:10:00+00:00,1.13279,1.13280,1.13242,1.13245,259
2026-09-30T23:15:00+00:00,1.13245,1.13254,1.13229,1.13233,211
2026-09-30T23:20:00+00:00,1.13233,1.13290,1.13233,1.13285,391
2026-09-30T23:25:00+00:00,1.13285,1.13302,1.13273,1.13296,266
2026-09-30T23:30:00+00:00,1.13296,1.13297,1.13271,1.13289,252
2026-09-30T23:35:00+00:00,1.13289,1.13311,1.13288,1.13310,140
2026-09-30T23:40:00+00:00,1.13310,1.13316,1.13307,1.13309,165
2026-09-30T23:45:00+00:00,1.13309,1.13313,1.13299,1.13305,227
2026-09-30T23:50:00+00:00,1.13305,1.13307,1.13294,1.13296,206
2026-09-30T23:55:00+00:00,1.13296,1.13298,1.13286,1.13293,163
2026-10-01T00:00:00+00:00,1.13289,1.13313,1.13283,1.13311,142
2026-10-01T00:05:00+00:00,1.13311,1.13313,1.13293,1.13310,152
2026-10-01T00:10:00+00:00,1.13310,1.13317,1.13308,1.13316,14
2026-10-01T00:15:00+00:00,1.13316,1.13316,1.13296,1.13311,54
2026-10-01T00:20:00+00:00,1.13311,1.13321,1.13303,1.13304,59
2026-10-01T00:25:00+00:00,1.13304,1.13305,1.13304,1.13305,8
2026-10-01T00:30:00+00:00,1.13305,1.13312,1.13297,1.13310,51
2026-10-01T00:35:00+00:00,1.13310,1.13320,1.13307,1.13316,23
2026-10-01T00:40:00+00:00,1.13316,1.13326,1.13315,1.13316,117
2026-10-01T00:45:00+00:00,1.13316,1.13320,1.13315,1.13317,37
2026-10-01T00:50:00+00:00,1.13317,1.13318,1.13314,1.13316,19
2026-10-01T00:55:00+00:00,1.13316,1.13317,1.13314,1.13316,55
2026-10-01T01:00:00+00:00,1.13315,1.13321,1.13304,1.13312,290
2026-10-01T01:05:00+00:00,1.13312,1.13322,1.13312,1.13317,122
2026-10-01T01:10:00+00:00,1.13317,1.13321,1.13315,1.13318,210
2026-10-01T01:15:00+00:00,1.13318,1.13324,1.13317,1.13318,58
2026-10-01T01:20:00+00:00,1.13318,1.13319,1.13318,1.13319,14
2026-10-01T01:25:00+00:00,1.13319,1.13321,1.13309,1.13309,223
2026-10-01T01:30:00+00:00,1.13309,1.13311,1.13303,1.13309,135
2026-10-01T01:35:00+00:00,1.13309,1.13316,1.13304,1.13310,196
2026-10-01T01:40:00+00:00,1.13310,1.13316,1.13308,1.13310,274
2026-10-01T01:45:00+00:00,1.13310,1.13315,1.13304,1.13309,151
2026-10-01T01:50:00+00:00,1.13309,1.13310,1.13301,1.13303,73
2026-10-01T01:55:00+00:00,1.13303,1.13305,1.13299,1.13302,79
2026-10-01T02:00:00+00:00,1.13302,1.13304,1.13298,1.13299,72
2026-10-01T02:05:00+00:00,1.13299,1.13306,1.13298,1.13305,75
2026-10-01T02:10:00+00:00,1.13305,1.13309,1.13298,1.13309,82
2026-10-01T02:15:00+00:00,1.13309,1.13315,1.13309,1.13313,60
2026-10-01T02:20:00+00:00,1.13313,1.13317,1.13310,1.13312,103
2026-10-01T02:25:00+00:00,1.13312,1.13315,1.13308,1.13313,75
2026-10-01T02:30:00+00:00,1.13314,1.13316,1.13312,1.13313,34
2026-10-01T02:35:00+00:00,1.13313,1.13316,1.13309,1.13314,126
2026-10-01T02:40:00+00:00,1.13315,1.13316,1.13297,1.13298,109
2026-10-01T02:45:00+00:00,1.13298,1.13304,1.13293,1.13294,78
2026-10-01T02:50:00+00:00,1.13294,1.13299,1.13266,1.13267,202
2026-10-01T02:55:00+00:00,1.13267,1.13275,1.13255,1.13270,268
2026-10-01T03:00:00+00:00,1.13270,1.13296,1.13258,1.13283,794
2026-10-01T03:05:00+00:00,1.13283,1.13296,1.13277,1.13290,653
2026-10-01T03:10:00+00:00,1.13290,1.13306,1.13281,1.13295,578
2026-10-01T03:15:00+00:00,1.13294,1.13307,1.13287,1.13295,705
2026-10-01T03:20:00+00:00,1.13295,1.13317,1.13293,1.13311,497
2026-10-01T03:25:00+00:00,1.13311,1.13327,1.13308,1.13323,617
2026-10-01T03:30:00+00:00,1.13323,1.13333,1.13303,1.13306,545
2026-10-01T03:35:00+00:00,1.13305,1.13328,1.13305,1.13325,546
2026-10-01T03:40:00+00:00,1.13325,1.13358,1.13321,1.13355,598
2026-10-01T03:45:00+00:00,1.13356,1.13357,1.13335,1.13350,461
2026-10-01T03:50:00+00:00,1.13350,1.13353,1.13335,1.13344,627
2026-10-01T03:55:00+00:00,1.13344,1.13353,1.13330,1.13331,411
2026-10-01T04:00:00+00:00,1.13331,1.13340,1.13311,1.13340,687
2026-10-01T04:05:00+00:00,1.13340,1.13357,1.13338,1.13355,464
2026-10-01T04:10:00+00:00,1.13355,1.13356,1.13340,1.13345,404
2026-10-01T04:15:00+00:00,1.13345,1.13349,1.13340,1.13345,358
2026-10-01T04:20:00+00:00,1.13345,1.13362,1.13344,1.13361,324
2026-10-01T04:25:00+00:00,1.13361,1.13368,1.13354,1.13357,276
2026-10-01T04:30:00+00:00,1.13358,1.13365,1.13336,1.13344,570
2026-10-01T04:35:00+00:00,1.13344,1.13346,1.13330,1.13335,375
2026-10-01T04:40:00+00:00,1.13335,1.13336,1.13323,1.13325,321
2026-10-01T04:45:00+00:00,1.13325,1.13332,1.13301,1.13305,451
2026-10-01T04:50:00+00:00,1.13305,1.13311,1.13286,1.13292,471
2026-10-01T04:55:00+00:00,1.13292,1.13292,1.13275,1.13277,390
2026-10-01T05:00:00+00:00,1.13277,1.13283,1.13263,1.13264,531
2026-10-01T05:05:00+00:00,1.13263,1.13265,1.13218,1.13230,661
2026-10-01T05:10:00+00:00,1.13230,1.13244,1.13221,1.13233,369
2026-10-01T05:15:00+00:00,1.13233,1.13256,1.13232,1.13251,329
2026-10-01T05:20:00+00:00,1.13251,1.13252,1.13237,1.13242,438
2026-10-01T05:25:00+00:00,1.13242,1.13250,1.13230,1.13248,541
2026-10-01T05:30:00+00:00,1.13248,1.13259,1.13243,1.13255,393
2026-10-01T05:35:00+00:00,1.13255,1.13260,1.13243,1.13245,374
2026-10-01T05:40:00+00:00,1.13245,1.13259,1.13241,1.13255,304
2026-10-01T05:45:00+00:00,1.13255,1.13256,1.13245,1.13252,372
2026-10-01T05:50:00+00:00,1.13252,1.13263,1.13245,1.13248,319
2026-10-01T05:55:00+00:00,1.13249,1.13255,1.13241,1.13253,304
2026-10-01T06:00:00+00:00,1.13253,1.13264,1.13240,1.13241,310
2026-10-01T06:05:00+00:00,1.13241,1.13252,1.13241,1.13249,214
2026-10-01T06:10:00+00:00,1.13249,1.13259,1.13241,1.13248,244
2026-10-01T06:15:00+00:00,1.13248,1.13251,1.13241,1.13245,364
2026-10-01T06:20:00+00:00,1.13245,1.13247,1.13228,1.13235,318
2026-10-01T06:25:00+00:00,1.13235,1.13237,1.13213,1.13220,395
2026-10-01T06:30:00+00:00,1.13220,1.13230,1.13212,1.13229,445
2026-10-01T06:35:00+00:00,1.13229,1.13235,1.13220,1.13226,299
2026-10-01T06:40:00+00:00,1.13226,1.13253,1.13226,1.13249,365
2026-10-01T06:45:00+00:00,1.13249,1.13255,1.13242,1.13248,451
2026-10-01T06:50:00+00:00,1.13248,1.13272,1.13242,1.13269,312
2026-10-01T06:55:00+00:00,1.13269,1.13294,1.13269,1.13290,488
2026-10-01T07:00:00+00:00,1.13290,1.13310,1.13289,1.13294,469
2026-10-01T07:05:00+00:00,1.13294,1.13294,1.13268,1.13275,394
2026-10-01T07:10:00+00:00,1.13275,1.13276,1.13253,1.13254,331
2026-10-01T07:15:00+00:00,1.13254,1.13254,1.13217,1.13221,288
2026-10-01T07:20:00+00:00,1.13221,1.13222,1.13199,1.13203,533
2026-10-01T07:25:00+00:00,1.13203,1.13212,1.13199,1.13203,334
2026-10-01T07:30:00+00:00,1.13202,1.13217,1.13201,1.13216,297
2026-10-01T07:35:00+00:00,1.13216,1.13235,1.13206,1.13224,319
2026-10-01T07:40:00+00:00,1.13224,1.13225,1.13202,1.13207,421
2026-10-01T07:45:00+00:00,1.13206,1.13210,1.13201,1.13206,304
2026-10-01T07:50:00+00:00,1.13206,1.13209,1.13197,1.13198,179
2026-10-01T07:55:00+00:00,1.13198,1.13199,1.13186,1.13187,262
2026-10-01T08:00:00+00:00,1.13187,1.13189,1.13153,1.13180,509
2026-10-01T08:05:00+00:00,1.13181,1.13181,1.13159,1.13170,634
2026-10-01T08:10:00+00:00,1.13170,1.13181,1.13162,1.13163,444
2026-10-01T08:15:00+00:00,1.13164,1.13175,1.13157,1.13174,341
2026-10-01T08:20:00+00:00,1.13174,1.13181,1.13170,1.13173,296
2026-10-01T08:25:00+00:00,1.13173,1.13193,1.13172,1.13192,320
2026-10-01T08:30:00+00:00,1.13192,1.13206,1.13184,1.13193,341
2026-10-01T08:35:00+00:00,1.13193,1.13212,1.13186,1.13200,333
2026-10-01T08:40:00+00:00,1.13200,1.13213,1.13197,1.13210,259
2026-10-01T08:45:00+00:00,1.13210,1.13214,1.13197,1.13200,256
2026-10-01T08:50:00+00:00,1.13200,1.13213,1.13184,1.13188,299
2026-10-01T08:55:00+00:00,1.13188,1.13196,1.13177,1.13181,255
2026-10-01T09:00:00+00:00,1.13181,1.13252,1.13180,1.13240,771
2026-10-01T09:05:00+00:00,1.13240,1.13251,1.13228,1.13237,613
2026-10-01T09:10:00+00:00,1.13237,1.13252,1.13233,1.13244,626
2026-10-01T09:15:00+00:00,1.13245,1.13247,1.13218,1.13219,624
2026-10-01T09:20:00+00:00,1.13219,1.13227,1.13207,1.13207,517
2026-10-01T09:25:00+00:00,1.13206,1.13216,1.13182,1.13191,523
2026-10-01T09:30:00+00:00,1.13191,1.13213,1.13183,1.13205,640
2026-10-01T09:35:00+00:00,1.13206,1.13207,1.13152,1.13153,743
2026-10-01T09:40:00+00:00,1.13154,1.13154,1.13065,1.13119,1825
2026-10-01T09:45:00+00:00,1.13118,1.13119,1.13085,1.13100,1100
2026-10-01T09:50:00+00:00,1.13100,1.13162,1.13088,1.13149,1002
2026-10-01T09:55:00+00:00,1.13149,1.13195,1.13146,1.13180,1045
2026-10-01T10:00:00+00:00,1.13180,1.13188,1.13116,1.13159,1782
2026-10-01T10:05:00+00:00,1.13159,1.13186,1.13134,1.13184,845
2026-10-01T10:10:00+00:00,1.13184,1.13186,1.13146,1.13154,760
2026-10-01T10:15:00+00:00,1.13154,1.13180,1.13144,1.13147,1006
2026-10-01T10:20:00+00:00,1.13147,1.13160,1.13041,1.13069,2084
2026-10-01T10:25:00+00:00,1.13068,1.13088,1.13057,1.13059,1600
2026-10-01T10:30:00+00:00,1.13059,1.13083,1.12982,1.13060,2121
2026-10-01T10:35:00+00:00,1.13060,1.13076,1.13038,1.13043,1848
2026-10-01T10:40:00+00:00,1.13043,1.13075,1.13001,1.13046,1969
2026-10-01T10:45:00+00:00,1.13046,1.13119,1.13039,1.13079,1871
2026-10-01T10:50:00+00:00,1.13079,1.13106,1.13043,1.13099,1298
2026-10-01T10:55:00+00:00,1.13099,1.13118,1.13033,1.13041,1288
2026-10-01T11:00:00+00:00,1.13041,1.13062,1.12969,1.13025,2015
2026-10-01T11:05:00+00:00,1.13025,1.13040,1.13010,1.13029,1520
2026-10-01T11:10:00+00:00,1.13029,1.13035,1.12920,1.12960,1859
2026-10-01T11:15:00+00:00,1.12960,1.13008,1.12948,1.12965,1255
2026-10-01T11:20:00+00:00,1.12965,1.12997,1.12957,1.12984,1558
2026-10-01T11:25:00+00:00,1.12983,1.13051,1.12979,1.13017,1210
2026-10-01T11:30:00+00:00,1.13016,1.13026,1.12972,1.12983,1229
2026-10-01T11:35:00+00:00,1.12983,1.12990,1.12889,1.12906,1842
2026-10-01T11:40:00+00:00,1.12905,1.12925,1.12889,1.12894,1717
2026-10-01T11:45:00+00:00,1.12895,1.12923,1.12887,1.12919,1506
2026-10-01T11:50:00+00:00,1.12920,1.12948,1.12873,1.12891,1282
2026-10-01T11:55:00+00:00,1.12891,1.12919,1.12885,1.12911,939
2026-10-01T12:00:00+00:00,1.12911,1.12937,1.12878,1.12937,1400
2026-10-01T12:05:00+00:00,1.12937,1.12974,1.12937,1.12965,954
2026-10-01T12:10:00+00:00,1.12965,1.12983,1.12950,1.12951,900
2026-10-01T12:15:00+00:00,1.12951,1.12995,1.12949,1.12979,870
2026-10-01T12:20:00+00:00,1.12978,1.13018,1.12942,1.12945,1300
2026-10-01T12:25:00+00:00,1.12945,1.12974,1.12926,1.12962,1070
2026-10-01T12:30:00+00:00,1.12963,1.12963,1.12921,1.12947,924
2026-10-01T12:35:00+00:00,1.12947,1.12947,1.12893,1.12907,1011
2026-10-01T12:40:00+00:00,1.12907,1.12914,1.12889,1.12910,803
2026-10-01T12:45:00+00:00,1.12910,1.12912,1.12876,1.12877,650
2026-10-01T12:50:00+00:00,1.12877,1.12877,1.12809,1.12812,1036
2026-10-01T12:55:00+00:00,1.12811,1.12811,1.12694,1.12704,1985
2026-10-01T13:00:00+00:00,1.12704,1.12713,1.12652,1.12687,2382
2026-10-01T13:05:00+00:00,1.12687,1.12762,1.12687,1.12717,1365
2026-10-01T13:10:00+00:00,1.12716,1.12782,1.12706,1.12775,1449
2026-10-01T13:15:00+00:00,1.12775,1.12823,1.12751,1.12813,1355
2026-10-01T13:20:00+00:00,1.12813,1.12852,1.12797,1.12842,1254
2026-10-01T13:25:00+00:00,1.12841,1.12896,1.12837,1.12895,1147
2026-10-01T13:30:00+00:00,1.12895,1.12934,1.12891,1.12934,918
2026-10-01T13:35:00+00:00,1.12934,1.12942,1.12889,1.12903,978
2026-10-01T13:40:00+00:00,1.12903,1.12935,1.12898,1.12908,1410
2026-10-01T13:45:00+00:00,1.12908,1.12940,1.12898,1.12917,1274
2026-10-01T13:50:00+00:00,1.12918,1.12976,1.12911,1.12973,1380
2026-10-01T13:55:00+00:00,1.12973,1.12973,1.12937,1.12937,1168
2026-10-01T14:00:00+00:00,1.12936,1.12970,1.12920,1.12941,1096
2026-10-01T14:05:00+00:00,1.12943,1.12952,1.12886,1.12917,1393
2026-10-01T14:10:00+00:00,1.12917,1.12948,1.12882,1.12888,1410
2026-10-01T14:15:00+00:00,1.12888,1.12893,1.12835,1.12841,1374
2026-10-01T14:20:00+00:00,1.12841,1.12860,1.12824,1.12830,1233
2026-10-01T14:25:00+00:00,1.12831,1.12858,1.12810,1.12820,880
2026-10-01T14:30:00+00:00,1.12821,1.12854,1.12815,1.12846,1086
2026-10-01T14:35:00+00:00,1.12846,1.12942,1.12846,1.12933,981
2026-10-01T14:40:00+00:00,1.12933,1.12982,1.12933,1.12973,1334
2026-10-01T14:45:00+00:00,1.12972,1.13034,1.12972,1.13033,1491
2026-10-01T14:50:00+00:00,1.13033,1.13079,1.13026,1.13076,1307
2026-10-01T14:55:00+00:00,1.13076,1.13119,1.13037,1.13045,1325
2026-10-01T15:00:00+00:00,1.13044,1.13073,1.13029,1.13032,1289
2026-10-01T15:05:00+00:00,1.13032,1.13046,1.12984,1.12985,1325
2026-10-01T15:10:00+00:00,1.12985,1.12990,1.12969,1.12975,1226
2026-10-01T15:15:00+00:00,1.12975,1.12993,1.12953,1.12974,1283
2026-10-01T15:20:00+00:00,1.12973,1.12974,1.12930,1.12934,1120
2026-10-01T15:25:00+00:00,1.12935,1.12941,1.12901,1.12919,1358
2026-10-01T15:30:00+00:00,1.12919,1.12963,1.12896,1.12962,1049
2026-10-01T15:35:00+00:00,1.12962,1.12976,1.12920,1.12947,988
2026-10-01T15:40:00+00:00,1.12947,1.12951,1.12891,1.12899,1135
2026-10-01T15:45:00+00:00,1.12899,1.12918,1.12860,1.12880,1267
2026-10-01T15:50:00+00:00,1.12880,1.12884,1.12860,1.12867,1046
2026-10-01T15:55:00+00:00,1.12867,1.12871,1.12844,1.12863,1127
2026-10-01T16:00:00+00:00,1.12863,1.12880,1.12843,1.12848,1225
2026-10-01T16:05:00+00:00,1.12848,1.12870,1.12838,1.12842,1292
2026-10-01T16:10:00+00:00,1.12842,1.12880,1.12838,1.12848,1210
2026-10-01T16:15:00+00:00,1.12848,1.12880,1.12825,1.12865,1232
2026-10-01T16:20:00+00:00,1.12864,1.12871,1.12827,1.12842,1091
2026-10-01T16:25:00+00:00,1.12843,1.12878,1.12838,1.12863,938
2026-10-01T16:30:00+00:00,1.12864,1.12902,1.12847,1.12888,1679
2026-10-01T16:35:00+00:00,1.12888,1.12897,1.12851,1.12853,1585
2026-10-01T16:40:00+00:00,1.12853,1.12869,1.12820,1.12868,1489
2026-10-01T16:45:00+00:00,1.12868,1.12933,1.12868,1.12929,1668
2026-10-01T16:50:00+00:00,1.12929,1.12957,1.12918,1.12951,1723
2026-10-01T16:55:00+00:00,1.12952,1.12970,1.12938,1.12964,1253
2026-10-01T17:00:00+00:00,1.12964,1.12965,1.12870,1.12873,2198
2026-10-01T17:05:00+00:00,1.12874,1.12942,1.12847,1.12924,2259
2026-10-01T17:10:00+00:00,1.12924,1.12925,1.12839,1.12875,1751
2026-10-01T17:15:00+00:00,1.12875,1.12889,1.12858,1.12871,1981
2026-10-01T17:20:00+00:00,1.12871,1.12895,1.12838,1.12863,2461
2026-10-01T17:25:00+00:00,1.12863,1.12889,1.12842,1.12848,2056
2026-10-01T17:30:00+00:00,1.12847,1.12899,1.12807,1.12819,3126
2026-10-01T17:35:00+00:00,1.12819,1.12870,1.12809,1.12840,2055
2026-10-01T17:40:00+00:00,1.12840,1.12851,1.12711,1.12748,2290
2026-10-01T17:45:00+00:00,1.12748,1.12749,1.12666,1.12717,2764
2026-10-01T17:50:00+00:00,1.12717,1.12731,1.12619,1.12637,2931
2026-10-01T17:55:00+00:00,1.12636,1.12671,1.12621,1.12658,2072
2026-10-01T18:00:00+00:00,1.12658,1.12669,1.12608,1.12609,2530
2026-10-01T18:05:00+00:00,1.12608,1.12617,1.12519,1.12567,2802
2026-10-01T18:10:00+00:00,1.12567,1.12601,1.12539,1.12598,2113
2026-10-01T18:15:00+00:00,1.12598,1.12599,1.12519,1.12524,2112
2026-10-01T18:20:00+00:00,1.12525,1.12586,1.12522,1.12582,2240
2026-10-01T18:25:00+00:00,1.12582,1.12593,1.12524,1.12524,1475
2026-10-01T18:30:00+00:00,1.12524,1.12524,1.12286,1.12300,3509
2026-10-01T18:35:00+00:00,1.12300,1.12481,1.12293,1.12438,2939
2026-10-01T18:40:00+00:00,1.12438,1.12457,1.12363,1.12378,2595
2026-10-01T18:45:00+00:00,1.12379,1.12419,1.12299,1.12299,2518
2026-10-01T18:50:00+00:00,1.12298,1.12335,1.12177,1.12213,2839
2026-10-01T18:55:00+00:00,1.12213,1.12331,1.12193,1.12314,2619
2026-10-01T19:00:00+00:00,1.12314,1.12357,1.12301,1.12345,1851
2026-10-01T19:05:00+00:00,1.12345,1.12387,1.12332,1.12346,1446
2026-10-01T19:10:00+00:00,1.12347,1.12388,1.12346,1.12374,1423
2026-10-01T19:15:00+00:00,1.12374,1.12411,1.12370,1.12381,1431
2026-10-01T19:20:00+00:00,1.12381,1.12417,1.12369,1.12411,1308
2026-10-01T19:25:00+00:00,1.12411,1.12457,1.12376,1.12376,1526
2026-10-01T19:30:00+00:00,1.12376,1.12394,1.12310,1.12318,1657
2026-10-01T19:35:00+00:00,1.12318,1.12319,1.12260,1.12276,1374
2026-10-01T19:40:00+00:00,1.12275,1.12290,1.12233,1.12252,1472
2026-10-01T19:45:00+00:00,1.12252,1.12262,1.12200,1.12224,1229
2026-10-01T19:50:00+00:00,1.12225,1.12229,1.12166,1.12173,1489
2026-10-01T19:55:00+00:00,1.12173,1.12198,1.12164,1.12186,930
2026-10-01T20:00:00+00:00,1.12186,1.12268,1.12178,1.12245,1122
2026-10-01T20:05:00+00:00,1.12245,1.12269,1.12207,1.12220,1597
2026-10-01T20:10:00+00:00,1.12220,1.12230,1.12174,1.12174,928
2026-10-01T20:15:00+00:00,1.12175,1.12205,1.12150,1.12168,1196
2026-10-01T20:20:00+00:00,1.12168,1.12286,1.12167,1.12283,1371
2026-10-01T20:25:00+00:00,1.12283,1.12304,1.12261,1.12268,1234
2026-10-01T20:30:00+00:00,1.12268,1.12411,1.12261,1.12301,3420
2026-10-01T20:35:00+00:00,1.12301,1.12339,1.12273,1.12320,1717
2026-10-01T20:40:00+00:00,1.12320,1.12338,1.12303,1.12308,845
2026-10-01T20:45:00+00:00,1.12307,1.12310,1.12270,1.12279,1253
2026-10-01T20:50:00+00:00,1.12279,1.12298,1.12252,1.12254,1267
2026-10-01T20:55:00+00:00,1.12254,1.12302,1.12229,1.12250,1868
2026-10-01T21:00:00+00:00,1.12250,1.12267,1.12208,1.12209,1708
2026-10-01T21:05:00+00:00,1.12209,1.12259,1.12209,1.12253,881
2026-10-01T21:10:00+00:00,1.12253,1.12293,1.12251,1.12280,1000
2026-10-01T21:15:00+00:00,1.12280,1.12305,1.12251,1.12252,915
2026-10-01T21:20:00+00:00,1.12252,1.12340,1.12248,1.12306,1378
2026-10-01T21:25:00+00:00,1.12307,1.12317,1.12288,1.12296,864
2026-10-01T21:30:00+00:00,1.12297,1.12363,1.12285,1.12351,813
2026-10-01T21:35:00+00:00,1.12350,1.12368,1.12312,1.12315,863
2026-10-01T21:40:00+00:00,1.12315,1.12372,1.12311,1.12368,691
2026-10-01T21:45:00+00:00,1.12369,1.12392,1.12365,1.12372,638
2026-10-01T21:50:00+00:00,1.12371,1.12377,1.12341,1.12347,683
2026-10-01T21:55:00+00:00,1.12347,1.12363,1.12336,1.12347,943
2026-10-01T22:00:00+00:00,1.12347,1.12356,1.12324,1.12353,836
2026-10-01T22:05:00+00:00,1.12353,1.12394,1.12332,1.12381,747
2026-10-01T22:10:00+00:00,1.12382,1.12407,1.12382,1.12397,683
2026-10-01T22:15:00+00:00,1.12397,1.12404,1.12370,1.12382,579
2026-10-01T22:20:00+00:00,1.12382,1.12407,1.12379,1.12402,387
2026-10-01T22:25:00+00:00,1.12402,1.12420,1.12393,1.12419,457
2026-10-01T22:30:00+00:00,1.12419,1.12441,1.12406,1.12415,896
2026-10-01T22:35:00+00:00,1.12415,1.12422,1.12398,1.12411,522
2026-10-01T22:40:00+00:00,1.12411,1.12443,1.12406,1.12437,495
2026-10-01T22:45:00+00:00,1.12436,1.12445,1.12409,1.12422,618
2026-10-01T22:50:00+00:00,1.12422,1.12447,1.12415,1.12424,982
2026-10-01T22:55:00+00:00,1.12424,1.12434,1.12399,1.12401,809
2026-10-01T23:00:00+00:00,1.12401,1.12447,1.12399,1.12432,496
2026-10-01T23:05:00+00:00,1.12432,1.12437,1.12412,1.12437,281
2026-10-01T23:10:00+00:00,1.12437,1.12437,1.12418,1.12432,221
2026-10-01T23:15:00+00:00,1.12432,1.12466,1.12431,1.12452,236
2026-10-01T23:20:00+00:00,1.12452,1.12459,1.12440,1.12450,187
2026-10-01T23:25:00+00:00,1.12450,1.12453,1.12438,1.12453,147
2026-10-01T23:30:00+00:00,1.12453,1.12464,1.12444,1.12446,184
2026-10-01T23:35:00+00:00,1.12446,1.12449,1.12444,1.12448,190
2026-10-01T23:40:00+00:00,1.12448,1.12448,1.12425,1.12428,338
2026-10-01T23:45:00+00:00,1.12428,1.12437,1.12425,1.12434,331
2026-10-01T23:50:00+00:00,1.12434,1.12441,1.12417,1.12420,393
2026-10-01T23:55:00+00:00,1.12420,1.12445,1.12403,1.12443,389
2026-10-02T00:00:00+00:00,1.12451,1.12451,1.12401,1.12416,118
2026-10-02T00:05:00+00:00,1.12416,1.12447,1.12398,1.12445,80
2026-10-02T00:10:00+00:00,1.12445,1.12456,1.12429,1.12456,54
2026-10-02T00:15:00+00:00,1.12456,1.12466,1.12452,1.12462,74
2026-10-02T00:20:00+00:00,1.12462,1.12468,1.12457,1.12460,112
2026-10-02T00:25:00+00:00,1.12460,1.12466,1.12457,1.12461,57
2026-10-02T00:30:00+00:00,1.12461,1.12462,1.12458,1.12462,28
2026-10-02T00:35:00+00:00,1.12462,1.12462,1.12451,1.12453,35
2026-10-02T00:40:00+00:00,1.12453,1.12454,1.12442,1.12443,57
2026-10-02T00:45:00+00:00,1.12443,1.12447,1.12437,1.12440,81
2026-10-02T00:50:00+00:00,1.12440,1.12440,1.12379,1.12398,327
2026-10-02T00:55:00+00:00,1.12398,1.12402,1.12394,1.12401,102
2026-10-02T01:00:00+00:00,1.12399,1.12440,1.12399,1.12425,357
2026-10-02T01:05:00+00:00,1.12425,1.12437,1.12424,1.12432,112
2026-10-02T01:10:00+00:00,1.12432,1.12434,1.12415,1.12419,326
2026-10-02T01:15:00+00:00,1.12418,1.12433,1.12415,1.12432,118
2026-10-02T01:20:00+00:00,1.12432,1.12435,1.12429,1.12429,97
2026-10-02T01:25:00+00:00,1.12429,1.12430,1.12417,1.12425,152
2026-10-02T01:30:00+00:00,1.12426,1.12432,1.12421,1.12430,88
2026-10-02T01:35:00+00:00,1.12430,1.12441,1.12429,1.12435,72
2026-10-02T01:40:00+00:00,1.12436,1.12442,1.12432,1.12432,135
2026-10-02T01:45:00+00:00,1.12432,1.12435,1.12431,1.12434,59
2026-10-02T01:50:00+00:00,1.12434,1.12440,1.12434,1.12438,74
2026-10-02T01:55:00+00:00,1.12438,1.12445,1.12436,1.12442,122
2026-10-02T02:00:00+00:00,1.12442,1.12449,1.12436,1.12447,188
2026-10-02T02:05:00+00:00,1.12447,1.12447,1.12431,1.12434,188
2026-10-02T02:10:00+00:00,1.12435,1.12445,1.12434,1.12442,195
2026-10-02T02:15:00+00:00,1.12442,1.12451,1.12441,1.12447,152
2026-10-02T02:20:00+00:00,1.12447,1.12450,1.12440,1.12441,189
2026-10-02T02:25:00+00:00,1.12441,1.12444,1.12439,1.12442,141
2026-10-02T02:30:00+00:00,1.12442,1.12457,1.12441,1.12453,301
2026-10-02T02:35:00+00:00,1.12453,1.12459,1.12448,1.12449,251
2026-10-02T02:40:00+00:00,1.12449,1.12456,1.12445,1.12455,226
2026-10-02T02:45:00+00:00,1.12455,1.12478,1.12451,1.12476,303
2026-10-02T02:50:00+00:00,1.12476,1.12479,1.12460,1.12465,377
2026-10-02T02:55:00+00:00,1.12464,1.12486,1.12464,1.12482,321
2026-10-02T03:00:00+00:00,1.12482,1.12496,1.12464,1.12465,618
2026-10-02T03:05:00+00:00,1.12465,1.12466,1.12445,1.12445,639
2026-10-02T03:10:00+00:00,1.12445,1.12448,1.12410,1.12415,445
2026-10-02T03:15:00+00:00,1.12415,1.12431,1.12407,1.12416,495
2026-10-02T03:20:00+00:00,1.12416,1.12417,1.12405,1.12408,540
2026-10-02T03:25:00+00:00,1.12409,1.12412,1.12391,1.12391,527
2026-10-02T03:30:00+00:00,1.12391,1.12391,1.12365,1.12368,481
2026-10-02T03:35:00+00:00,1.12367,1.12377,1.12354,1.12365,493
2026-10-02T03:40:00+00:00,1.12366,1.12372,1.12357,1.12364,589
2026-10-02T03:45:00+00:00,1.12364,1.12375,1.12354,1.12369,563
2026-10-02T03:50:00+00:00,1.12368,1.12381,1.12356,1.12359,586
2026-10-02T03:55:00+00:00,1.12358,1.12365,1.12342,1.12343,408
2026-10-02T04:00:00+00:00,1.12344,1.12356,1.12340,1.12354,599
2026-10-02T04:05:00+00:00,1.12354,1.12364,1.12333,1.12345,511
2026-10-02T04:10:00+00:00,1.12345,1.12361,1.12338,1.12346,723
2026-10-02T04:15:00+00:00,1.12346,1.12359,1.12343,1.12348,541
2026-10-02T04:20:00+00:00,1.12349,1.12354,1.12340,1.12353,523
2026-10-02T04:25:00+00:00,1.12353,1.12353,1.12334,1.12342,531
2026-10-02T04:30:00+00:00,1.12341,1.12344,1.12317,1.12320,474
2026-10-02T04:35:00+00:00,1.12319,1.12350,1.12317,1.12340,460
2026-10-02T04:40:00+00:00,1.12339,1.12349,1.12339,1.12348,463
2026-10-02T04:45:00+00:00,1.12348,1.12365,1.12347,1.12348,488
2026-10-02T04:50:00+00:00,1.12348,1.12354,1.12318,1.12344,747
2026-10-02T04:55:00+00:00,1.12343,1.12372,1.12328,1.12367,725
2026-10-02T05:00:00+00:00,1.12366,1.12413,1.12357,1.12413,837
2026-10-02T05:05:00+00:00,1.12413,1.12424,1.12398,1.12402,736
2026-10-02T05:10:00+00:00,1.12402,1.12403,1.12372,1.12388,571
2026-10-02T05:15:00+00:00,1.12388,1.12420,1.12388,1.12409,534
2026-10-02T05:20:00+00:00,1.12409,1.12414,1.12400,1.12412,338
2026-10-02T05:25:00+00:00,1.12412,1.12418,1.12408,1.12415,264
2026-10-02T05:30:00+00:00,1.12415,1.12431,1.12411,1.12422,298
2026-10-02T05:35:00+00:00,1.12422,1.12436,1.12421,1.12425,399
2026-10-02T05:40:00+00:00,1.12425,1.12435,1.12423,1.12429,315
2026-10-02T05:45:00+00:00,1.12428,1.12444,1.12423,1.12434,358
2026-10-02T05:50:00+00:00,1.12434,1.12437,1.12428,1.12433,377
2026-10-02T05:55:00+00:00,1.12433,1.12444,1.12419,1.12442,344
2026-10-02T06:00:00+00:00,1.12442,1.12459,1.12440,1.12455,550
2026-10-02T06:05:00+00:00,1.12455,1.12465,1.12446,1.12448,236
2026-10-02T06:10:00+00:00,1.12449,1.12475,1.12445,1.12472,383
2026-10-02T06:15:00+00:00,1.12471,1.12484,1.12464,1.12474,256
2026-10-02T06:20:00+00:00,1.12474,1.12485,1.12472,1.12479,221
2026-10-02T06:25:00+00:00,1.12479,1.12508,1.12478,1.12505,387
2026-10-02T06:30:00+00:00,1.12505,1.12521,1.12499,1.12502,416
2026-10-02T06:35:00+00:00,1.12501,1.12508,1.12500,1.12507,237
2026-10-02T06:40:00+00:00,1.12508,1.12515,1.12502,1.12513,262
2026-10-02T06:45:00+00:00,1.12513,1.12540,1.12503,1.12524,402
2026-10-02T06:50:00+00:00,1.12523,1.12534,1.12522,1.12526,405
2026-10-02T06:55:00+00:00,1.12526,1.12540,1.12514,1.12517,405
2026-10-02T07:00:00+00:00,1.12517,1.12544,1.12514,1.12532,499
2026-10-02T07:05:00+00:00,1.12533,1.12534,1.12513,1.12516,351
2026-10-02T07:10:00+00:00,1.12516,1.12520,1.12511,1.12515,353
2026-10-02T07:15:00+00:00,1.12515,1.12538,1.12509,1.12533,615
2026-10-02T07:20:00+00:00,1.12533,1.12535,1.12524,1.12531,352
2026-10-02T07:25:00+00:00,1.12532,1.12539,1.12528,1.12538,372
2026-10-02T07:30:00+00:00,1.12537,1.12556,1.12529,1.12533,453
2026-10-02T07:35:00+00:00,1.12533,1.12535,1.12521,1.12533,432
2026-10-02T07:40:00+00:00,1.12533,1.12536,1.12522,1.12526,479
2026-10-02T07:45:00+00:00,1.12526,1.12534,1.12516,1.12519,460
2026-10-02T07:50:00+00:00,1.12519,1.12530,1.12515,1.12526,355
2026-10-02T07:55:00+00:00,1.12525,1.12531,1.12511,1.12527,389
2026-10-02T08:00:00+00:00,1.12527,1.12536,1.12511,1.12516,638
2026-10-02T08:05:00+00:00,1.12516,1.12525,1.12504,1.12511,748
2026-10-02T08:10:00+00:00,1.12511,1.12528,1.12501,1.12511,498
2026-10-02T08:15:00+00:00,1.12511,1.12522,1.12510,1.12518,468
2026-10-02T08:20:00+00:00,1.12518,1.12519,1.12501,1.12501,485
2026-10-02T08:25:00+00:00,1.12501,1.12516,1.12491,1.12496,528
2026-10-02T08:30:00+00:00,1.12496,1.12497,1.12482,1.12486,793
2026-10-02T08:35:00+00:00,1.12486,1.12499,1.12483,1.12489,555
2026-10-02T08:40:00+00:00,1.12489,1.12511,1.12474,1.12504,392
2026-10-02T08:45:00+00:00,1.12504,1.12506,1.12485,1.12493,357
2026-10-02T08:50:00+00:00,1.12493,1.12493,1.12459,1.12469,401
2026-10-02T08:55:00+00:00,1.12470,1.12471,1.12449,1.12468,486
2026-10-02T09:00:00+00:00,1.12468,1.12554,1.12464,1.12553,973
2026-10-02T09:05:00+00:00,1.12553,1.12568,1.12543,1.12543,999
2026-10-02T09:10:00+00:00,1.12543,1.12589,1.12541,1.12565,1063
2026-10-02T09:15:00+00:00,1.12566,1.12567,1.12512,1.12547,1054
2026-10-02T09:20:00+00:00,1.12547,1.12600,1.12546,1.12584,725
2026-10-02T09:25:00+00:00,1.12584,1.12599,1.12571,1.12587,702
2026-10-02T09:30:00+00:00,1.12587,1.12588,1.12566,1.12581,971
2026-10-02T09:35:00+00:00,1.12581,1.12594,1.12546,1.12567,951
2026-10-02T09:40:00+00:00,1.12567,1.12598,1.12566,1.12575,610
2026-10-02T09:45:00+00:00,1.12575,1.12610,1.12570,1.12601,772
2026-10-02T09:50:00+00:00,1.12600,1.12606,1.12569,1.12591,879
2026-10-02T09:55:00+00:00,1.12591,1.12619,1.12582,1.12585,824
2026-10-02T10:00:00+00:00,1.12585,1.12594,1.12541,1.12547,965
2026-10-02T10:05:00+00:00,1.12547,1.12574,1.12536,1.12558,984
2026-10-02T10:10:00+00:00,1.12558,1.12660,1.12555,1.12660,1159
2026-10-02T10:15:00+00:00,1.12660,1.12666,1.12627,1.12637,1088
2026-10-02T10:20:00+00:00,1.12638,1.12655,1.12625,1.12629,752
2026-10-02T10:25:00+00:00,1.12630,1.12670,1.12612,1.12618,1064
2026-10-02T10:30:00+00:00,1.12618,1.12619,1.12586,1.12602,1198
2026-10-02T10:35:00+00:00,1.12602,1.12625,1.12585,1.12611,974
2026-10-02T10:40:00+00:00,1.12612,1.12614,1.12552,1.12561,974
2026-10-02T10:45:00+00:00,1.12561,1.12595,1.12557,1.12593,755
2026-10-02T10:50:00+00:00,1.12593,1.12614,1.12578,1.12606,648
2026-10-02T10:55:00+00:00,1.12606,1.12650,1.12594,1.12603,1649
2026-10-02T11:00:00+00:00,1.12603,1.12629,1.12587,1.12611,1289
2026-10-02T11:05:00+00:00,1.12611,1.12696,1.12605,1.12683,1133
2026-10-02T11:10:00+00:00,1.12683,1.12685,1.12604,1.12613,1399
2026-10-02T11:15:00+00:00,1.12612,1.12613,1.12562,1.12572,1078
2026-10-02T11:20:00+00:00,1.12572,1.12605,1.12546,1.12547,1041
2026-10-02T11:25:00+00:00,1.12547,1.12558,1.12535,1.12556,1017
2026-10-02T11:30:00+00:00,1.12556,1.12564,1.12523,1.12537,1200
2026-10-02T11:35:00+00:00,1.12537,1.12562,1.12506,1.12525,1072
2026-10-02T11:40:00+00:00,1.12526,1.12532,1.12484,1.12485,920
2026-10-02T11:45:00+00:00,1.12485,1.12485,1.12458,1.12478,902
2026-10-02T11:50:00+00:00,1.12478,1.12509,1.12478,1.12496,799
2026-10-02T11:55:00+00:00,1.12496,1.12522,1.12490,1.12513,617
2026-10-02T12:00:00+00:00,1.12513,1.12517,1.12466,1.12470,788
2026-10-02T12:05:00+00:00,1.12470,1.12500,1.12467,1.12484,742
2026-10-02T12:10:00+00:00,1.12484,1.12502,1.12472,1.12492,1454
2026-10-02T12:15:00+00:00,1.12492,1.12529,1.12482,1.12506,1130
2026-10-02T12:20:00+00:00,1.12506,1.12525,1.12491,1.12491,789
2026-10-02T12:25:00+00:00,1.12491,1.12528,1.12487,1.12527,760
2026-10-02T12:30:00+00:00,1.12528,1.12528,1.12501,1.12510,720
2026-10-02T12:35:00+00:00,1.12509,1.12510,1.12473,1.12489,730
2026-10-02T12:40:00+00:00,1.12489,1.12513,1.12487,1.12487,514
2026-10-02T12:45:00+00:00,1.12487,1.12508,1.12462,1.12469,1455
2026-10-02T12:50:00+00:00,1.12468,1.12489,1.12462,1.12483,1133
2026-10-02T12:55:00+00:00,1.12483,1.12513,1.12480,1.12509,676
2026-10-02T13:00:00+00:00,1.12509,1.12516,1.12469,1.12503,1013
2026-10-02T13:05:00+00:00,1.12503,1.12506,1.12468,1.12473,641
2026-10-02T13:10:00+00:00,1.12473,1.12474,1.12403,1.12408,1167
2026-10-02T13:15:00+00:00,1.12407,1.12408,1.12348,1.12353,1012
2026-10-02T13:20:00+00:00,1.12353,1.12356,1.12285,1.12334,1662
2026-10-02T13:25:00+00:00,1.12334,1.12383,1.12324,1.12382,1361
2026-10-02T13:30:00+00:00,1.12382,1.12397,1.12353,1.12379,1221
2026-10-02T13:35:00+00:00,1.12379,1.12381,1.12336,1.12337,1038
2026-10-02T13:40:00+00:00,1.12338,1.12361,1.12322,1.12334,1241
2026-10-02T13:45:00+00:00,1.12335,1.12388,1.12328,1.12380,1219
2026-10-02T13:50:00+00:00,1.12380,1.12398,1.12351,1.12355,1018
2026-10-02T13:55:00+00:00,1.12355,1.12379,1.12346,1.12347,1085
2026-10-02T14:00:00+00:00,1.12346,1.12352,1.12275,1.12277,1401
2026-10-02T14:05:00+00:00,1.12277,1.12340,1.12271,1.12329,1220
2026-10-02T14:10:00+00:00,1.12328,1.12332,1.12311,1.12328,971
2026-10-02T14:15:00+00:00,1.12328,1.12389,1.12327,1.12375,1129
2026-10-02T14:20:00+00:00,1.12375,1.12414,1.12374,1.12406,1031
2026-10-02T14:25:00+00:00,1.12406,1.12417,1.12371,1.12378,1092
2026-10-02T14:30:00+00:00,1.12378,1.12412,1.12364,1.12382,1036
2026-10-02T14:35:00+00:00,1.12382,1.12419,1.12365,1.12392,877
2026-10-02T14:40:00+00:00,1.12393,1.12431,1.12389,1.12410,806
2026-10-02T14:45:00+00:00,1.12411,1.12411,1.12337,1.12362,1397
2026-10-02T14:50:00+00:00,1.12362,1.12366,1.12297,1.12315,1547
2026-10-02T14:55:00+00:00,1.12315,1.12349,1.12303,1.12330,1659
2026-10-02T15:00:00+00:00,1.12330,1.12344,1.12275,1.12296,1333
2026-10-02T15:05:00+00:00,1.12296,1.12302,1.12245,1.12250,1439
2026-10-02T15:10:00+00:00,1.12250,1.12276,1.12228,1.12254,1415
2026-10-02T15:15:00+00:00,1.12253,1.12257,1.12209,1.12236,1267
2026-10-02T15:20:00+00:00,1.12236,1.12277,1.12235,1.12275,1683
2026-10-02T15:25:00+00:00,1.12275,1.12333,1.12242,1.12333,1619
2026-10-02T15:30:00+00:00,1.12332,1.12609,1.12317,1.12483,5896
2026-10-02T15:35:00+00:00,1.12483,1.12529,1.12420,1.12513,4217
2026-10-02T15:40:00+00:00,1.12513,1.12521,1.12371,1.12415,3912
2026-10-02T15:45:00+00:00,1.12415,1.12499,1.12392,1.12477,3029
2026-10-02T15:50:00+00:00,1.12477,1.12580,1.12456,1.12576,3117
2026-10-02T15:55:00+00:00,1.12576,1.12639,1.12563,1.12604,2528
2026-10-02T16:00:00+00:00,1.12604,1.12643,1.12569,1.12585,3242
2026-10-02T16:05:00+00:00,1.12586,1.12594,1.12499,1.12507,2819
2026-10-02T16:10:00+00:00,1.12507,1.12555,1.12460,1.12466,2203
2026-10-02T16:15:00+00:00,1.12467,1.12491,1.12449,1.12461,1875
2026-10-02T16:20:00+00:00,1.12461,1.12490,1.12424,1.12490,1772
2026-10-02T16:25:00+00:00,1.12491,1.12539,1.12472,1.12526,1523
2026-10-02T16:30:00+00:00,1.12526,1.12543,1.12455,1.12465,2383
2026-10-02T16:35:00+00:00,1.12465,1.12530,1.12459,1.12506,2177
2026-10-02T16:40:00+00:00,1.12506,1.12562,1.12474,1.12559,2099
2026-10-02T16:45:00+00:00,1.12558,1.12660,1.12552,1.12653,2145
2026-10-02T16:50:00+00:00,1.12653,1.12690,1.12597,1.12618,2118
2026-10-02T16:55:00+00:00,1.12619,1.12760,1.12598,1.12760,2249
2026-10-02T17:00:00+00:00,1.12760,1.12815,1.12722,1.12812,2468
2026-10-02T17:05:00+00:00,1.12812,1.12853,1.12792,1.12804,2571
2026-10-02T17:10:00+00:00,1.12804,1.12825,1.12742,1.12820,2759
2026-10-02T17:15:00+00:00,1.12821,1.12832,1.12771,1.12791,2114
2026-10-02T17:20:00+00:00,1.12791,1.12819,1.12735,1.12767,1985
2026-10-02T17:25:00+00:00,1.12767,1.12818,1.12756,1.12813,1766
2026-10-02T17:30:00+00:00,1.12813,1.12855,1.12790,1.12843,2097
2026-10-02T17:35:00+00:00,1.12843,1.12847,1.12766,1.12801,1919
2026-10-02T17:40:00+00:00,1.12802,1.12849,1.12796,1.12825,2035
2026-10-02T17:45:00+00:00,1.12825,1.12830,1.12772,1.12772,1808
2026-10-02T17:50:00+00:00,1.12772,1.12773,1.12721,1.12721,2161
2026-10-02T17:55:00+00:00,1.12721,1.12799,1.12716,1.12790,2001
2026-10-02T18:00:00+00:00,1.12789,1.12791,1.12693,1.12710,2052
2026-10-02T18:05:00+00:00,1.12710,1.12712,1.12653,1.12660,2084
2026-10-02T18:10:00+00:00,1.12660,1.12679,1.12647,1.12661,1663
2026-10-02T18:15:00+00:00,1.12660,1.12661,1.12616,1.12626,1670
2026-10-02T18:20:00+00:00,1.12626,1.12642,1.12551,1.12551,1247
2026-10-02T18:25:00+00:00,1.12551,1.12606,1.12550,1.12601,1797
2026-10-02T18:30:00+00:00,1.12601,1.12638,1.12590,1.12634,1168
2026-10-02T18:35:00+00:00,1.12634,1.12646,1.12590,1.12591,1439
2026-10-02T18:40:00+00:00,1.12591,1.12605,1.12580,1.12581,1217
2026-10-02T18:45:00+00:00,1.12581,1.12594,1.12546,1.12556,1351
2026-10-02T18:50:00+00:00,1.12557,1.12577,1.12543,1.12561,1447
2026-10-02T18:55:00+00:00,1.12561,1.12594,1.12561,1.12583,1118
2026-10-02T19:00:00+00:00,1.12583,1.12587,1.12543,1.12555,1298
2026-10-02T19:05:00+00:00,1.12555,1.12586,1.12550,1.12582,1426
2026-10-02T19:10:00+00:00,1.12582,1.12583,1.12527,1.12554,1178
2026-10-02T19:15:00+00:00,1.12554,1.12588,1.12548,1.12567,969
2026-10-02T19:20:00+00:00,1.12567,1.12583,1.12511,1.12516,1475
2026-10-02T19:25:00+00:00,1.12516,1.12527,1.12499,1.12512,1598
2026-10-02T19:30:00+00:00,1.12512,1.12538,1.12511,1.12513,1089
2026-10-02T19:35:00+00:00,1.12514,1.12553,1.12506,1.12551,1554
2026-10-02T19:40:00+00:00,1.12552,1.12555,1.12506,1.12520,1136
2026-10-02T19:45:00+00:00,1.12520,1.12612,1.12517,1.12573,1282
2026-10-02T19:50:00+00:00,1.12573,1.12578,1.12537,1.12573,819
2026-10-02T19:55:00+00:00,1.12573,1.12584,1.12557,1.12566,936
2026-10-02T20:00:00+00:00,1.12566,1.12599,1.12557,1.12586,1016
2026-10-02T20:05:00+00:00,1.12586,1.12587,1.12551,1.12577,786
2026-10-02T20:10:00+00:00,1.12577,1.12584,1.12556,1.12581,710
2026-10-02T20:15:00+00:00,1.12581,1.12592,1.12568,1.12570,965
2026-10-02T20:20:00+00:00,1.12569,1.12583,1.12545,1.12547,867
2026-10-02T20:25:00+00:00,1.12547,1.12558,1.12512,1.12520,1038
2026-10-02T20:30:00+00:00,1.12519,1.12569,1.12519,1.12565,882
2026-10-02T20:35:00+00:00,1.12565,1.12565,1.12539,1.12544,640
2026-10-02T20:40:00+00:00,1.12544,1.12560,1.12539,1.12545,555
2026-10-02T20:45:00+00:00,1.12545,1.12556,1.12533,1.12545,528
2026-10-02T20:50:00+00:00,1.12545,1.12561,1.12529,1.12544,700
2026-10-02T20:55:00+00:00,1.12544,1.12552,1.12516,1.12552,879
2026-10-02T21:00:00+00:00,1.12552,1.12559,1.12528,1.12551,961
2026-10-02T21:05:00+00:00,1.12551,1.12574,1.12521,1.12531,800
2026-10-02T21:10:00+00:00,1.12531,1.12536,1.12520,1.12526,654
2026-10-02T21:15:00+00:00,1.12526,1.12531,1.12509,1.12519,830
2026-10-02T21:20:00+00:00,1.12519,1.12525,1.12500,1.12506,975
2026-10-02T21:25:00+00:00,1.12506,1.12528,1.12501,1.12527,970
2026-10-02T21:30:00+00:00,1.12527,1.12527,1.12507,1.12509,809
2026-10-02T21:35:00+00:00,1.12509,1.12523,1.12506,1.12513,474
2026-10-02T21:40:00+00:00,1.12513,1.12517,1.12506,1.12511,456
2026-10-02T21:45:00+00:00,1.12511,1.12522,1.12505,1.12521,399
2026-10-02T21:50:00+00:00,1.12521,1.12528,1.12490,1.12491,424
2026-10-02T21:55:00+00:00,1.12491,1.12517,1.12482,1.12517,666
2026-10-02T22:00:00+00:00,1.12517,1.12524,1.12493,1.12507,647
2026-10-02T22:05:00+00:00,1.12507,1.12517,1.12501,1.12516,642
2026-10-02T22:10:00+00:00,1.12516,1.12552,1.12512,1.12548,1390
2026-10-02T22:15:00+00:00,1.12548,1.12553,1.12530,1.12548,1291
2026-10-02T22:20:00+00:00,1.12547,1.12596,1.12546,1.12591,937
2026-10-02T22:25:00+00:00,1.12592,1.12598,1.12580,1.12585,651
2026-10-02T22:30:00+00:00,1.12585,1.12603,1.12581,1.12601,790
2026-10-02T22:35:00+00:00,1.12601,1.12603,1.12582,1.12583,554
2026-10-02T22:40:00+00:00,1.12583,1.12590,1.12569,1.12584,428
2026-10-02T22:45:00+00:00,1.12584,1.12593,1.12570,1.12571,456
2026-10-02T22:50:00+00:00,1.12571,1.12573,1.12549,1.12553,363
2026-10-02T22:55:00+00:00,1.12553,1.12587,1.12551,1.12582,556
2026-10-02T23:00:00+00:00,1.12582,1.12597,1.12569,1.12573,277
2026-10-02T23:05:00+00:00,1.12572,1.12575,1.12540,1.12549,286
2026-10-02T23:10:00+00:00,1.12549,1.12566,1.12549,1.12553,240
2026-10-02T23:15:00+00:00,1.12552,1.12562,1.12530,1.12531,247
2026-10-02T23:20:00+00:00,1.12531,1.12555,1.12506,1.12552,286
2026-10-02T23:25:00+00:00,1.12552,1.12552,1.12531,1.12544,168
2026-10-02T23:30:00+00:00,1.12544,1.12562,1.12537,1.12546,190
2026-10-02T23:35:00+00:00,1.12546,1.12548,1.12515,1.12516,214
2026-10-02T23:40:00+00:00,1.12516,1.12526,1.12510,1.12512,281
2026-10-02T23:45:00+00:00,1.12512,1.12516,1.12501,1.12502,606
2026-10-02T23:50:00+00:00,1.12503,1.12510,1.12498,1.12507,603
2026-10-02T23:55:00+00:00,1.12507,1.12532,1.12499,1.12532,621
2026-10-05T00:00:00+00:00,1.12589,1.12594,1.12568,1.12592,25
2026-10-05T00:05:00+00:00,1.12592,1.12605,1.12568,1.12601,14
2026-10-05T00:10:00+00:00,1.12601,1.12602,1.12593,1.12599,18
2026-10-05T00:15:00+00:00,1.12599,1.12600,1.12581,1.12599,11
2026-10-05T00:20:00+00:00,1.12599,1.12599,1.12583,1.12589,24
2026-10-05T00:25:00+00:00,1.12589,1.12603,1.12589,1.12603,21
2026-10-05T00:30:00+00:00,1.12602,1.12603,1.12600,1.12603,17
2026-10-05T00:35:00+00:00,1.12603,1.12605,1.12600,1.12602,16
2026-10-05T00:40:00+00:00,1.12601,1.12602,1.12577,1.12596,19
2026-10-05T00:45:00+00:00,1.12596,1.12602,1.12592,1.12596,27
2026-10-05T00:50:00+00:00,1.12596,1.12605,1.12540,1.12555,149
2026-10-05T00:55:00+00:00,1.12555,1.12556,1.12531,1.12537,137
2026-10-05T01:00:00+00:00,1.12539,1.12567,1.12526,1.12553,735
2026-10-05T01:05:00+00:00,1.12555,1.12595,1.12551,1.12584,377
2026-10-05T01:10:00+00:00,1.12584,1.12601,1.12583,1.12598,407
2026-10-05T01:15:00+00:00,1.12598,1.12600,1.12594,1.12598,514
2026-10-05T01:20:00+00:00,1.12598,1.12599,1.12583,1.12591,394
2026-10-05T01:25:00+00:00,1.12590,1.12592,1.12584,1.12586,139
2026-10-05T01:30:00+00:00,1.12586,1.12598,1.12576,1.12595,263
2026-10-05T01:35:00+00:00,1.12596,1.12596,1.12576,1.12578,92
2026-10-05T01:40:00+00:00,1.12578,1.12589,1.12576,1.12586,113
2026-10-05T01:45:00+00:00,1.12586,1.12611,1.12583,1.12610,93
2026-10-05T01:50:00+00:00,1.12610,1.12611,1.12584,1.12596,144
2026-10-05T01:55:00+00:00,1.12596,1.12604,1.12589,1.12596,102
2026-10-05T02:00:00+00:00,1.12596,1.12599,1.12569,1.12571,352
2026-10-05T02:05:00+00:00,1.12571,1.12577,1.12558,1.12563,454
2026-10-05T02:10:00+00:00,1.12563,1.12567,1.12550,1.12555,311
2026-10-05T02:15:00+00:00,1.12555,1.12555,1.12530,1.12547,398
2026-10-05T02:20:00+00:00,1.12547,1.12557,1.12541,1.12556,428
2026-10-05T02:25:00+00:00,1.12556,1.12560,1.12551,1.12552,249
2026-10-05T02:30:00+00:00,1.12552,1.12564,1.12535,1.12536,310
2026-10-05T02:35:00+00:00,1.12536,1.12553,1.12529,1.12534,292
2026-10-05T02:40:00+00:00,1.12534,1.12537,1.12519,1.12533,325
2026-10-05T02:45:00+00:00,1.12533,1.12537,1.12510,1.12513,405
2026-10-05T02:50:00+00:00,1.12513,1.12526,1.12511,1.12522,254
2026-10-05T02:55:00+00:00,1.12522,1.12548,1.12520,1.12543,410
2026-10-05T03:00:00+00:00,1.12543,1.12558,1.12531,1.12552,771
2026-10-05T03:05:00+00:00,1.12552,1.12559,1.12529,1.12535,690
2026-10-05T03:10:00+00:00,1.12535,1.12535,1.12481,1.12486,518
2026-10-05T03:15:00+00:00,1.12487,1.12501,1.12464,1.12475,764
2026-10-05T03:20:00+00:00,1.12475,1.12482,1.12447,1.12467,684
2026-10-05T03:25:00+00:00,1.12466,1.12473,1.12458,1.12470,561
2026-10-05T03:30:00+00:00,1.12470,1.12484,1.12470,1.12476,487
2026-10-05T03:35:00+00:00,1.12476,1.12477,1.12461,1.12473,521
2026-10-05T03:40:00+00:00,1.12473,1.12473,1.12445,1.12450,408
2026-10-05T03:45:00+00:00,1.12451,1.12451,1.12425,1.12426,617
2026-10-05T03:50:00+00:00,1.12426,1.12442,1.12417,1.12441,465
2026-10-05T03:55:00+00:00,1.12441,1.12441,1.12413,1.12436,717
2026-10-05T04:00:00+00:00,1.12436,1.12438,1.12410,1.12423,549
2026-10-05T04:05:00+00:00,1.12423,1.12426,1.12375,1.12376,739
2026-10-05T04:10:00+00:00,1.12376,1.12390,1.12369,1.12380,526
2026-10-05T04:15:00+00:00,1.12380,1.12381,1.12354,1.12365,734
2026-10-05T04:20:00+00:00,1.12365,1.12368,1.12341,1.12360,579
2026-10-05T04:25:00+00:00,1.12361,1.12377,1.12358,1.12366,485
2026-10-05T04:30:00+00:00,1.12366,1.12372,1.12343,1.12344,479
2026-10-05T04:35:00+00:00,1.12344,1.12354,1.12334,1.12341,635
2026-10-05T04:40:00+00:00,1.12340,1.12345,1.12320,1.12326,521
2026-10-05T04:45:00+00:00,1.12326,1.12327,1.12303,1.12311,502
2026-10-05T04:50:00+00:00,1.12311,1.12314,1.12298,1.12304,478
2026-10-05T04:55:00+00:00,1.12303,1.12313,1.12292,1.12312,441
2026-10-05T05:00:00+00:00,1.12312,1.12323,1.12296,1.12306,488
2026-10-05T05:05:00+00:00,1.12306,1.12311,1.12271,1.12272,533
2026-10-05T05:10:00+00:00,1.12271,1.12281,1.12234,1.12242,768
2026-10-05T05:15:00+00:00,1.12242,1.12247,1.12125,1.12138,924
2026-10-05T05:20:00+00:00,1.12138,1.12156,1.12087,1.12137,1189
2026-10-05T05:25:00+00:00,1.12136,1.12144,1.12090,1.12097,463
2026-10-05T05:30:00+00:00,1.12098,1.12137,1.12097,1.12098,441
2026-10-05T05:35:00+00:00,1.12098,1.12101,1.12069,1.12071,892
2026-10-05T05:40:00+00:00,1.12071,1.12075,1.12031,1.12051,1097
2026-10-05T05:45:00+00:00,1.12051,1.12067,1.11852,1.11873,1908
2026-10-05T05:50:00+00:00,1.11873,1.11951,1.11838,1.11845,1602
2026-10-05T05:55:00+00:00,1.11845,1.11845,1.11667,1.11710,2423
2026-10-05T06:00:00+00:00,1.11710,1.11835,1.11710,1.11737,1510
2026-10-05T06:05:00+00:00,1.11737,1.11755,1.11612,1.11726,1693
2026-10-05T06:10:00+00:00,1.11726,1.11799,1.11714,1.11788,1336
2026-10-05T06:15:00+00:00,1.11789,1.11828,1.11776,1.11815,831
2026-10-05T06:20:00+00:00,1.11815,1.11841,1.11798,1.11827,810
2026-10-05T06:25:00+00:00,1.11828,1.11868,1.11815,1.11859,494
2026-10-05T06:30:00+00:00,1.11859,1.11859,1.11810,1.11811,537
2026-10-05T06:35:00+00:00,1.11811,1.11811,1.11747,1.11768,853
2026-10-05T06:40:00+00:00,1.11768,1.11774,1.11710,1.11736,740
2026-10-05T06:45:00+00:00,1.11735,1.11749,1.11699,1.11704,654
2026-10-05T06:50:00+00:00,1.11704,1.11704,1.11664,1.11686,631
2026-10-05T06:55:00+00:00,1.11686,1.11709,1.11658,1.11658,627
2026-10-05T07:00:00+00:00,1.11659,1.11669,1.11625,1.11626,694
2026-10-05T07:05:00+00:00,1.11626,1.11726,1.11612,1.11712,753
2026-10-05T07:10:00+00:00,1.11712,1.11728,1.11687,1.11687,609
2026-10-05T07:15:00+00:00,1.11686,1.11710,1.11662,1.11669,590
2026-10-05T07:20:00+00:00,1.11669,1.11686,1.11626,1.11663,655
2026-10-05T07:25:00+00:00,1.11663,1.11679,1.11626,1.11645,699
2026-10-05T07:30:00+00:00,1.11647,1.11727,1.11647,1.11709,609
2026-10-05T07:35:00+00:00,1.11709,1.11740,1.11689,1.11735,432
2026-10-05T07:40:00+00:00,1.11735,1.11775,1.11734,1.11768,461
2026-10-05T07:45:00+00:00,1.11768,1.11788,1.11753,1.11785,341
2026-10-05T07:50:00+00:00,1.11785,1.11802,1.11780,1.11788,335
2026-10-05T07:55:00+00:00,1.11788,1.11827,1.11782,1.11826,410
2026-10-05T08:00:00+00:00,1.11826,1.11852,1.11789,1.11805,666
2026-10-05T08:05:00+00:00,1.11805,1.11851,1.11805,1.11830,545
2026-10-05T08:10:00+00:00,1.11830,1.11854,1.11812,1.11851,398
2026-10-05T08:15:00+00:00,1.11851,1.11858,1.11843,1.11848,323
2026-10-05T08:20:00+00:00,1.11848,1.11884,1.11834,1.11882,507
2026-10-05T08:25:00+00:00,1.11882,1.11891,1.11858,1.11859,302
2026-10-05T08:30:00+00:00,1.11859,1.11890,1.11841,1.11874,428
2026-10-05T08:35:00+00:00,1.11874,1.11896,1.11866,1.11888,346
2026-10-05T08:40:00+00:00,1.11888,1.11894,1.11882,1.11892,295
2026-10-05T08:45:00+00:00,1.11892,1.11913,1.11882,1.11904,306
2026-10-05T08:50:00+00:00,1.11904,1.11917,1.11884,1.11905,358
2026-10-05T08:55:00+00:00,1.11905,1.11929,1.11882,1.11921,624
2026-10-05T09:00:00+00:00,1.11920,1.11956,1.11915,1.11939,1133
2026-10-05T09:05:00+00:00,1.11939,1.11973,1.11926,1.11939,660
2026-10-05T09:10:00+00:00,1.11939,1.11975,1.11927,1.11937,908
2026-10-05T09:15:00+00:00,1.11937,1.11986,1.11936,1.11965,826
2026-10-05T09:20:00+00:00,1.11965,1.11968,1.11927,1.11929,782
2026-10-05T09:25:00+00:00,1.11929,1.11940,1.11861,1.11877,944
2026-10-05T09:30:00+00:00,1.11878,1.11878,1.11740,1.11764,1699
2026-10-05T09:35:00+00:00,1.11763,1.11800,1.11691,1.11765,2440
2026-10-05T09:40:00+00:00,1.11765,1.11846,1.11752,1.11813,1605
2026-10-05T09:45:00+00:00,1.11813,1.11865,1.11802,1.11857,1184
2026-10-05T09:50:00+00:00,1.11857,1.11875,1.11831,1.11874,1232
2026-10-05T09:55:00+00:00,1.11874,1.11914,1.11856,1.11909,1498
2026-10-05T10:00:00+00:00,1.11909,1.11930,1.11859,1.11915,1712
2026-10-05T10:05:00+00:00,1.11915,1.11949,1.11897,1.11933,1171
2026-10-05T10:10:00+00:00,1.11933,1.11945,1.11876,1.11933,1279
2026-10-05T10:15:00+00:00,1.11933,1.11942,1.11872,1.11887,1253
2026-10-05T10:20:00+00:00,1.11888,1.11925,1.11841,1.11853,1785
2026-10-05T10:25:00+00:00,1.11853,1.11910,1.11846,1.11900,1425
2026-10-05T10:30:00+00:00,1.11900,1.11983,1.11892,1.11979,1584
2026-10-05T10:35:00+00:00,1.11979,1.12008,1.11963,1.12008,1400
2026-10-05T10:40:00+00:00,1.12008,1.12072,1.11997,1.12037,1330
2026-10-05T10:45:00+00:00,1.12037,1.12078,1.12018,1.12024,1418
2026-10-05T10:50:00+00:00,1.12024,1.12065,1.12019,1.12026,1401
2026-10-05T10:55:00+00:00,1.12026,1.12069,1.12012,1.12014,1254
2026-10-05T11:00:00+00:00,1.12013,1.12036,1.11967,1.12001,2080
2026-10-05T11:05:00+00:00,1.12002,1.12038,1.11952,1.11973,1460
2026-10-05T11:10:00+00:00,1.11972,1.12056,1.11972,1.12052,1122
2026-10-05T11:15:00+00:00,1.12052,1.12064,1.12003,1.12027,1131
2026-10-05T11:20:00+00:00,1.12027,1.12047,1.11996,1.12042,1431
2026-10-05T11:25:00+00:00,1.12042,1.12077,1.12029,1.12040,1206
2026-10-05T11:30:00+00:00,1.12040,1.12084,1.12020,1.12038,1629
2026-10-05T11:35:00+00:00,1.12038,1.12080,1.12022,1.12080,1569
2026-10-05T11:40:00+00:00,1.12080,1.12099,1.12068,1.12092,1180
2026-10-05T11:45:00+00:00,1.12092,1.12148,1.12075,1.12133,2105
2026-10-05T11:50:00+00:00,1.12133,1.12169,1.12105,1.12107,1516
2026-10-05T11:55:00+00:00,1.12107,1.12124,1.12081,1.12109,1202
2026-10-05T12:00:00+00:00,1.12109,1.12120,1.12087,1.12100,882
2026-10-05T12:05:00+00:00,1.12100,1.12151,1.12085,1.12148,961
2026-10-05T12:10:00+00:00,1.12148,1.12185,1.12143,1.12174,747
2026-10-05T12:15:00+00:00,1.12174,1.12183,1.12128,1.12163,721
2026-10-05T12:20:00+00:00,1.12162,1.12184,1.12145,1.12181,760
2026-10-05T12:25:00+00:00,1.12181,1.12206,1.12181,1.12194,524
2026-10-05T12:30:00+00:00,1.12194,1.12208,1.12126,1.12151,732
2026-10-05T12:35:00+00:00,1.12151,1.12162,1.12137,1.12143,898
2026-10-05T12:40:00+00:00,1.12143,1.12150,1.12072,1.12072,982
2026-10-05T12:45:00+00:00,1.12073,1.12093,1.12040,1.12069,1165
2026-10-05T12:50:00+00:00,1.12069,1.12081,1.12043,1.12052,776
2026-10-05T12:55:00+00:00,1.12052,1.12081,1.12046,1.12074,779
2026-10-05T13:00:00+00:00,1.12074,1.12078,1.12050,1.12067,722
2026-10-05T13:05:00+00:00,1.12066,1.12092,1.12057,1.12069,783
2026-10-05T13:10:00+00:00,1.12068,1.12080,1.12047,1.12073,1038
2026-10-05T13:15:00+00:00,1.12073,1.12074,1.12012,1.12018,1176
2026-10-05T13:20:00+00:00,1.12019,1.12057,1.12011,1.12056,897
2026-10-05T13:25:00+00:00,1.12055,1.12082,1.12045,1.12052,945
2026-10-05T13:30:00+00:00,1.12051,1.12072,1.12046,1.12054,662
2026-10-05T13:35:00+00:00,1.12054,1.12070,1.12047,1.12051,701
2026-10-05T13:40:00+00:00,1.12052,1.12071,1.12035,1.12045,730
2026-10-05T13:45:00+00:00,1.12046,1.12057,1.12032,1.12041,858
2026-10-05T13:50:00+00:00,1.12041,1.12050,1.11997,1.12010,952
2026-10-05T13:55:00+00:00,1.12011,1.12060,1.11985,1.11997,1673
2026-10-05T14:00:00+00:00,1.11998,1.12034,1.11992,1.12019,1290
2026-10-05T14:05:00+00:00,1.12019,1.12030,1.11970,1.11978,695
2026-10-05T14:10:00+00:00,1.11978,1.11997,1.11962,1.11968,734
2026-10-05T14:15:00+00:00,1.11968,1.12022,1.11961,1.12016,1160
2026-10-05T14:20:00+00:00,1.12017,1.12051,1.11982,1.12044,1151
2026-10-05T14:25:00+00:00,1.12044,1.12141,1.12032,1.12135,1688
2026-10-05T14:30:00+00:00,1.12135,1.12174,1.12078,1.12080,1733
2026-10-05T14:35:00+00:00,1.12080,1.12098,1.12047,1.12064,1128
2026-10-05T14:40:00+00:00,1.12064,1.12090,1.12030,1.12060,1204
2026-10-05T14:45:00+00:00,1.12061,1.12099,1.12048,1.12092,1180
2026-10-05T14:50:00+00:00,1.12093,1.12106,1.12050,1.12067,976
2026-10-05T14:55:00+00:00,1.12067,1.12067,1.12032,1.12057,1044
2026-10-05T15:00:00+00:00,1.12057,1.12070,1.12042,1.12046,1135
2026-10-05T15:05:00+00:00,1.12046,1.12062,1.12022,1.12036,1197
2026-10-05T15:10:00+00:00,1.12036,1.12053,1.12012,1.12023,1184
2026-10-05T15:15:00+00:00,1.12024,1.12054,1.12009,1.12025,789
2026-10-05T15:20:00+00:00,1.12024,1.12037,1.11985,1.12021,1066
2026-10-05T15:25:00+00:00,1.12021,1.12105,1.12020,1.12105,812
2026-10-05T15:30:00+00:00,1.12105,1.12137,1.12099,1.12108,1011
2026-10-05T15:35:00+00:00,1.12108,1.12119,1.12079,1.12082,1260
2026-10-05T15:40:00+00:00,1.12082,1.12087,1.12058,1.12085,952
2026-10-05T15:45:00+00:00,1.12085,1.12093,1.12031,1.12035,1151
2026-10-05T15:50:00+00:00,1.12035,1.12102,1.12033,1.12090,1109
2026-10-05T15:55:00+00:00,1.12090,1.12123,1.12052,1.12103,1309
2026-10-05T16:00:00+00:00,1.12104,1.12138,1.12094,1.12106,1143
2026-10-05T16:05:00+00:00,1.12106,1.12116,1.12048,1.12055,1404
2026-10-05T16:10:00+00:00,1.12055,1.12062,1.12022,1.12039,1261
2026-10-05T16:15:00+00:00,1.12039,1.12074,1.12012,1.12055,1214
2026-10-05T16:20:00+00:00,1.12055,1.12083,1.12028,1.12041,1230
2026-10-05T16:25:00+00:00,1.12041,1.12052,1.12006,1.12020,1360
2026-10-05T16:30:00+00:00,1.12020,1.12021,1.11957,1.11970,1876
2026-10-05T16:35:00+00:00,1.11969,1.11977,1.11912,1.11932,1522
2026-10-05T16:40:00+00:00,1.11931,1.11940,1.11918,1.11930,1052
2026-10-05T16:45:00+00:00,1.11930,1.11930,1.11875,1.11919,1678
2026-10-05T16:50:00+00:00,1.11919,1.11937,1.11877,1.11901,1526
2026-10-05T16:55:00+00:00,1.11901,1.11906,1.11878,1.11894,1151
2026-10-05T17:00:00+00:00,1.11894,1.11975,1.11879,1.11940,2494
2026-10-05T17:05:00+00:00,1.11940,1.11970,1.11883,1.11957,2582
2026-10-05T17:10:00+00:00,1.11957,1.11978,1.11918,1.11921,1849
2026-10-05T17:15:00+00:00,1.11921,1.11937,1.11879,1.11911,1649
2026-10-05T17:20:00+00:00,1.11911,1.11935,1.11864,1.11882,1836
2026-10-05T17:25:00+00:00,1.11882,1.11936,1.11882,1.11926,1432
2026-10-05T17:30:00+00:00,1.11926,1.11973,1.11910,1.11942,1799
2026-10-05T17:35:00+00:00,1.11942,1.11942,1.11914,1.11932,1347
2026-10-05T17:40:00+00:00,1.11932,1.12008,1.11924,1.12001,1409
2026-10-05T17:45:00+00:00,1.12001,1.12043,1.11989,1.12014,1278
2026-10-05T17:50:00+00:00,1.12014,1.12075,1.12011,1.12064,1263
2026-10-05T17:55:00+00:00,1.12064,1.12087,1.12048,1.12069,1633
2026-10-05T18:00:00+00:00,1.12069,1.12124,1.12069,1.12120,1365
2026-10-05T18:05:00+00:00,1.12121,1.12164,1.12112,1.12120,1311
2026-10-05T18:10:00+00:00,1.12120,1.12148,1.12099,1.12134,1539
2026-10-05T18:15:00+00:00,1.12135,1.12137,1.12090,1.12115,1419
2026-10-05T18:20:00+00:00,1.12115,1.12127,1.12089,1.12108,1448
2026-10-05T18:25:00+00:00,1.12108,1.12137,1.12089,1.12119,1033
2026-10-05T18:30:00+00:00,1.12119,1.12137,1.12104,1.12119,1145
2026-10-05T18:35:00+00:00,1.12119,1.12136,1.12088,1.12129,1108
2026-10-05T18:40:00+00:00,1.12129,1.12131,1.12099,1.12106,896
2026-10-05T18:45:00+00:00,1.12104,1.12105,1.12078,1.12088,1086
2026-10-05T18:50:00+00:00,1.12088,1.12110,1.12083,1.12099,488
2026-10-05T18:55:00+00:00,1.12101,1.12127,1.12096,1.12110,918
2026-10-05T19:00:00+00:00,1.12110,1.12111,1.12084,1.12094,886
2026-10-05T19:05:00+00:00,1.12094,1.12095,1.12058,1.12089,804
2026-10-05T19:10:00+00:00,1.12089,1.12093,1.12036,1.12050,817
2026-10-05T19:15:00+00:00,1.12050,1.12079,1.12041,1.12043,700
2026-10-05T19:20:00+00:00,1.12043,1.12060,1.12038,1.12041,761
2026-10-05T19:25:00+00:00,1.12041,1.12042,1.12007,1.12020,870
2026-10-05T19:30:00+00:00,1.12020,1.12043,1.12016,1.12036,596
2026-10-05T19:35:00+00:00,1.12036,1.12049,1.12026,1.12038,576
2026-10-05T19:40:00+00:00,1.12038,1.12059,1.12034,1.12045,440
2026-10-05T19:45:00+00:00,1.12045,1.12048,1.12018,1.12020,482
2026-10-05T19:50:00+00:00,1.12021,1.12051,1.12013,1.12043,498
2026-10-05T19:55:00+00:00,1.12043,1.12059,1.12024,1.12025,811
2026-10-05T20:00:00+00:00,1.12025,1.12040,1.12007,1.12007,804
2026-10-05T20:05:00+00:00,1.12007,1.12022,1.11975,1.11978,666
2026-10-05T20:10:00+00:00,1.11977,1.11989,1.11973,1.11985,452
2026-10-05T20:15:00+00:00,1.11985,1.12025,1.11985,1.12025,584
2026-10-05T20:20:00+00:00,1.12025,1.12045,1.12024,1.12035,500
2026-10-05T20:25:00+00:00,1.12035,1.12058,1.12029,1.12055,325
2026-10-05T20:30:00+00:00,1.12055,1.12067,1.12044,1.12064,445
2026-10-05T20:35:00+00:00,1.12064,1.12066,1.12045,1.12054,358
2026-10-05T20:40:00+00:00,1.12054,1.12062,1.12044,1.12051,340
2026-10-05T20:45:00+00:00,1.12051,1.12065,1.12049,1.12064,241
2026-10-05T20:50:00+00:00,1.12064,1.12064,1.12044,1.12045,292
2026-10-05T20:55:00+00:00,1.12045,1.12107,1.12045,1.12105,842
2026-10-05T21:00:00+00:00,1.12105,1.12131,1.12105,1.12130,655
2026-10-05T21:05:00+00:00,1.12130,1.12164,1.12129,1.12152,633
2026-10-05T21:10:00+00:00,1.12152,1.12157,1.12119,1.12120,466
2026-10-05T21:15:00+00:00,1.12120,1.12130,1.12104,1.12115,569
2026-10-05T21:20:00+00:00,1.12115,1.12117,1.12105,1.12109,409
2026-10-05T21:25:00+00:00,1.12109,1.12165,1.12105,1.12144,1040
2026-10-05T21:30:00+00:00,1.12145,1.12154,1.12131,1.12139,800
2026-10-05T21:35:00+00:00,1.12139,1.12156,1.12128,1.12139,578
2026-10-05T21:40:00+00:00,1.12139,1.12143,1.12128,1.12130,383
2026-10-05T21:45:00+00:00,1.12130,1.12149,1.12128,1.12144,438
2026-10-05T21:50:00+00:00,1.12143,1.12148,1.12130,1.12138,500
2026-10-05T21:55:00+00:00,1.12139,1.12161,1.12137,1.12152,843
2026-10-05T22:00:00+00:00,1.12153,1.12162,1.12138,1.12158,694
2026-10-05T22:05:00+00:00,1.12158,1.12171,1.12137,1.12142,565
2026-10-05T22:10:00+00:00,1.12142,1.12158,1.12141,1.12151,392
2026-10-05T22:15:00+00:00,1.12151,1.12178,1.12148,1.12168,370
2026-10-05T22:20:00+00:00,1.12168,1.12186,1.12163,1.12185,427
2026-10-05T22:25:00+00:00,1.12185,1.12207,1.12175,1.12185,447
2026-10-05T22:30:00+00:00,1.12185,1.12189,1.12170,1.12188,620
2026-10-05T22:35:00+00:00,1.12189,1.12196,1.12184,1.12191,298
2026-10-05T22:40:00+00:00,1.12191,1.12206,1.12189,1.12190,257
2026-10-05T22:45:00+00:00,1.12190,1.12192,1.12174,1.12185,259
2026-10-05T22:50:00+00:00,1.12186,1.12191,1.12180,1.12185,285
2026-10-05T22:55:00+00:00,1.12185,1.12201,1.12170,1.12200,532
2026-10-05T23:00:00+00:00,1.12200,1.12206,1.12184,1.12190,304
2026-10-05T23:05:00+00:00,1.12191,1.12195,1.12183,1.12195,150
2026-10-05T23:10:00+00:00,1.12195,1.12196,1.12185,1.12187,116
2026-10-05T23:15:00+00:00,1.12186,1.12191,1.12175,1.12180,80
2026-10-05T23:20:00+00:00,1.12180,1.12183,1.12171,1.12180,144
2026-10-05T23:25:00+00:00,1.12180,1.12196,1.12173,1.12181,126
2026-10-05T23:30:00+00:00,1.12181,1.12186,1.12174,1.12186,84
2026-10-05T23:35:00+00:00,1.12186,1.12204,1.12185,1.12194,187
2026-10-05T23:40:00+00:00,1.12194,1.12204,1.12189,1.12200,101
2026-10-05T23:45:00+00:00,1.12200,1.12219,1.12200,1.12211,234
2026-10-05T23:50:00+00:00,1.12211,1.12252,1.12208,1.12210,352
2026-10-05T23:55:00+00:00,1.12210,1.12244,1.12209,1.12227,507
2026-10-06T00:00:00+00:00,1.12218,1.12225,1.12171,1.12219,614
2026-10-06T00:05:00+00:00,1.12203,1.12224,1.12195,1.12219,755
2026-10-06T00:10:00+00:00,1.12219,1.12226,1.12210,1.12222,175
2026-10-06T00:15:00+00:00,1.12222,1.12229,1.12207,1.12210,65
2026-10-06T00:20:00+00:00,1.12210,1.12217,1.12206,1.12209,33
2026-10-06T00:25:00+00:00,1.12209,1.12212,1.12201,1.12211,85
2026-10-06T00:30:00+00:00,1.12211,1.12212,1.12191,1.12195,230
2026-10-06T00:35:00+00:00,1.12195,1.12201,1.12195,1.12197,26
2026-10-06T00:40:00+00:00,1.12198,1.12217,1.12198,1.12204,84
2026-10-06T00:45:00+00:00,1.12204,1.12217,1.12204,1.12216,82
2026-10-06T00:50:00+00:00,1.12216,1.12226,1.12205,1.12216,261
2026-10-06T00:55:00+00:00,1.12216,1.12218,1.12203,1.12215,412
2026-10-06T01:00:00+00:00,1.12215,1.12242,1.12203,1.12230,995
2026-10-06T01:05:00+00:00,1.12230,1.12230,1.12214,1.12221,191
2026-10-06T01:10:00+00:00,1.12221,1.12221,1.12213,1.12215,116
2026-10-06T01:15:00+00:00,1.12215,1.12216,1.12210,1.12215,92
2026-10-06T01:20:00+00:00,1.12215,1.12215,1.12209,1.12209,67
2026-10-06T01:25:00+00:00,1.12209,1.12212,1.12204,1.12211,62
2026-10-06T01:30:00+00:00,1.12211,1.12223,1.12211,1.12216,60
2026-10-06T01:35:00+00:00,1.12216,1.12216,1.12206,1.12206,72
2026-10-06T01:40:00+00:00,1.12206,1.12211,1.12201,1.12205,66
2026-10-06T01:45:00+00:00,1.12205,1.12211,1.12199,1.12211,138
2026-10-06T01:50:00+00:00,1.12211,1.12214,1.12208,1.12209,60
2026-10-06T01:55:00+00:00,1.12209,1.12212,1.12200,1.12201,79
2026-10-06T02:00:00+00:00,1.12201,1.12206,1.12182,1.12183,257
2026-10-06T02:05:00+00:00,1.12183,1.12187,1.12175,1.12182,145
2026-10-06T02:10:00+00:00,1.12182,1.12189,1.12181,1.12188,140
2026-10-06T02:15:00+00:00,1.12188,1.12201,1.12188,1.12197,145
2026-10-06T02:20:00+00:00,1.12197,1.12207,1.12196,1.12206,80
2026-10-06T02:25:00+00:00,1.12206,1.12207,1.12201,1.12205,54
2026-10-06T02:30:00+00:00,1.12205,1.12215,1.12202,1.12205,92
2026-10-06T02:35:00+00:00,1.12205,1.12208,1.12200,1.12206,58
2026-10-06T02:40:00+00:00,1.12206,1.12217,1.12205,1.12216,66
2026-10-06T02:45:00+00:00,1.12216,1.12216,1.12197,1.12201,126
2026-10-06T02:50:00+00:00,1.12201,1.12203,1.12185,1.12189,141
2026-10-06T02:55:00+00:00,1.12189,1.12190,1.12165,1.12167,391
2026-10-06T03:00:00+00:00,1.12166,1.12173,1.12147,1.12153,446
2026-10-06T03:05:00+00:00,1.12153,1.12154,1.12134,1.12149,353
2026-10-06T03:10:00+00:00,1.12149,1.12167,1.12149,1.12156,331
2026-10-06T03:15:00+00:00,1.12156,1.12172,1.12151,1.12166,471
2026-10-06T03:20:00+00:00,1.12166,1.12166,1.12146,1.12150,312
2026-10-06T03:25:00+00:00,1.12150,1.12155,1.12143,1.12148,291
2026-10-06T03:30:00+00:00,1.12148,1.12163,1.12145,1.12160,408
2026-10-06T03:35:00+00:00,1.12160,1.12167,1.12145,1.12159,277
2026-10-06T03:40:00+00:00,1.12160,1.12171,1.12156,1.12168,257
2026-10-06T03:45:00+00:00,1.12168,1.12182,1.12167,1.12180,236
2026-10-06T03:50:00+00:00,1.12180,1.12190,1.12174,1.12186,264
2026-10-06T03:55:00+00:00,1.12186,1.12233,1.12183,1.12230,472
2026-10-06T04:00:00+00:00,1.12230,1.12292,1.12225,1.12259,1367
2026-10-06T04:05:00+00:00,1.12259,1.12263,1.12253,1.12262,313
2026-10-06T04:10:00+00:00,1.12262,1.12273,1.12254,1.12265,478
2026-10-06T04:15:00+00:00,1.12265,1.12267,1.12249,1.12260,469
2026-10-06T04:20:00+00:00,1.12260,1.12285,1.12259,1.12282,464
2026-10-06T04:25:00+00:00,1.12282,1.12301,1.12275,1.12295,464
2026-10-06T04:30:00+00:00,1.12295,1.12312,1.12290,1.12290,447
2026-10-06T04:35:00+00:00,1.12290,1.12292,1.12251,1.12264,450
2026-10-06T04:40:00+00:00,1.12264,1.12265,1.12245,1.12251,328
2026-10-06T04:45:00+00:00,1.12250,1.12252,1.12238,1.12238,393
2026-10-06T04:50:00+00:00,1.12238,1.12239,1.12188,1.12190,459
2026-10-06T04:55:00+00:00,1.12189,1.12207,1.12172,1.12194,657
2026-10-06T05:00:00+00:00,1.12194,1.12202,1.12180,1.12180,333
2026-10-06T05:05:00+00:00,1.12180,1.12180,1.12160,1.12160,491
2026-10-06T05:10:00+00:00,1.12160,1.12165,1.12143,1.12143,371
2026-10-06T05:15:00+00:00,1.12143,1.12157,1.12140,1.12152,429
2026-10-06T05:20:00+00:00,1.12152,1.12164,1.12151,1.12159,379
2026-10-06T05:25:00+00:00,1.12159,1.12169,1.12158,1.12167,363
2026-10-06T05:30:00+00:00,1.12168,1.12171,1.12134,1.12135,545
2026-10-06T05:35:00+00:00,1.12135,1.12148,1.12125,1.12137,460
2026-10-06T05:40:00+00:00,1.12137,1.12137,1.12123,1.12129,294
2026-10-06T05:45:00+00:00,1.12129,1.12146,1.12124,1.12142,249
2026-10-06T05:50:00+00:00,1.12142,1.12148,1.12138,1.12141,212
2026-10-06T05:55:00+00:00,1.12142,1.12145,1.12132,1.12144,327
2026-10-06T06:00:00+00:00,1.12144,1.12148,1.12126,1.12131,410
2026-10-06T06:05:00+00:00,1.12131,1.12149,1.12131,1.12147,256
2026-10-06T06:10:00+00:00,1.12147,1.12174,1.12147,1.12171,236
2026-10-06T06:15:00+00:00,1.12171,1.12191,1.12166,1.12176,298
2026-10-06T06:20:00+00:00,1.12176,1.12196,1.12176,1.12190,249
2026-10-06T06:25:00+00:00,1.12190,1.12210,1.12190,1.12203,241
2026-10-06T06:30:00+00:00,1.12202,1.12213,1.12198,1.12199,247
2026-10-06T06:35:00+00:00,1.12199,1.12212,1.12189,1.12197,371
2026-10-06T06:40:00+00:00,1.12197,1.12247,1.12197,1.12236,376
2026-10-06T06:45:00+00:00,1.12236,1.12249,1.12229,1.12231,256
2026-10-06T06:50:00+00:00,1.12231,1.12246,1.12218,1.12241,264
2026-10-06T06:55:00+00:00,1.12241,1.12242,1.12219,1.12221,342
2026-10-06T07:00:00+00:00,1.12221,1.12228,1.12205,1.12218,357
2026-10-06T07:05:00+00:00,1.12218,1.12221,1.12194,1.12199,234
2026-10-06T07:10:00+00:00,1.12200,1.12203,1.12176,1.12187,338
2026-10-06T07:15:00+00:00,1.12186,1.12196,1.12183,1.12185,173
2026-10-06T07:20:00+00:00,1.12185,1.12189,1.12169,1.12182,246
2026-10-06T07:25:00+00:00,1.12182,1.12192,1.12176,1.12190,327
2026-10-06T07:30:00+00:00,1.12190,1.12216,1.12186,1.12211,186
2026-10-06T07:35:00+00:00,1.12211,1.12214,1.12191,1.12198,390
2026-10-06T07:40:00+00:00,1.12198,1.12208,1.12185,1.12203,453
2026-10-06T07:45:00+00:00,1.12202,1.12204,1.12181,1.12187,385
2026-10-06T07:50:00+00:00,1.12187,1.12203,1.12185,1.12190,441
2026-10-06T07:55:00+00:00,1.12190,1.12191,1.12169,1.12169,436
2026-10-06T08:00:00+00:00,1.12170,1.12174,1.12158,1.12170,365
2026-10-06T08:05:00+00:00,1.12170,1.12175,1.12158,1.12170,245
2026-10-06T08:10:00+00:00,1.12170,1.12192,1.12168,1.12184,257
2026-10-06T08:15:00+00:00,1.12185,1.12198,1.12169,1.12170,407
2026-10-06T08:20:00+00:00,1.12170,1.12173,1.12150,1.12160,348
2026-10-06T08:25:00+00:00,1.12160,1.12161,1.12140,1.12159,424
2026-10-06T08:30:00+00:00,1.12159,1.12175,1.12144,1.12153,397
2026-10-06T08:35:00+00:00,1.12153,1.12163,1.12153,1.12158,273
2026-10-06T08:40:00+00:00,1.12158,1.12158,1.12144,1.12146,162
2026-10-06T08:45:00+00:00,1.12146,1.12151,1.12140,1.12142,263
2026-10-06T08:50:00+00:00,1.12142,1.12143,1.12119,1.12131,371
2026-10-06T08:55:00+00:00,1.12131,1.12150,1.12122,1.12141,464
2026-10-06T09:00:00+00:00,1.12141,1.12141,1.12103,1.12103,545
2026-10-06T09:05:00+00:00,1.12103,1.12113,1.12054,1.12056,767
2026-10-06T09:10:00+00:00,1.12056,1.12064,1.12031,1.12032,645
2026-10-06T09:15:00+00:00,1.12031,1.12079,1.12029,1.12064,983
2026-10-06T09:20:00+00:00,1.12065,1.12076,1.12054,1.12061,717
2026-10-06T09:25:00+00:00,1.12061,1.12079,1.12051,1.12079,812
2026-10-06T09:30:00+00:00,1.12079,1.12086,1.12049,1.12068,1097
2026-10-06T09:35:00+00:00,1.12069,1.12105,1.12061,1.12103,895
2026-10-06T09:40:00+00:00,1.12103,1.12103,1.12051,1.12058,769
2026-10-06T09:45:00+00:00,1.12058,1.12091,1.12043,1.12089,955
2026-10-06T09:50:00+00:00,1.12089,1.12106,1.12088,1.12105,609
2026-10-06T09:55:00+00:00,1.12107,1.12121,1.12088,1.12104,685
2026-10-06T10:00:00+00:00,1.12104,1.12137,1.12081,1.12116,1231
2026-10-06T10:05:00+00:00,1.12116,1.12119,1.12029,1.12037,1114
2026-10-06T10:10:00+00:00,1.12037,1.12146,1.12031,1.12144,1061
2026-10-06T10:15:00+00:00,1.12144,1.12235,1.12144,1.12196,2128
2026-10-06T10:20:00+00:00,1.12196,1.12209,1.12160,1.12172,1247
2026-10-06T10:25:00+00:00,1.12172,1.12179,1.12141,1.12147,1125
2026-10-06T10:30:00+00:00,1.12147,1.12241,1.12114,1.12218,1463
2026-10-06T10:35:00+00:00,1.12219,1.12266,1.12216,1.12261,1145
2026-10-06T10:40:00+00:00,1.12261,1.12316,1.12261,1.12301,1324
2026-10-06T10:45:00+00:00,1.12302,1.12306,1.12265,1.12285,1440
2026-10-06T10:50:00+00:00,1.12285,1.12377,1.12283,1.12357,1413
2026-10-06T10:55:00+00:00,1.12358,1.12430,1.12332,1.12408,1566
2026-10-06T11:00:00+00:00,1.12407,1.12426,1.12366,1.12382,1435
2026-10-06T11:05:00+00:00,1.12382,1.12390,1.12284,1.12315,1599
2026-10-06T11:10:00+00:00,1.12315,1.12328,1.12281,1.12292,1222
2026-10-06T11:15:00+00:00,1.12293,1.12307,1.12263,1.12282,1025
2026-10-06T11:20:00+00:00,1.12282,1.12296,1.12260,1.12292,932
2026-10-06T11:25:00+00:00,1.12292,1.12305,1.12272,1.12299,832
2026-10-06T11:30:00+00:00,1.12299,1.12365,1.12298,1.12358,932
2026-10-06T11:35:00+00:00,1.12358,1.12424,1.12351,1.12421,955
2026-10-06T11:40:00+00:00,1.12421,1.12469,1.12402,1.12453,1268
2026-10-06T11:45:00+00:00,1.12453,1.12465,1.12392,1.12393,1133
2026-10-06T11:50:00+00:00,1.12393,1.12430,1.12387,1.12403,792
2026-10-06T11:55:00+00:00,1.12403,1.12428,1.12380,1.12427,816
2026-10-06T12:00:00+00:00,1.12427,1.12465,1.12426,1.12433,866
2026-10-06T12:05:00+00:00,1.12433,1.12436,1.12390,1.12396,796
2026-10-06T12:10:00+00:00,1.12396,1.12414,1.12351,1.12351,789
2026-10-06T12:15:00+00:00,1.12351,1.12383,1.12351,1.12381,847
2026-10-06T12:20:00+00:00,1.12381,1.12381,1.12345,1.12369,802
2026-10-06T12:25:00+00:00,1.12369,1.12410,1.12360,1.12407,823
2026-10-06T12:30:00+00:00,1.12407,1.12464,1.12382,1.12456,1346
2026-10-06T12:35:00+00:00,1.12456,1.12467,1.12428,1.12433,1153
2026-10-06T12:40:00+00:00,1.12434,1.12443,1.12404,1.12413,877
2026-10-06T12:45:00+00:00,1.12414,1.12426,1.12400,1.12415,713
2026-10-06T12:50:00+00:00,1.12415,1.12482,1.12406,1.12416,1175
2026-10-06T12:55:00+00:00,1.12416,1.12440,1.12408,1.12418,846
2026-10-06T13:00:00+00:00,1.12418,1.12471,1.12416,1.12462,803
2026-10-06T13:05:00+00:00,1.12462,1.12485,1.12456,1.12474,479
2026-10-06T13:10:00+00:00,1.12474,1.12474,1.12413,1.12427,1028
2026-10-06T13:15:00+00:00,1.12427,1.12468,1.12412,1.12465,677
2026-10-06T13:20:00+00:00,1.12464,1.12481,1.12441,1.12458,747
2026-10-06T13:25:00+00:00,1.12458,1.12459,1.12438,1.12449,586
2026-10-06T13:30:00+00:00,1.12449,1.12462,1.12420,1.12447,701
2026-10-06T13:35:00+00:00,1.12447,1.12460,1.12434,1.12435,627
2026-10-06T13:40:00+00:00,1.12435,1.12442,1.12417,1.12436,747
2026-10-06T13:45:00+00:00,1.12436,1.12446,1.12421,1.12437,687
2026-10-06T13:50:00+00:00,1.12437,1.12449,1.12425,1.12431,553
2026-10-06T13:55:00+00:00,1.12431,1.12442,1.12412,1.12427,733
2026-10-06T14:00:00+00:00,1.12427,1.12444,1.12415,1.12422,641
2026-10-06T14:05:00+00:00,1.12422,1.12442,1.12410,1.12437,616
2026-10-06T14:10:00+00:00,1.12437,1.12527,1.12430,1.12516,932
2026-10-06T14:15:00+00:00,1.12516,1.12571,1.12511,1.12563,1173
2026-10-06T14:20:00+00:00,1.12563,1.12599,1.12553,1.12589,922
2026-10-06T14:25:00+00:00,1.12590,1.12668,1.12584,1.12626,1619
2026-10-06T14:30:00+00:00,1.12625,1.12655,1.12612,1.12612,1254
2026-10-06T14:35:00+00:00,1.12612,1.12619,1.12585,1.12616,973
2026-10-06T14:40:00+00:00,1.12616,1.12709,1.12615,1.12692,1590
2026-10-06T14:45:00+00:00,1.12692,1.12706,1.12663,1.12703,1195
2026-10-06T14:50:00+00:00,1.12703,1.12718,1.12695,1.12697,1006
2026-10-06T14:55:00+00:00,1.12697,1.12703,1.12640,1.12681,1528
2026-10-06T15:00:00+00:00,1.12682,1.12768,1.12678,1.12760,1442
2026-10-06T15:05:00+00:00,1.12760,1.12760,1.12661,1.12691,1441
2026-10-06T15:10:00+00:00,1.12691,1.12768,1.12673,1.12748,1366
2026-10-06T15:15:00+00:00,1.12748,1.12749,1.12690,1.12708,1384
2026-10-06T15:20:00+00:00,1.12708,1.12746,1.12696,1.12706,1457
2026-10-06T15:25:00+00:00,1.12706,1.12706,1.12623,1.12631,1169
2026-10-06T15:30:00+00:00,1.12631,1.12648,1.12619,1.12625,1028
2026-10-06T15:35:00+00:00,1.12625,1.12648,1.12616,1.12629,1253
2026-10-06T15:40:00+00:00,1.12629,1.12635,1.12606,1.12615,1128
2026-10-06T15:45:00+00:00,1.12615,1.12621,1.12571,1.12579,1354
2026-10-06T15:50:00+00:00,1.12579,1.12634,1.12564,1.12592,2074
2026-10-06T15:55:00+00:00,1.12592,1.12604,1.12573,1.12588,1100
2026-10-06T16:00:00+00:00,1.12588,1.12638,1.12575,1.12611,1397
2026-10-06T16:05:00+00:00,1.12610,1.12652,1.12602,1.12649,1138
2026-10-06T16:10:00+00:00,1.12649,1.12662,1.12627,1.12633,1061
2026-10-06T16:15:00+00:00,1.12633,1.12633,1.12565,1.12570,1302
2026-10-06T16:20:00+00:00,1.12570,1.12596,1.12536,1.12539,1209
2026-10-06T16:25:00+00:00,1.12540,1.12549,1.12514,1.12541,1210
2026-10-06T16:30:00+00:00,1.12541,1.12557,1.12517,1.12527,1641
2026-10-06T16:35:00+00:00,1.12527,1.12557,1.12492,1.12502,1223
2026-10-06T16:40:00+00:00,1.12502,1.12511,1.12478,1.12507,1098
2026-10-06T16:45:00+00:00,1.12507,1.12507,1.12469,1.12489,1290
2026-10-06T16:50:00+00:00,1.12489,1.12506,1.12479,1.12494,1070
2026-10-06T16:55:00+00:00,1.12493,1.12520,1.12491,1.12504,832
2026-10-06T17:00:00+00:00,1.12504,1.12554,1.12504,1.12537,1196
2026-10-06T17:05:00+00:00,1.12537,1.12568,1.12529,1.12551,1397
2026-10-06T17:10:00+00:00,1.12551,1.12567,1.12519,1.12526,1001
2026-10-06T17:15:00+00:00,1.12526,1.12551,1.12485,1.12486,1053
2026-10-06T17:20:00+00:00,1.12486,1.12511,1.12470,1.12485,969
2026-10-06T17:25:00+00:00,1.12485,1.12510,1.12481,1.12505,1003
2026-10-06T17:30:00+00:00,1.12505,1.12505,1.12479,1.12488,1113
2026-10-06T17:35:00+00:00,1.12488,1.12515,1.12479,1.12481,1072
2026-10-06T17:40:00+00:00,1.12481,1.12481,1.12447,1.12478,998
2026-10-06T17:45:00+00:00,1.12478,1.12541,1.12474,1.12525,1037
2026-10-06T17:50:00+00:00,1.12525,1.12573,1.12514,1.12560,1261
2026-10-06T17:55:00+00:00,1.12559,1.12583,1.12543,1.12575,1625
2026-10-06T18:00:00+00:00,1.12574,1.12589,1.12546,1.12571,1716
2026-10-06T18:05:00+00:00,1.12571,1.12609,1.12568,1.12595,1321
2026-10-06T18:10:00+00:00,1.12595,1.12618,1.12581,1.12616,895
2026-10-06T18:15:00+00:00,1.12616,1.12648,1.12606,1.12646,1034
2026-10-06T18:20:00+00:00,1.12646,1.12653,1.12630,1.12652,939
2026-10-06T18:25:00+00:00,1.12652,1.12667,1.12642,1.12648,831
2026-10-06T18:30:00+00:00,1.12647,1.12673,1.12633,1.12665,824
2026-10-06T18:35:00+00:00,1.12665,1.12694,1.12663,1.12672,668
2026-10-06T18:40:00+00:00,1.12672,1.12677,1.12647,1.12660,552
2026-10-06T18:45:00+00:00,1.12660,1.12673,1.12651,1.12656,640
2026-10-06T18:50:00+00:00,1.12656,1.12664,1.12638,1.12648,621
2026-10-06T18:55:00+00:00,1.12648,1.12656,1.12607,1.12616,683
2026-10-06T19:00:00+00:00,1.12616,1.12632,1.12605,1.12616,715
2026-10-06T19:05:00+00:00,1.12617,1.12626,1.12586,1.12586,650
2026-10-06T19:10:00+00:00,1.12587,1.12591,1.12566,1.12572,712
2026-10-06T19:15:00+00:00,1.12571,1.12588,1.12566,1.12577,606
2026-10-06T19:20:00+00:00,1.12577,1.12589,1.12575,1.12587,613
2026-10-06T19:25:00+00:00,1.12587,1.12588,1.12560,1.12564,613
2026-10-06T19:30:00+00:00,1.12564,1.12581,1.12558,1.12560,594
2026-10-06T19:35:00+00:00,1.12560,1.12568,1.12543,1.12551,414
2026-10-06T19:40:00+00:00,1.12551,1.12576,1.12547,1.12562,569
2026-10-06T19:45:00+00:00,1.12562,1.12568,1.12552,1.12565,576
2026-10-06T19:50:00+00:00,1.12565,1.12572,1.12551,1.12556,471
2026-10-06T19:55:00+00:00,1.12556,1.12575,1.12549,1.12575,675
2026-10-06T20:00:00+00:00,1.12575,1.12578,1.12554,1.12563,519
2026-10-06T20:05:00+00:00,1.12563,1.12599,1.12561,1.12596,589
2026-10-06T20:10:00+00:00,1.12596,1.12596,1.12559,1.12568,432
2026-10-06T20:15:00+00:00,1.12569,1.12574,1.12558,1.12569,443
2026-10-06T20:20:00+00:00,1.12569,1.12584,1.12556,1.12566,775
2026-10-06T20:25:00+00:00,1.12566,1.12585,1.12565,1.12580,478
2026-10-06T20:30:00+00:00,1.12580,1.12596,1.12577,1.12594,423
2026-10-06T20:35:00+00:00,1.12594,1.12615,1.12592,1.12604,307
2026-10-06T20:40:00+00:00,1.12604,1.12626,1.12602,1.12622,455
2026-10-06T20:45:00+00:00,1.12622,1.12624,1.12604,1.12618,394
2026-10-06T20:50:00+00:00,1.12619,1.12634,1.12614,1.12620,570
2026-10-06T20:55:00+00:00,1.12620,1.12650,1.12617,1.12645,606
2026-10-06T21:00:00+00:00,1.12645,1.12650,1.12628,1.12637,663
2026-10-06T21:05:00+00:00,1.12637,1.12653,1.12631,1.12648,393
2026-10-06T21:10:00+00:00,1.12648,1.12650,1.12638,1.12642,365
2026-10-06T21:15:00+00:00,1.12642,1.12645,1.12634,1.12636,306
2026-10-06T21:20:00+00:00,1.12636,1.12636,1.12605,1.12606,328
2026-10-06T21:25:00+00:00,1.12606,1.12612,1.12595,1.12598,564
2026-10-06T21:30:00+00:00,1.12597,1.12601,1.12577,1.12578,403
2026-10-06T21:35:00+00:00,1.12578,1.12582,1.12563,1.12568,332
