time,open,high,low,close,volume
2026-01-05T00:00:00+00:00,1.04993,1.05002,1.04982,1.05000,100
2026-01-05T00:05:00+00:00,1.05000,1.05015,1.04994,1.05011,100
2026-01-05T00:10:00+00:00,1.05011,1.05027,1.05008,1.05024,100
2026-01-05T00:15:00+00:00,1.05024,1.05047,1.05011,1.05044,100
2026-01-05T00:20:00+00:00,1.05044,1.05073,1.05040,1.05056,100
2026-01-05T00:25:00+00:00,1.05056,1.05071,1.05053,1.05071,100
2026-01-05T00:30:00+00:00,1.05071,1.05097,1.05061,1.05089,100
2026-01-05T00:35:00+00:00,1.05089,1.05110,1.05076,1.05090,100
2026-01-05T00:40:00+00:00,1.05090,1.05096,1.05077,1.05093,100
2026-01-05T00:45:00+00:00,1.05093,1.05127,1.05085,1.05108,100
2026-01-05T00:50:00+00:00,1.05108,1.05138,1.05106,1.05127,100
2026-01-05T00:55:00+00:00,1.05127,1.05140,1.05116,1.05133,100
2026-01-05T01:00:00+00:00,1.05133,1.05146,1.05129,1.05142,100
2026-01-05T01:05:00+00:00,1.05142,1.05177,1.05136,1.05168,100
2026-01-05T01:10:00+00:00,1.05168,1.05206,1.05168,1.05198,100
2026-01-05T01:15:00+00:00,1.05198,1.05221,1.05195,1.05211,100
2026-01-05T01:20:00+00:00,1.05211,1.05238,1.05201,1.05225,100
2026-01-05T01:25:00+00:00,1.05225,1.05232,1.05219,1.05219,100
2026-01-05T01:30:00+00:00,1.05219,1.05257,1.05219,1.05252,100
2026-01-05T01:35:00+00:00,1.05252,1.05299,1.05237,1.05285,100
2026-01-05T01:40:00+00:00,1.05285,1.05350,1.05271,1.05334,100
2026-01-05T01:45:00+00:00,1.05334,1.05359,1.05328,1.05353,100
2026-01-05T01:50:00+00:00,1.05353,1.05395,1.05351,1.05387,100
2026-01-05T01:55:00+00:00,1.05387,1.05423,1.05381,1.05422,100
2026-01-05T02:00:00+00:00,1.05422,1.05465,1.05411,1.05461,100
2026-01-05T02:05:00+00:00,1.05461,1.05500,1.05453,1.05496,100
2026-01-05T02:10:00+00:00,1.05496,1.05527,1.05479,1.05524,100
2026-01-05T02:15:00+00:00,1.05524,1.05565,1.05523,1.05559,100
2026-01-05T02:20:00+00:00,1.05559,1.05583,1.05550,1.05577,100
2026-01-05T02:25:00+00:00,1.05577,1.05598,1.05567,1.05585,100
2026-01-05T02:30:00+00:00,1.05585,1.05602,1.05583,1.05596,100
2026-01-05T02:35:00+00:00,1.05596,1.05599,1.05582,1.05587,100
2026-01-05T02:40:00+00:00,1.05587,1.05618,1.05580,1.05602,100
2026-01-05T02:45:00+00:00,1.05602,1.05608,1.05577,1.05594,100
2026-01-05T02:50:00+00:00,1.05594,1.05600,1.05546,1.05562,100
2026-01-05T02:55:00+00:00,1.05562,1.05566,1.05539,1.05548,100
2026-01-05T03:00:00+00:00,1.05548,1.05571,1.05538,1.05560,100
2026-01-05T03:05:00+00:00,1.05560,1.05567,1.05550,1.05552,100
2026-01-05T03:10:00+00:00,1.05552,1.05575,1.05542,1.05572,100
2026-01-05T03:15:00+00:00,1.05572,1.05583,1.05555,1.05560,100
2026-01-05T03:20:00+00:00,1.05560,1.05575,1.05555,1.05557,100
2026-01-05T03:25:00+00:00,1.05557,1.05565,1.05549,1.05564,100
2026-01-05T03:30:00+00:00,1.05564,1.05576,1.05558,1.05572,100
2026-01-05T03:35:00+00:00,1.05572,1.05594,1.05561,1.05590,100
2026-01-05T03:40:00+00:00,1.05590,1.05597,1.05580,1.05585,100
2026-01-05T03:45:00+00:00,1.05585,1.05595,1.05574,1.05589,100
2026-01-05T03:50:00+00:00,1.05589,1.05623,1.05574,1.05598,100
2026-01-05T03:55:00+00:00,1.05598,1.05611,1.05598,1.05606,100
2026-01-05T04:00:00+00:00,1.05606,1.05613,1.05605,1.05613,100
2026-01-05T04:05:00+00:00,1.05613,1.05620,1.05603,1.05606,100
2026-01-05T04:10:00+00:00,1.05606,1.05627,1.05596,1.05609,100
2026-01-05T04:15:00+00:00,1.05609,1.05614,1.05588,1.05593,100
2026-01-05T04:20:00+00:00,1.05593,1.05597,1.05557,1.05570,100
2026-01-05T04:25:00+00:00,1.05570,1.05604,1.05569,1.05587,100
2026-01-05T04:30:00+00:00,1.05587,1.05601,1.05557,1.05576,100
2026-01-05T04:35:00+00:00,1.05576,1.05580,1.05539,1.05560,100
2026-01-05T04:40:00+00:00,1.05560,1.05567,1.05559,1.05566,100
2026-01-05T04:45:00+00:00,1.05566,1.05594,1.05548,1.05584,100
2026-01-05T04:50:00+00:00,1.05584,1.05592,1.05582,1.05585,100
2026-01-05T04:55:00+00:00,1.05585,1.05587,1.05543,1.05548,100
2026-01-05T05:00:00+00:00,1.05548,1.05550,1.05536,1.05540,100
2026-01-05T05:05:00+00:00,1.05540,1.05544,1.05509,1.05522,100
2026-01-05T05:10:00+00:00,1.05522,1.05541,1.05514,1.05532,100
2026-01-05T05:15:00+00:00,1.05532,1.05546,1.05514,1.05521,100
2026-01-05T05:20:00+00:00,1.05521,1.05549,1.05514,1.05518,100
2026-01-05T05:25:00+00:00,1.05518,1.05531,1.05508,1.05509,100
2026-01-05T05:30:00+00:00,1.05509,1.05514,1.05489,1.05514,100
2026-01-05T05:35:00+00:00,1.05514,1.05521,1.05502,1.05518,100
2026-01-05T05:40:00+00:00,1.05518,1.05532,1.05505,1.05523,100
2026-01-05T05:45:00+00:00,1.05523,1.05533,1.05513,1.05531,100
2026-01-05T05:50:00+00:00,1.05531,1.05554,1.05521,1.05548,100
2026-01-05T05:55:00+00:00,1.05548,1.05571,1.05546,1.05565,100
2026-01-05T06:00:00+00:00,1.05565,1.05581,1.05545,1.05552,100
2026-01-05T06:05:00+00:00,1.05552,1.05577,1.05532,1.05568,100
2026-01-05T06:10:00+00:00,1.05568,1.05597,1.05554,1.05592,100
2026-01-05T06:15:00+00:00,1.05592,1.05598,1.05577,1.05591,100
2026-01-05T06:20:00+00:00,1.05591,1.05606,1.05569,1.05603,100
2026-01-05T06:25:00+00:00,1.05603,1.05624,1.05595,1.05622,100
2026-01-05T06:30:00+00:00,1.05622,1.05623,1.05595,1.05605,100
2026-01-05T06:35:00+00:00,1.05605,1.05616,1.05588,1.05612,100
2026-01-05T06:40:00+00:00,1.05612,1.05631,1.05588,1.05630,100
2026-01-05T06:45:00+00:00,1.05630,1.05638,1.05626,1.05632,100
2026-01-05T06:50:00+00:00,1.05632,1.05653,1.05631,1.05647,100
2026-01-05T06:55:00+00:00,1.05647,1.05655,1.05613,1.05620,100
2026-01-05T07:00:00+00:00,1.05620,1.05644,1.05619,1.05634,100
2026-01-05T07:05:00+00:00,1.05634,1.05636,1.05610,1.05632,100
2026-01-05T07:10:00+00:00,1.05632,1.05656,1.05629,1.05644,100
2026-01-05T07:15:00+00:00,1.05644,1.05664,1.05641,1.05653,100
2026-01-05T07:20:00+00:00,1.05653,1.05695,1.05640,1.05676,100
2026-01-05T07:25:00+00:00,1.05676,1.05683,1.05655,1.05661,100
2026-01-05T07:30:00+00:00,1.05661,1.05671,1.05653,1.05660,100
2026-01-05T07:35:00+00:00,1.05660,1.05694,1.05639,1.05685,100
2026-01-05T07:40:00+00:00,1.05685,1.05701,1.05670,1.05677,100
2026-01-05T07:45:00+00:00,1.05677,1.05706,1.05674,1.05692,100
2026-01-05T07:50:00+00:00,1.05692,1.05719,1.05688,1.05719,100
2026-01-05T07:55:00+00:00,1.05719,1.05763,1.05714,1.05737,100
2026-01-05T08:00:00+00:00,1.05737,1.05746,1.05727,1.05740,100
2026-01-05T08:05:00+00:00,1.05740,1.05751,1.05732,1.05740,100
2026-01-05T08:10:00+00:00,1.05740,1.05746,1.05715,1.05736,100
2026-01-05T08:15:00+00:00,1.05736,1.05756,1.05722,1.05744,100
2026-01-05T08:20:00+00:00,1.05744,1.05756,1.05720,1.05741,100
2026-01-05T08:25:00+00:00,1.05741,1.05749,1.05730,1.05739,100
2026-01-05T08:30:00+00:00,1.05739,1.05754,1.05728,1.05731,100
2026-01-05T08:35:00+00:00,1.05731,1.05761,1.05730,1.05756,100
2026-01-05T08:40:00+00:00,1.05756,1.05759,1.05743,1.05757,100
2026-01-05T08:45:00+00:00,1.05757,1.05775,1.05706,1.05736,100
2026-01-05T08:50:00+00:00,1.05736,1.05760,1.05733,1.05753,100
2026-01-05T08:55:00+00:00,1.05753,1.05765,1.05752,1.05758,100
2026-01-05T09:00:00+00:00,1.05758,1.05775,1.05755,1.05775,100
2026-01-05T09:05:00+00:00,1.05775,1.05786,1.05769,1.05770,100
2026-01-05T09:10:00+00:00,1.05770,1.05800,1.05766,1.05790,100
2026-01-05T09:15:00+00:00,1.05790,1.05791,1.05760,1.05777,100
2026-01-05T09:20:00+00:00,1.05777,1.05791,1.05774,1.05787,100
2026-01-05T09:25:00+00:00,1.05787,1.05810,1.05771,1.05807,100
2026-01-05T09:30:00+00:00,1.05807,1.05813,1.05794,1.05804,100
2026-01-05T09:35:00+00:00,1.05804,1.05834,1.05789,1.05825,100
2026-01-05T09:40:00+00:00,1.05825,1.05835,1.05822,1.05824,100
2026-01-05T09:45:00+00:00,1.05824,1.05839,1.05823,1.05837,100
2026-01-05T09:50:00+00:00,1.05837,1.05858,1.05833,1.05856,100
2026-01-05T09:55:00+00:00,1.05856,1.05857,1.05841,1.05854,100
2026-01-05T10:00:00+00:00,1.05854,1.05879,1.05840,1.05875,100
2026-01-05T10:05:00+00:00,1.05875,1.05878,1.05849,1.05856,100
2026-01-05T10:10:00+00:00,1.05856,1.05867,1.05825,1.05826,100
2026-01-05T10:15:00+00:00,1.05826,1.05831,1.05806,1.05823,100
2026-01-05T10:20:00+00:00,1.05823,1.05828,1.05785,1.05790,100
2026-01-05T10:25:00+00:00,1.05790,1.05810,1.05734,1.05741,100
2026-01-05T10:30:00+00:00,1.05741,1.05744,1.05685,1.05693,100
2026-01-05T10:35:00+00:00,1.05693,1.05708,1.05644,1.05654,100
2026-01-05T10:40:00+00:00,1.05654,1.05678,1.05580,1.05591,100
2026-01-05T10:45:00+00:00,1.05591,1.05608,1.05547,1.05566,100
2026-01-05T10:50:00+00:00,1.05566,1.05569,1.05493,1.05493,100
2026-01-05T10:55:00+00:00,1.05493,1.05508,1.05428,1.05446,100
2026-01-05T11:00:00+00:00,1.05446,1.05455,1.05381,1.05408,100
2026-01-05T11:05:00+00:00,1.05408,1.05423,1.05324,1.05345,100
2026-01-05T11:10:00+00:00,1.05345,1.05350,1.05289,1.05308,100
2026-01-05T11:15:00+00:00,1.05308,1.05334,1.05303,1.05327,100
2026-01-05T11:20:00+00:00,1.05327,1.05346,1.05309,1.05337,100
2026-01-05T11:25:00+00:00,1.05337,1.05382,1.05335,1.05370,100
2026-01-05T11:30:00+00:00,1.05370,1.05415,1.05361,1.05409,100
2026-01-05T11:35:00+00:00,1.05409,1.05457,1.05403,1.05439,100
2026-01-05T11:40:00+00:00,1.05439,1.05453,1.05425,1.05452,100
2026-01-05T11:45:00+00:00,1.05452,1.05479,1.05444,1.05474,100
2026-01-05T11:50:00+00:00,1.05474,1.05501,1.05467,1.05485,100
2026-01-05T11:55:00+00:00,1.05485,1.05530,1.05464,1.05499,100
2026-01-05T12:00:00+00:00,1.05499,1.05530,1.05498,1.05527,100
2026-01-05T12:05:00+00:00,1.05527,1.05568,1.05526,1.05564,100
2026-01-05T12:10:00+00:00,1.05564,1.05591,1.05555,1.05582,100
2026-01-05T12:15:00+00:00,1.05582,1.05590,1.05567,1.05582,100
2026-01-05T12:20:00+00:00,1.05582,1.05598,1.05581,1.05591,100
2026-01-05T12:25:00+00:00,1.05591,1.05628,1.05579,1.05620,100
2026-01-05T12:30:00+00:00,1.05620,1.05641,1.05611,1.05633,100
2026-01-05T12:35:00+00:00,1.05633,1.05662,1.05607,1.05654,100
2026-01-05T12:40:00+00:00,1.05654,1.05686,1.05651,1.05685,100
2026-01-05T12:45:00+00:00,1.05685,1.05716,1.05679,1.05704,100
2026-01-05T12:50:00+00:00,1.05704,1.05727,1.05691,1.05718,100
2026-01-05T12:55:00+00:00,1.05718,1.05737,1.05716,1.05733,100
2026-01-05T13:00:00+00:00,1.05733,1.05756,1.05721,1.05752,100
2026-01-05T13:05:00+00:00,1.05752,1.05811,1.05744,1.05806,100
2026-01-05T13:10:00+00:00,1.05806,1.05850,1.05800,1.05846,100
2026-01-05T13:15:00+00:00,1.05846,1.05908,1.05832,1.05887,100
2026-01-05T13:20:00+00:00,1.05887,1.05935,1.05861,1.05927,100
2026-01-05T13:25:00+00:00,1.05927,1.05960,1.05923,1.05944,100
2026-01-05T13:30:00+00:00,1.05944,1.05959,1.05936,1.05955,100
2026-01-05T13:35:00+00:00,1.05955,1.05986,1.05947,1.05976,100
2026-01-05T13:40:00+00:00,1.05976,1.05980,1.05936,1.05949,100
2026-01-05T13:45:00+00:00,1.05949,1.05961,1.05944,1.05952,100
2026-01-05T13:50:00+00:00,1.05952,1.05956,1.05919,1.05929,100
2026-01-05T13:55:00+00:00,1.05929,1.05940,1.05891,1.05894,100
2026-01-05T14:00:00+00:00,1.05894,1.05901,1.05866,1.05885,100
2026-01-05T14:05:00+00:00,1.05885,1.05891,1.05870,1.05878,100
2026-01-05T14:10:00+00:00,1.05878,1.05888,1.05847,1.05861,100
2026-01-05T14:15:00+00:00,1.05861,1.05861,1.05831,1.05832,100
2026-01-05T14:20:00+00:00,1.05832,1.05838,1.05810,1.05813,100
2026-01-05T14:25:00+00:00,1.05813,1.05834,1.05781,1.05783,100
2026-01-05T14:30:00+00:00,1.05783,1.05786,1.05742,1.05747,100
2026-01-05T14:35:00+00:00,1.05747,1.05752,1.05711,1.05739,100
2026-01-05T14:40:00+00:00,1.05739,1.05746,1.05708,1.05717,100
2026-01-05T14:45:00+00:00,1.05717,1.05726,1.05694,1.05706,100
2026-01-05T14:50:00+00:00,1.05706,1.05731,1.05699,1.05723,100
2026-01-05T14:55:00+00:00,1.05723,1.05736,1.05697,1.05735,100
2026-01-05T15:00:00+00:00,1.05735,1.05738,1.05698,1.05711,100
2026-01-05T15:05:00+00:00,1.05711,1.05724,1.05679,1.05685,100
2026-01-05T15:10:00+00:00,1.05685,1.05693,1.05661,1.05665,100
2026-01-05T15:15:00+00:00,1.05665,1.05680,1.05596,1.05605,100
2026-01-05T15:20:00+00:00,1.05605,1.05629,1.05574,1.05581,100
2026-01-05T15:25:00+00:00,1.05581,1.05603,1.05541,1.05566,100
2026-01-05T15:30:00+00:00,1.05566,1.05576,1.05549,1.05550,100
2026-01-05T15:35:00+00:00,1.05550,1.05576,1.05535,1.05555,100
2026-01-05T15:40:00+00:00,1.05555,1.05573,1.05538,1.05568,100
2026-01-05T15:45:00+00:00,1.05568,1.05586,1.05565,1.05584,100
2026-01-05T15:50:00+00:00,1.05584,1.05603,1.05555,1.05602,100
2026-01-05T15:55:00+00:00,1.05602,1.05618,1.05593,1.05611,100
2026-01-05T16:00:00+00:00,1.05611,1.05642,1.05598,1.05626,100
2026-01-05T16:05:00+00:00,1.05626,1.05672,1.05611,1.05656,100
2026-01-05T16:10:00+00:00,1.05656,1.05685,1.05647,1.05684,100
2026-01-05T16:15:00+00:00,1.05684,1.05715,1.05678,1.05707,100
2026-01-05T16:20:00+00:00,1.05707,1.05750,1.05698,1.05747,100
2026-01-05T16:25:00+00:00,1.05747,1.05772,1.05733,1.05757,100
2026-01-05T16:30:00+00:00,1.05757,1.05764,1.05755,1.05761,100
2026-01-05T16:35:00+00:00,1.05761,1.05783,1.05749,1.05758,100
2026-01-05T16:40:00+00:00,1.05758,1.05819,1.05756,1.05817,100
2026-01-05T16:45:00+00:00,1.05817,1.05868,1.05817,1.05867,100
2026-01-05T16:50:00+00:00,1.05867,1.05903,1.05849,1.05899,100
2026-01-05T16:55:00+00:00,1.05899,1.05922,1.05877,1.05915,100
2026-01-05T17:00:00+00:00,1.05915,1.05918,1.05912,1.05915,100
2026-01-05T17:05:00+00:00,1.05915,1.05966,1.05912,1.05954,100
2026-01-05T17:10:00+00:00,1.05954,1.05962,1.05947,1.05958,100
2026-01-05T17:15:00+00:00,1.05958,1.06007,1.05941,1.06001,100
2026-01-05T17:20:00+00:00,1.06001,1.06030,1.05986,1.06015,100
2026-01-05T17:25:00+00:00,1.06015,1.06053,1.06005,1.06050,100
2026-01-05T17:30:00+00:00,1.06050,1.06074,1.06047,1.06071,100
2026-01-05T17:35:00+00:00,1.06071,1.06097,1.06058,1.06081,100
2026-01-05T17:40:00+00:00,1.06081,1.06113,1.06064,1.06102,100
2026-01-05T17:45:00+00:00,1.06102,1.06132,1.06089,1.06130,100
2026-01-05T17:50:00+00:00,1.06130,1.06163,1.06124,1.06160,100
2026-01-05T17:55:00+00:00,1.06160,1.06184,1.06149,1.06172,100
2026-01-05T18:00:00+00:00,1.06172,1.06184,1.06134,1.06141,100
2026-01-05T18:05:00+00:00,1.06141,1.06142,1.06116,1.06116,100
2026-01-05T18:10:00+00:00,1.06116,1.06123,1.06043,1.06053,100
2026-01-05T18:15:00+00:00,1.06053,1.06054,1.06009,1.06016,100
2026-01-05T18:20:00+00:00,1.06016,1.06023,1.05986,1.05993,100
2026-01-05T18:25:00+00:00,1.05993,1.06004,1.05972,1.05975,100
2026-01-05T18:30:00+00:00,1.05975,1.05982,1.05949,1.05949,100
2026-01-05T18:35:00+00:00,1.05949,1.05950,1.05897,1.05906,100
2026-01-05T18:40:00+00:00,1.05906,1.05936,1.05870,1.05873,100
2026-01-05T18:45:00+00:00,1.05873,1.05885,1.05812,1.05819,100
2026-01-05T18:50:00+00:00,1.05819,1.05822,1.05737,1.05746,100
2026-01-05T18:55:00+00:00,1.05746,1.05749,1.05690,1.05696,100
2026-01-05T19:00:00+00:00,1.05696,1.05705,1.05687,1.05699,100
2026-01-05T19:05:00+00:00,1.05699,1.05704,1.05675,1.05679,100
2026-01-05T19:10:00+00:00,1.05679,1.05690,1.05667,1.05687,100
2026-01-05T19:15:00+00:00,1.05687,1.05722,1.05684,1.05719,100
2026-01-05T19:20:00+00:00,1.05719,1.05723,1.05718,1.05720,100
2026-01-05T19:25:00+00:00,1.05720,1.05742,1.05714,1.05740,100
2026-01-05T19:30:00+00:00,1.05740,1.05743,1.05729,1.05742,100
2026-01-05T19:35:00+00:00,1.05742,1.05765,1.05734,1.05756,100
2026-01-05T19:40:00+00:00,1.05756,1.05764,1.05752,1.05753,100
2026-01-05T19:45:00+00:00,1.05753,1.05775,1.05746,1.05765,100
2026-01-05T19:50:00+00:00,1.05765,1.05777,1.05727,1.05769,100
2026-01-05T19:55:00+00:00,1.05769,1.05802,1.05742,1.05792,100
2026-01-05T20:00:00+00:00,1.05792,1.05800,1.05762,1.05783,100
2026-01-05T20:05:00+00:00,1.05783,1.05788,1.05779,1.05781,100
2026-01-05T20:10:00+00:00,1.05781,1.05795,1.05773,1.05787,100
2026-01-05T20:15:00+00:00,1.05787,1.05814,1.05780,1.05791,100
2026-01-05T20:20:00+00:00,1.05791,1.05817,1.05788,1.05805,100
2026-01-05T20:25:00+00:00,1.05805,1.05825,1.05794,1.05812,100
2026-01-05T20:30:00+00:00,1.05812,1.05832,1.05795,1.05818,100
2026-01-05T20:35:00+00:00,1.05818,1.05853,1.05787,1.05848,100
2026-01-05T20:40:00+00:00,1.05848,1.05892,1.05847,1.05877,100
2026-01-05T20:45:00+00:00,1.05877,1.05896,1.05873,1.05881,100
2026-01-05T20:50:00+00:00,1.05881,1.05906,1.05873,1.05901,100
2026-01-05T20:55:00+00:00,1.05901,1.05913,1.05883,1.05897,100
2026-01-05T21:00:00+00:00,1.05897,1.05912,1.05877,1.05897,100
2026-01-05T21:05:00+00:00,1.05897,1.05913,1.05889,1.05911,100
2026-01-05T21:10:00+00:00,1.05911,1.05940,1.05905,1.05920,100
2026-01-05T21:15:00+00:00,1.05920,1.05944,1.05917,1.05937,100
2026-01-05T21:20:00+00:00,1.05937,1.05946,1.05928,1.05941,100
2026-01-05T21:25:00+00:00,1.05941,1.05954,1.05928,1.05954,100
2026-01-05T21:30:00+00:00,1.05954,1.05983,1.05951,1.05974,100
2026-01-05T21:35:00+00:00,1.05974,1.05993,1.05958,1.05990,100
2026-01-05T21:40:00+00:00,1.05990,1.05992,1.05973,1.05979,100
2026-01-05T21:45:00+00:00,1.05979,1.05990,1.05941,1.05958,100
2026-01-05T21:50:00+00:00,1.05958,1.05979,1.05927,1.05960,100
2026-01-05T21:55:00+00:00,1.05960,1.05978,1.05953,1.05968,100
2026-01-05T22:00:00+00:00,1.05968,1.05968,1.05940,1.05947,100
2026-01-05T22:05:00+00:00,1.05947,1.05968,1.05931,1.05966,100
2026-01-05T22:10:00+00:00,1.05966,1.05998,1.05951,1.05986,100
2026-01-05T22:15:00+00:00,1.05986,1.05989,1.05967,1.05972,100
2026-01-05T22:20:00+00:00,1.05972,1.05986,1.05949,1.05954,100
2026-01-05T22:25:00+00:00,1.05954,1.05962,1.05940,1.05944,100
2026-01-05T22:30:00+00:00,1.05944,1.05948,1.05932,1.05937,100
2026-01-05T22:35:00+00:00,1.05937,1.05939,1.05910,1.05937,100
2026-01-05T22:40:00+00:00,1.05937,1.05949,1.05886,1.05914,100
2026-01-05T22:45:00+00:00,1.05914,1.05926,1.05906,1.05907,100
2026-01-05T22:50:00+00:00,1.05907,1.05915,1.05881,1.05885,100
2026-01-05T22:55:00+00:00,1.05885,1.05889,1.05878,1.05886,100
2026-01-05T23:00:00+00:00,1.05886,1.05898,1.05876,1.05894,100
2026-01-05T23:05:00+00:00,1.05894,1.05904,1.05887,1.05898,100
2026-01-05T23:10:00+00:00,1.05898,1.05899,1.05877,1.05881,100
2026-01-05T23:15:00+00:00,1.05881,1.05886,1.05870,1.05873,100
2026-01-05T23:20:00+00:00,1.05873,1.05878,1.05852,1.05855,100
2026-01-05T23:25:00+00:00,1.05855,1.05871,1.05815,1.05828,100
2026-01-05T23:30:00+00:00,1.05828,1.05829,1.05812,1.05820,100
2026-01-05T23:35:00+00:00,1.05820,1.05822,1.05782,1.05786,100
2026-01-05T23:40:00+00:00,1.05786,1.05797,1.05766,1.05782,100
2026-01-05T23:45:00+00:00,1.05782,1.05786,1.05751,1.05758,100
2026-01-05T23:50:00+00:00,1.05758,1.05777,1.05754,1.05762,100
2026-01-05T23:55:00+00:00,1.05762,1.05774,1.05760,1.05773,100
2026-01-06T00:00:00+00:00,1.05773,1.05774,1.05723,1.05730,100
2026-01-06T00:05:00+00:00,1.05730,1.05745,1.05712,1.05733,100
2026-01-06T00:10:00+00:00,1.05733,1.05737,1.05689,1.05698,100
2026-01-06T00:15:00+00:00,1.05698,1.05710,1.05687,1.05704,100
2026-01-06T00:20:00+00:00,1.05704,1.05708,1.05676,1.05686,100
2026-01-06T00:25:00+00:00,1.05686,1.05691,1.05685,1.05688,100
2026-01-06T00:30:00+00:00,1.05688,1.05702,1.05642,1.05677,100
2026-01-06T00:35:00+00:00,1.05677,1.05691,1.05656,1.05659,100
2026-01-06T00:40:00+00:00,1.05659,1.05665,1.05621,1.05631,100
2026-01-06T00:45:00+00:00,1.05631,1.05653,1.05620,1.05628,100
2026-01-06T00:50:00+00:00,1.05628,1.05652,1.05616,1.05625,100
2026-01-06T00:55:00+00:00,1.05625,1.05636,1.05623,1.05634,100
2026-01-06T01:00:00+00:00,1.05634,1.05640,1.05599,1.05618,100
2026-01-06T01:05:00+00:00,1.05618,1.05633,1.05597,1.05608,100
2026-01-06T01:10:00+00:00,1.05608,1.05614,1.05591,1.05591,100
2026-01-06T01:15:00+00:00,1.05591,1.05595,1.05582,1.05584,100
2026-01-06T01:20:00+00:00,1.05584,1.05601,1.05583,1.05590,100
2026-01-06T01:25:00+00:00,1.05590,1.05599,1.05578,1.05590,100
2026-01-06T01:30:00+00:00,1.05590,1.05592,1.05577,1.05578,100
2026-01-06T01:35:00+00:00,1.05578,1.05596,1.05557,1.05568,100
2026-01-06T01:40:00+00:00,1.05568,1.05592,1.05555,1.05579,100
2026-01-06T01:45:00+00:00,1.05579,1.05582,1.05549,1.05565,100
2026-01-06T01:50:00+00:00,1.05565,1.05565,1.05539,1.05549,100
2026-01-06T01:55:00+00:00,1.05549,1.05567,1.05530,1.05534,100
2026-01-06T02:00:00+00:00,1.05534,1.05546,1.05498,1.05518,100
2026-01-06T02:05:00+00:00,1.05518,1.05528,1.05468,1.05495,100
2026-01-06T02:10:00+00:00,1.05495,1.05506,1.05486,1.05495,100
2026-01-06T02:15:00+00:00,1.05495,1.05496,1.05470,1.05478,100
2026-01-06T02:20:00+00:00,1.05478,1.05491,1.05462,1.05477,100
2026-01-06T02:25:00+00:00,1.05477,1.05484,1.05468,1.05480,100
2026-01-06T02:30:00+00:00,1.05480,1.05485,1.05463,1.05474,100
2026-01-06T02:35:00+00:00,1.05474,1.05490,1.05463,1.05467,100
2026-01-06T02:40:00+00:00,1.05467,1.05480,1.05451,1.05470,100
2026-01-06T02:45:00+00:00,1.05470,1.05485,1.05453,1.05473,100
2026-01-06T02:50:00+00:00,1.05473,1.05519,1.05466,1.05496,100
2026-01-06T02:55:00+00:00,1.05496,1.05530,1.05493,1.05526,100
2026-01-06T03:00:00+00:00,1.05526,1.05548,1.05512,1.05543,100
2026-01-06T03:05:00+00:00,1.05543,1.05550,1.05540,1.05545,100
2026-01-06T03:10:00+00:00,1.05545,1.05551,1.05527,1.05551,100
2026-01-06T03:15:00+00:00,1.05551,1.05562,1.05543,1.05545,100
2026-01-06T03:20:00+00:00,1.05545,1.05581,1.05544,1.05564,100
2026-01-06T03:25:00+00:00,1.05564,1.05591,1.05550,1.05585,100
2026-01-06T03:30:00+00:00,1.05585,1.05609,1.05577,1.05609,100
2026-01-06T03:35:00+00:00,1.05609,1.05620,1.05598,1.05615,100
2026-01-06T03:40:00+00:00,1.05615,1.05641,1.05605,1.05634,100
2026-01-06T03:45:00+00:00,1.05634,1.05674,1.05631,1.05665,100
2026-01-06T03:50:00+00:00,1.05665,1.05689,1.05663,1.05676,100
2026-01-06T03:55:00+00:00,1.05676,1.05721,1.05669,1.05709,100
2026-01-06T04:00:00+00:00,1.05709,1.05732,1.05683,1.05716,100
2026-01-06T04:05:00+00:00,1.05716,1.05745,1.05694,1.05737,100
2026-01-06T04:10:00+00:00,1.05737,1.05742,1.05724,1.05737,100
2026-01-06T04:15:00+00:00,1.05737,1.05764,1.05734,1.05764,100
2026-01-06T04:20:00+00:00,1.05764,1.05809,1.05747,1.05801,100
2026-01-06T04:25:00+00:00,1.05801,1.05829,1.05790,1.05821,100
2026-01-06T04:30:00+00:00,1.05821,1.05834,1.05820,1.05826,100
2026-01-06T04:35:00+00:00,1.05826,1.05842,1.05819,1.05838,100
2026-01-06T04:40:00+00:00,1.05838,1.05845,1.05811,1.05826,100
2026-01-06T04:45:00+00:00,1.05826,1.05845,1.05808,1.05823,100
2026-01-06T04:50:00+00:00,1.05823,1.05859,1.05820,1.05844,100
2026-01-06T04:55:00+00:00,1.05844,1.05851,1.05822,1.05837,100
2026-01-06T05:00:00+00:00,1.05837,1.05869,1.05835,1.05869,100
2026-01-06T05:05:00+00:00,1.05869,1.05878,1.05853,1.05864,100
2026-01-06T05:10:00+00:00,1.05864,1.05864,1.05854,1.05857,100
2026-01-06T05:15:00+00:00,1.05857,1.05889,1.05855,1.05872,100
2026-01-06T05:20:00+00:00,1.05872,1.05893,1.05862,1.05863,100
2026-01-06T05:25:00+00:00,1.05863,1.05868,1.05820,1.05826,100
2026-01-06T05:30:00+00:00,1.05826,1.05849,1.05826,1.05828,100
2026-01-06T05:35:00+00:00,1.05828,1.05844,1.05812,1.05825,100
2026-01-06T05:40:00+00:00,1.05825,1.05846,1.05807,1.05837,100
2026-01-06T05:45:00+00:00,1.05837,1.05861,1.05832,1.05845,100
2026-01-06T05:50:00+00:00,1.05845,1.05866,1.05837,1.05864,100
2026-01-06T05:55:00+00:00,1.05864,1.05865,1.05862,1.05864,100
2026-01-06T06:00:00+00:00,1.05864,1.05874,1.05836,1.05842,100
2026-01-06T06:05:00+00:00,1.05842,1.05867,1.05817,1.05826,100
2026-01-06T06:10:00+00:00,1.05826,1.05845,1.05819,1.05842,100
2026-01-06T06:15:00+00:00,1.05842,1.05847,1.05842,1.05845,100
2026-01-06T06:20:00+00:00,1.05845,1.05853,1.05841,1.05847,100
2026-01-06T06:25:00+00:00,1.05847,1.05894,1.05841,1.05872,100
2026-01-06T06:30:00+00:00,1.05872,1.05878,1.05857,1.05865,100
2026-01-06T06:35:00+00:00,1.05865,1.05868,1.05861,1.05867,100
2026-01-06T06:40:00+00:00,1.05867,1.05872,1.05863,1.05867,100
2026-01-06T06:45:00+00:00,1.05867,1.05876,1.05848,1.05853,100
2026-01-06T06:50:00+00:00,1.05853,1.05858,1.05837,1.05853,100
2026-01-06T06:55:00+00:00,1.05853,1.05875,1.05823,1.05839,100
2026-01-06T07:00:00+00:00,1.05839,1.05849,1.05810,1.05814,100
2026-01-06T07:05:00+00:00,1.05814,1.05830,1.05783,1.05830,100
2026-01-06T07:10:00+00:00,1.05830,1.05863,1.05820,1.05845,100
2026-01-06T07:15:00+00:00,1.05845,1.05860,1.05818,1.05825,100
2026-01-06T07:20:00+00:00,1.05825,1.05842,1.05818,1.05837,100
2026-01-06T07:25:00+00:00,1.05837,1.05851,1.05829,1.05833,100
2026-01-06T07:30:00+00:00,1.05833,1.05866,1.05829,1.05838,100
2026-01-06T07:35:00+00:00,1.05838,1.05838,1.05820,1.05827,100
2026-01-06T07:40:00+00:00,1.05827,1.05855,1.05818,1.05835,100
2026-01-06T07:45:00+00:00,1.05835,1.05869,1.05817,1.05860,100
2026-01-06T07:50:00+00:00,1.05860,1.05888,1.05858,1.05885,100
2026-01-06T07:55:00+00:00,1.05885,1.05907,1.05882,1.05903,100
2026-01-06T08:00:00+00:00,1.05903,1.05939,1.05895,1.05935,100
2026-01-06T08:05:00+00:00,1.05935,1.05960,1.05934,1.05954,100
2026-01-06T08:10:00+00:00,1.05954,1.05992,1.05951,1.05977,100
2026-01-06T08:15:00+00:00,1.05977,1.06000,1.05972,1.05999,100
2026-01-06T08:20:00+00:00,1.05999,1.06026,1.05985,1.06018,100
2026-01-06T08:25:00+00:00,1.06018,1.06049,1.06005,1.06035,100
2026-01-06T08:30:00+00:00,1.06035,1.06060,1.06034,1.06036,100
2026-01-06T08:35:00+00:00,1.06036,1.06068,1.06032,1.06056,100
2026-01-06T08:40:00+00:00,1.06056,1.06088,1.06050,1.06071,100
2026-01-06T08:45:00+00:00,1.06071,1.06117,1.06070,1.06117,100
2026-01-06T08:50:00+00:00,1.06117,1.06163,1.06113,1.06146,100
2026-01-06T08:55:00+00:00,1.06146,1.06178,1.06140,1.06176,100
2026-01-06T09:00:00+00:00,1.06176,1.06201,1.06170,1.06188,100
2026-01-06T09:05:00+00:00,1.06188,1.06240,1.06180,1.06217,100
2026-01-06T09:10:00+00:00,1.06217,1.06250,1.06215,1.06244,100
2026-01-06T09:15:00+00:00,1.06244,1.06281,1.06241,1.06250,100
2026-01-06T09:20:00+00:00,1.06250,1.06290,1.06246,1.06284,100
2026-01-06T09:25:00+00:00,1.06284,1.06314,1.06281,1.06303,100
2026-01-06T09:30:00+00:00,1.06303,1.06319,1.06297,1.06319,100
2026-01-06T09:35:00+00:00,1.06319,1.06331,1.06302,1.06327,100
2026-01-06T09:40:00+00:00,1.06327,1.06333,1.06316,1.06320,100
2026-01-06T09:45:00+00:00,1.06320,1.06338,1.06284,1.06292,100
2026-01-06T09:50:00+00:00,1.06292,1.06310,1.06290,1.06303,100
2026-01-06T09:55:00+00:00,1.06303,1.06307,1.06299,1.06306,100
2026-01-06T10:00:00+00:00,1.06306,1.06335,1.06303,1.06333,100
2026-01-06T10:05:00+00:00,1.06333,1.06334,1.06300,1.06306,100
2026-01-06T10:10:00+00:00,1.06306,1.06324,1.06295,1.06313,100
2026-01-06T10:15:00+00:00,1.06313,1.06324,1.06304,1.06307,100
2026-01-06T10:20:00+00:00,1.06307,1.06309,1.06297,1.06305,100
2026-01-06T10:25:00+00:00,1.06305,1.06318,1.06299,1.06306,100
2026-01-06T10:30:00+00:00,1.06306,1.06306,1.06292,1.06298,100
2026-01-06T10:35:00+00:00,1.06298,1.06304,1.06273,1.06285,100
2026-01-06T10:40:00+00:00,1.06285,1.06288,1.06264,1.06280,100
2026-01-06T10:45:00+00:00,1.06280,1.06300,1.06276,1.06282,100
2026-01-06T10:50:00+00:00,1.06282,1.06285,1.06272,1.06274,100
2026-01-06T10:55:00+00:00,1.06274,1.06289,1.06266,1.06287,100
2026-01-06T11:00:00+00:00,1.06287,1.06295,1.06277,1.06280,100
2026-01-06T11:05:00+00:00,1.06280,1.06288,1.06268,1.06271,100
2026-01-06T11:10:00+00:00,1.06271,1.06276,1.06261,1.06266,100
2026-01-06T11:15:00+00:00,1.06266,1.06292,1.06259,1.06277,100
2026-01-06T11:20:00+00:00,1.06277,1.06284,1.06256,1.06269,100
2026-01-06T11:25:00+00:00,1.06269,1.06277,1.06243,1.06266,100
2026-01-06T11:30:00+00:00,1.06266,1.06278,1.06261,1.06274,100
2026-01-06T11:35:00+00:00,1.06274,1.06289,1.06272,1.06273,100
2026-01-06T11:40:00+00:00,1.06273,1.06285,1.06267,1.06276,100
2026-01-06T11:45:00+00:00,1.06276,1.06282,1.06255,1.06265,100
2026-01-06T11:50:00+00:00,1.06265,1.06272,1.06263,1.06264,100
2026-01-06T11:55:00+00:00,1.06264,1.06270,1.06240,1.06262,100
2026-01-06T12:00:00+00:00,1.06262,1.06264,1.06248,1.06254,100
2026-01-06T12:05:00+00:00,1.06254,1.06295,1.06241,1.06280,100
2026-01-06T12:10:00+00:00,1.06280,1.06282,1.06277,1.06281,100
2026-01-06T12:15:00+00:00,1.06281,1.06292,1.06256,1.06266,100
2026-01-06T12:20:00+00:00,1.06266,1.06268,1.06248,1.06252,100
2026-01-06T12:25:00+00:00,1.06252,1.06253,1.06217,1.06227,100
2026-01-06T12:30:00+00:00,1.06227,1.06234,1.06215,1.06230,100
2026-01-06T12:35:00+00:00,1.06230,1.06269,1.06229,1.06243,100
2026-01-06T12:40:00+00:00,1.06243,1.06245,1.06230,1.06240,100
2026-01-06T12:45:00+00:00,1.06240,1.06243,1.06236,1.06236,100
2026-01-06T12:50:00+00:00,1.06236,1.06242,1.06203,1.06211,100
2026-01-06T12:55:00+00:00,1.06211,1.06218,1.06207,1.06210,100
2026-01-06T13:00:00+00:00,1.06210,1.06217,1.06208,1.06214,100
2026-01-06T13:05:00+00:00,1.06214,1.06216,1.06193,1.06203,100
2026-01-06T13:10:00+00:00,1.06203,1.06213,1.06197,1.06204,100
2026-01-06T13:15:00+00:00,1.06204,1.06207,1.06195,1.06207,100
2026-01-06T13:20:00+00:00,1.06207,1.06220,1.06167,1.06183,100
2026-01-06T13:25:00+00:00,1.06183,1.06194,1.06176,1.06184,100
2026-01-06T13:30:00+00:00,1.06184,1.06204,1.06151,1.06175,100
2026-01-06T13:35:00+00:00,1.06175,1.06175,1.06136,1.06165,100
2026-01-06T13:40:00+00:00,1.06165,1.06172,1.06129,1.06133,100
2026-01-06T13:45:00+00:00,1.06133,1.06174,1.06119,1.06146,100
2026-01-06T13:50:00+00:00,1.06146,1.06155,1.06121,1.06127,100
2026-01-06T13:55:00+00:00,1.06127,1.06150,1.06124,1.06137,100
2026-01-06T14:00:00+00:00,1.06137,1.06172,1.06117,1.06167,100
2026-01-06T14:05:00+00:00,1.06167,1.06176,1.06162,1.06164,100
2026-01-06T14:10:00+00:00,1.06164,1.06198,1.06150,1.06186,100
2026-01-06T14:15:00+00:00,1.06186,1.06196,1.06177,1.06190,100
2026-01-06T14:20:00+00:00,1.06190,1.06248,1.06170,1.06232,100
2026-01-06T14:25:00+00:00,1.06232,1.06244,1.06224,1.06230,100
2026-01-06T14:30:00+00:00,1.06230,1.06252,1.06224,1.06229,100
2026-01-06T14:35:00+00:00,1.06229,1.06235,1.06215,1.06218,100
2026-01-06T14:40:00+00:00,1.06218,1.06239,1.06215,1.06235,100
2026-01-06T14:45:00+00:00,1.06235,1.06249,1.06216,1.06224,100
2026-01-06T14:50:00+00:00,1.06224,1.06254,1.06214,1.06247,100
2026-01-06T14:55:00+00:00,1.06247,1.06280,1.06231,1.06280,100
2026-01-06T15:00:00+00:00,1.06280,1.06305,1.06271,1.06294,100
2026-01-06T15:05:00+00:00,1.06294,1.06310,1.06271,1.06280,100
2026-01-06T15:10:00+00:00,1.06280,1.06294,1.06279,1.06283,100
2026-01-06T15:15:00+00:00,1.06283,1.06293,1.06261,1.06263,100
2026-01-06T15:20:00+00:00,1.06263,1.06278,1.06255,1.06264,100
2026-01-06T15:25:00+00:00,1.06264,1.06268,1.06250,1.06257,100
2026-01-06T15:30:00+00:00,1.06257,1.06271,1.06254,1.06269,100
2026-01-06T15:35:00+00:00,1.06269,1.06279,1.06236,1.06250,100
2026-01-06T15:40:00+00:00,1.06250,1.06263,1.06230,1.06234,100
2026-01-06T15:45:00+00:00,1.06234,1.06234,1.06216,1.06227,100
2026-01-06T15:50:00+00:00,1.06227,1.06280,1.06224,1.06269,100
2026-01-06T15:55:00+00:00,1.06269,1.06297,1.06246,1.06294,100
2026-01-06T16:00:00+00:00,1.06294,1.06325,1.06270,1.06288,100
2026-01-06T16:05:00+00:00,1.06288,1.06329,1.06277,1.06290,100
2026-01-06T16:10:00+00:00,1.06290,1.06321,1.06288,1.06317,100
2026-01-06T16:15:00+00:00,1.06317,1.06347,1.06313,1.06340,100
2026-01-06T16:20:00+00:00,1.06340,1.06353,1.06324,1.06351,100
2026-01-06T16:25:00+00:00,1.06351,1.06353,1.06346,1.06348,100
2026-01-06T16:30:00+00:00,1.06348,1.06356,1.06339,1.06351,100
2026-01-06T16:35:00+00:00,1.06351,1.06370,1.06338,1.06344,100
2026-01-06T16:40:00+00:00,1.06344,1.06359,1.06329,1.06358,100
2026-01-06T16:45:00+00:00,1.06358,1.06373,1.06353,1.06368,100
2026-01-06T16:50:00+00:00,1.06368,1.06388,1.06367,1.06378,100
2026-01-06T16:55:00+00:00,1.06378,1.06391,1.06365,1.06374,100
2026-01-06T17:00:00+00:00,1.06374,1.06379,1.06359,1.06367,100
2026-01-06T17:05:00+00:00,1.06367,1.06379,1.06362,1.06378,100
2026-01-06T17:10:00+00:00,1.06378,1.06380,1.06353,1.06370,100
2026-01-06T17:15:00+00:00,1.06370,1.06397,1.06346,1.06351,100
2026-01-06T17:20:00+00:00,1.06351,1.06358,1.06320,1.06328,100
2026-01-06T17:25:00+00:00,1.06328,1.06347,1.06319,1.06324,100
2026-01-06T17:30:00+00:00,1.06324,1.06349,1.06313,1.06343,100
2026-01-06T17:35:00+00:00,1.06343,1.06343,1.06314,1.06331,100
2026-01-06T17:40:00+00:00,1.06331,1.06337,1.06322,1.06330,100
2026-01-06T17:45:00+00:00,1.06330,1.06334,1.06313,1.06325,100
2026-01-06T17:50:00+00:00,1.06325,1.06330,1.06306,1.06309,100
2026-01-06T17:55:00+00:00,1.06309,1.06310,1.06270,1.06276,100
2026-01-06T18:00:00+00:00,1.06276,1.06279,1.06251,1.06266,100
2026-01-06T18:05:00+00:00,1.06266,1.06272,1.06240,1.06251,100
2026-01-06T18:10:00+00:00,1.06251,1.06268,1.06239,1.06241,100
2026-01-06T18:15:00+00:00,1.06241,1.06242,1.06214,1.06226,100
2026-01-06T18:20:00+00:00,1.06226,1.06238,1.06202,1.06210,100
2026-01-06T18:25:00+00:00,1.06210,1.06223,1.06171,1.06173,100
2026-01-06T18:30:00+00:00,1.06173,1.06178,1.06159,1.06163,100
2026-01-06T18:35:00+00:00,1.06163,1.06176,1.06151,1.06160,100
2026-01-06T18:40:00+00:00,1.06160,1.06169,1.06149,1.06151,100
2026-01-06T18:45:00+00:00,1.06151,1.06178,1.06112,1.06126,100
2026-01-06T18:50:00+00:00,1.06126,1.06143,1.06081,1.06084,100
2026-01-06T18:55:00+00:00,1.06084,1.06099,1.06053,1.06054,100
2026-01-06T19:00:00+00:00,1.06054,1.06070,1.06029,1.06032,100
2026-01-06T19:05:00+00:00,1.06032,1.06067,1.06022,1.06060,100
2026-01-06T19:10:00+00:00,1.06060,1.06060,1.06032,1.06045,100
2026-01-06T19:15:00+00:00,1.06045,1.06063,1.06036,1.06049,100
2026-01-06T19:20:00+00:00,1.06049,1.06060,1.06044,1.06050,100
2026-01-06T19:25:00+00:00,1.06050,1.06068,1.06027,1.06044,100
2026-01-06T19:30:00+00:00,1.06044,1.06072,1.06033,1.06065,100
2026-01-06T19:35:00+00:00,1.06065,1.06116,1.06059,1.06110,100
2026-01-06T19:40:00+00:00,1.06110,1.06126,1.06064,1.06101,100
2026-01-06T19:45:00+00:00,1.06101,1.06101,1.06078,1.06092,100
2026-01-06T19:50:00+00:00,1.06092,1.06107,1.06090,1.06106,100
2026-01-06T19:55:00+00:00,1.06106,1.06129,1.06093,1.06120,100
2026-01-06T20:00:00+00:00,1.06120,1.06161,1.06105,1.06160,100
2026-01-06T20:05:00+00:00,1.06160,1.06176,1.06136,1.06153,100
2026-01-06T20:10:00+00:00,1.06153,1.06172,1.06142,1.06149,100
2026-01-06T20:15:00+00:00,1.06149,1.06188,1.06144,1.06181,100
2026-01-06T20:20:00+00:00,1.06181,1.06234,1.06161,1.06222,100
2026-01-06T20:25:00+00:00,1.06222,1.06251,1.06219,1.06230,100
2026-01-06T20:30:00+00:00,1.06230,1.06253,1.06227,1.06239,100
2026-01-06T20:35:00+00:00,1.06239,1.06256,1.06221,1.06253,100
2026-01-06T20:40:00+00:00,1.06253,1.06258,1.06249,1.06256,100
2026-01-06T20:45:00+00:00,1.06256,1.06268,1.06251,1.06255,100
2026-01-06T20:50:00+00:00,1.06255,1.06256,1.06226,1.06243,100
2026-01-06T20:55:00+00:00,1.06243,1.06253,1.06237,1.06249,100
2026-01-06T21:00:00+00:00,1.06249,1.06264,1.06239,1.06261,100
2026-01-06T21:05:00+00:00,1.06261,1.06261,1.06252,1.06259,100
2026-01-06T21:10:00+00:00,1.06259,1.06262,1.06235,1.06246,100
2026-01-06T21:15:00+00:00,1.06246,1.06255,1.06231,1.06237,100
2026-01-06T21:20:00+00:00,1.06237,1.06249,1.06216,1.06226,100
2026-01-06T21:25:00+00:00,1.06226,1.06239,1.06205,1.06212,100
2026-01-06T21:30:00+00:00,1.06212,1.06236,1.06208,1.06236,100
2026-01-06T21:35:00+00:00,1.06236,1.06237,1.06234,1.06237,100
2026-01-06T21:40:00+00:00,1.06237,1.06238,1.06196,1.06216,100
2026-01-06T21:45:00+00:00,1.06216,1.06232,1.06205,1.06219,100
2026-01-06T21:50:00+00:00,1.06219,1.06232,1.06184,1.06198,100
2026-01-06T21:55:00+00:00,1.06198,1.06214,1.06190,1.06212,100
2026-01-06T22:00:00+00:00,1.06212,1.06226,1.06203,1.06215,100
2026-01-06T22:05:00+00:00,1.06215,1.06223,1.06200,1.06203,100
2026-01-06T22:10:00+00:00,1.06203,1.06212,1.06188,1.06195,100
2026-01-06T22:15:00+00:00,1.06195,1.06216,1.06180,1.06192,100
2026-01-06T22:20:00+00:00,1.06192,1.06224,1.06186,1.06219,100
2026-01-06T22:25:00+00:00,1.06219,1.06252,1.06213,1.06234,100
2026-01-06T22:30:00+00:00,1.06234,1.06237,1.06193,1.06198,100
2026-01-06T22:35:00+00:00,1.06198,1.06207,1.06183,1.06186,100
2026-01-06T22:40:00+00:00,1.06186,1.06192,1.06159,1.06181,100
2026-01-06T22:45:00+00:00,1.06181,1.06191,1.06177,1.06180,100
2026-01-06T22:50:00+00:00,1.06180,1.06199,1.06163,1.06185,100
2026-01-06T22:55:00+00:00,1.06185,1.06201,1.06124,1.06140,100
2026-01-06T23:00:00+00:00,1.06140,1.06145,1.06136,1.06144,100
2026-01-06T23:05:00+00:00,1.06144,1.06174,1.06135,1.06168,100
2026-01-06T23:10:00+00:00,1.06168,1.06188,1.06145,1.06183,100
2026-01-06T23:15:00+00:00,1.06183,1.06203,1.06154,1.06162,100
2026-01-06T23:20:00+00:00,1.06162,1.06173,1.06152,1.06169,100
2026-01-06T23:25:00+00:00,1.06169,1.06170,1.06142,1.06160,100
2026-01-06T23:30:00+00:00,1.06160,1.06179,1.06159,1.06164,100
2026-01-06T23:35:00+00:00,1.06164,1.06176,1.06153,1.06168,100
2026-01-06T23:40:00+00:00,1.06168,1.06185,1.06156,1.06162,100
2026-01-06T23:45:00+00:00,1.06162,1.06173,1.06151,1.06156,100
2026-01-06T23:50:00+00:00,1.06156,1.06174,1.06151,1.06151,100
2026-01-06T23:55:00+00:00,1.06151,1.06163,1.06139,1.06158,100
2026-01-07T00:00:00+00:00,1.06158,1.06164,1.06131,1.06144,100
2026-01-07T00:05:00+00:00,1.06144,1.06157,1.06102,1.06119,100
2026-01-07T00:10:00+00:00,1.06119,1.06126,1.06112,1.06121,100
2026-01-07T00:15:00+00:00,1.06121,1.06131,1.06103,1.06108,100
2026-01-07T00:20:00+00:00,1.06108,1.06124,1.06098,1.06122,100
2026-01-07T00:25:00+00:00,1.06122,1.06127,1.06094,1.06116,100
2026-01-07T00:30:00+00:00,1.06116,1.06145,1.06103,1.06136,100
2026-01-07T00:35:00+00:00,1.06136,1.06168,1.06124,1.06126,100
2026-01-07T00:40:00+00:00,1.06126,1.06126,1.06082,1.06085,100
2026-01-07T00:45:00+00:00,1.06085,1.06088,1.06070,1.06076,100
2026-01-07T00:50:00+00:00,1.06076,1.06086,1.06055,1.06080,100
2026-01-07T00:55:00+00:00,1.06080,1.06148,1.06074,1.06128,100
2026-01-07T01:00:00+00:00,1.06128,1.06130,1.06092,1.06112,100
2026-01-07T01:05:00+00:00,1.06112,1.06153,1.06108,1.06145,100
2026-01-07T01:10:00+00:00,1.06145,1.06162,1.06143,1.06152,100
2026-01-07T01:15:00+00:00,1.06152,1.06188,1.06150,1.06180,100
2026-01-07T01:20:00+00:00,1.06180,1.06214,1.06165,1.06208,100
2026-01-07T01:25:00+00:00,1.06208,1.06265,1.06201,1.06257,100
2026-01-07T01:30:00+00:00,1.06257,1.06298,1.06255,1.06297,100
2026-01-07T01:35:00+00:00,1.06297,1.06328,1.06281,1.06316,100
2026-01-07T01:40:00+00:00,1.06316,1.06359,1.06309,1.06350,100
2026-01-07T01:45:00+00:00,1.06350,1.06386,1.06345,1.06372,100
2026-01-07T01:50:00+00:00,1.06372,1.06429,1.06369,1.06428,100
2026-01-07T01:55:00+00:00,1.06428,1.06457,1.06427,1.06451,100
2026-01-07T02:00:00+00:00,1.06451,1.06490,1.06437,1.06486,100
2026-01-07T02:05:00+00:00,1.06486,1.06549,1.06485,1.06527,100
2026-01-07T02:10:00+00:00,1.06527,1.06563,1.06518,1.06547,100
2026-01-07T02:15:00+00:00,1.06547,1.06617,1.06545,1.06608,100
2026-01-07T02:20:00+00:00,1.06608,1.06644,1.06607,1.06641,100
2026-01-07T02:25:00+00:00,1.06641,1.06685,1.06610,1.06679,100
2026-01-07T02:30:00+00:00,1.06679,1.06689,1.06669,1.06687,100
2026-01-07T02:35:00+00:00,1.06687,1.06690,1.06667,1.06677,100
2026-01-07T02:40:00+00:00,1.06677,1.06681,1.06660,1.06680,100
2026-01-07T02:45:00+00:00,1.06680,1.06682,1.06635,1.06651,100
2026-01-07T02:50:00+00:00,1.06651,1.06655,1.06640,1.06650,100
2026-01-07T02:55:00+00:00,1.06650,1.06654,1.06618,1.06624,100
2026-01-07T03:00:00+00:00,1.06624,1.06646,1.06566,1.06591,100
2026-01-07T03:05:00+00:00,1.06591,1.06598,1.06579,1.06581,100
2026-01-07T03:10:00+00:00,1.06581,1.06597,1.06573,1.06575,100
2026-01-07T03:15:00+00:00,1.06575,1.06609,1.06560,1.06584,100
2026-01-07T03:20:00+00:00,1.06584,1.06589,1.06557,1.06563,100
2026-01-07T03:25:00+00:00,1.06563,1.06565,1.06524,1.06545,100
2026-01-07T03:30:00+00:00,1.06545,1.06571,1.06503,1.06514,100
2026-01-07T03:35:00+00:00,1.06514,1.06514,1.06480,1.06484,100
2026-01-07T03:40:00+00:00,1.06484,1.06491,1.06461,1.06466,100
2026-01-07T03:45:00+00:00,1.06466,1.06467,1.06434,1.06445,100
2026-01-07T03:50:00+00:00,1.06445,1.06449,1.06421,1.06426,100
2026-01-07T03:55:00+00:00,1.06426,1.06436,1.06401,1.06406,100
2026-01-07T04:00:00+00:00,1.06406,1.06428,1.06386,1.06393,100
2026-01-07T04:05:00+00:00,1.06393,1.06394,1.06387,1.06391,100
2026-01-07T04:10:00+00:00,1.06391,1.06392,1.06361,1.06375,100
2026-01-07T04:15:00+00:00,1.06375,1.06388,1.06340,1.06351,100
2026-01-07T04:20:00+00:00,1.06351,1.06357,1.06330,1.06342,100
2026-01-07T04:25:00+00:00,1.06342,1.06345,1.06330,1.06340,100
2026-01-07T04:30:00+00:00,1.06340,1.06348,1.06305,1.06315,100
2026-01-07T04:35:00+00:00,1.06315,1.06321,1.06286,1.06297,100
2026-01-07T04:40:00+00:00,1.06297,1.06303,1.06275,1.06285,100
2026-01-07T04:45:00+00:00,1.06285,1.06288,1.06241,1.06255,100
2026-01-07T04:50:00+00:00,1.06255,1.06255,1.06217,1.06224,100
2026-01-07T04:55:00+00:00,1.06224,1.06227,1.06214,1.06218,100
2026-01-07T05:00:00+00:00,1.06218,1.06218,1.06191,1.06195,100
2026-01-07T05:05:00+00:00,1.06195,1.06199,1.06180,1.06182,100
2026-01-07T05:10:00+00:00,1.06182,1.06182,1.06132,1.06147,100
2026-01-07T05:15:00+00:00,1.06147,1.06149,1.06124,1.06146,100
2026-01-07T05:20:00+00:00,1.06146,1.06190,1.06143,1.06177,100
2026-01-07T05:25:00+00:00,1.06177,1.06201,1.06169,1.06189,100
2026-01-07T05:30:00+00:00,1.06189,1.06202,1.06176,1.06182,100
2026-01-07T05:35:00+00:00,1.06182,1.06252,1.06181,1.06222,100
2026-01-07T05:40:00+00:00,1.06222,1.06246,1.06216,1.06231,100
2026-01-07T05:45:00+00:00,1.06231,1.06259,1.06217,1.06258,100
2026-01-07T05:50:00+00:00,1.06258,1.06302,1.06249,1.06299,100
2026-01-07T05:55:00+00:00,1.06299,1.06348,1.06297,1.06342,100
2026-01-07T06:00:00+00:00,1.06342,1.06408,1.06342,1.06383,100
2026-01-07T06:05:00+00:00,1.06383,1.06410,1.06372,1.06407,100
2026-01-07T06:10:00+00:00,1.06407,1.06491,1.06398,1.06477,100
2026-01-07T06:15:00+00:00,1.06477,1.06508,1.06474,1.06500,100
2026-01-07T06:20:00+00:00,1.06500,1.06534,1.06496,1.06528,100
2026-01-07T06:25:00+00:00,1.06528,1.06575,1.06513,1.06557,100
2026-01-07T06:30:00+00:00,1.06557,1.06595,1.06546,1.06589,100
2026-01-07T06:35:00+00:00,1.06589,1.06609,1.06579,1.06602,100
2026-01-07T06:40:00+00:00,1.06602,1.06641,1.06584,1.06630,100
2026-01-07T06:45:00+00:00,1.06630,1.06633,1.06600,1.06606,100
2026-01-07T06:50:00+00:00,1.06606,1.06620,1.06576,1.06584,100
2026-01-07T06:55:00+00:00,1.06584,1.06594,1.06582,1.06584,100
2026-01-07T07:00:00+00:00,1.06584,1.06590,1.06545,1.06552,100
2026-01-07T07:05:00+00:00,1.06552,1.06554,1.06499,1.06523,100
2026-01-07T07:10:00+00:00,1.06523,1.06543,1.06511,1.06512,100
2026-01-07T07:15:00+00:00,1.06512,1.06523,1.06488,1.06494,100
2026-01-07T07:20:00+00:00,1.06494,1.06506,1.06478,1.06489,100
2026-01-07T07:25:00+00:00,1.06489,1.06504,1.06481,1.06503,100
2026-01-07T07:30:00+00:00,1.06503,1.06511,1.06480,1.06501,100
2026-01-07T07:35:00+00:00,1.06501,1.06505,1.06475,1.06475,100
2026-01-07T07:40:00+00:00,1.06475,1.06494,1.06458,1.06460,100
2026-01-07T07:45:00+00:00,1.06460,1.06470,1.06431,1.06433,100
2026-01-07T07:50:00+00:00,1.06433,1.06442,1.06405,1.06417,100
2026-01-07T07:55:00+00:00,1.06417,1.06439,1.06377,1.06385,100
2026-01-07T08:00:00+00:00,1.06385,1.06400,1.06381,1.06394,100
2026-01-07T08:05:00+00:00,1.06394,1.06407,1.06384,1.06405,100
2026-01-07T08:10:00+00:00,1.06405,1.06418,1.06391,1.06400,100
2026-01-07T08:15:00+00:00,1.06400,1.06404,1.06368,1.06372,100
2026-01-07T08:20:00+00:00,1.06372,1.06404,1.06358,1.06398,100
2026-01-07T08:25:00+00:00,1.06398,1.06398,1.06389,1.06392,100
2026-01-07T08:30:00+00:00,1.06392,1.06396,1.06379,1.06380,100
2026-01-07T08:35:00+00:00,1.06380,1.06382,1.06340,1.06356,100
2026-01-07T08:40:00+00:00,1.06356,1.06382,1.06343,1.06371,100
2026-01-07T08:45:00+00:00,1.06371,1.06375,1.06332,1.06338,100
2026-01-07T08:50:00+00:00,1.06338,1.06342,1.06322,1.06324,100
2026-01-07T08:55:00+00:00,1.06324,1.06337,1.06295,1.06299,100
2026-01-07T09:00:00+00:00,1.06299,1.06301,1.06297,1.06297,100
2026-01-07T09:05:00+00:00,1.06297,1.06304,1.06291,1.06294,100
2026-01-07T09:10:00+00:00,1.06294,1.06295,1.06253,1.06272,100
2026-01-07T09:15:00+00:00,1.06272,1.06274,1.06200,1.06224,100
2026-01-07T09:20:00+00:00,1.06224,1.06225,1.06199,1.06212,100
2026-01-07T09:25:00+00:00,1.06212,1.06214,1.06178,1.06196,100
2026-01-07T09:30:00+00:00,1.06196,1.06204,1.06195,1.06196,100
2026-01-07T09:35:00+00:00,1.06196,1.06216,1.06194,1.06212,100
2026-01-07T09:40:00+00:00,1.06212,1.06219,1.06192,1.06213,100
2026-01-07T09:45:00+00:00,1.06213,1.06216,1.06182,1.06200,100
2026-01-07T09:50:00+00:00,1.06200,1.06201,1.06193,1.06196,100
2026-01-07T09:55:00+00:00,1.06196,1.06211,1.06156,1.06168,100
2026-01-07T10:00:00+00:00,1.06168,1.06181,1.06166,1.06174,100
2026-01-07T10:05:00+00:00,1.06174,1.06179,1.06155,1.06171,100
2026-01-07T10:10:00+00:00,1.06171,1.06186,1.06164,1.06178,100
2026-01-07T10:15:00+00:00,1.06178,1.06181,1.06176,1.06178,100
2026-01-07T10:20:00+00:00,1.06178,1.06195,1.06174,1.06176,100
2026-01-07T10:25:00+00:00,1.06176,1.06197,1.06170,1.06188,100
2026-01-07T10:30:00+00:00,1.06188,1.06209,1.06183,1.06208,100
2026-01-07T10:35:00+00:00,1.06208,1.06230,1.06206,1.06228,100
2026-01-07T10:40:00+00:00,1.06228,1.06258,1.06216,1.06245,100
2026-01-07T10:45:00+00:00,1.06245,1.06251,1.06233,1.06241,100
2026-01-07T10:50:00+00:00,1.06241,1.06244,1.06211,1.06214,100
2026-01-07T10:55:00+00:00,1.06214,1.06220,1.06199,1.06200,100
2026-01-07T11:00:00+00:00,1.06200,1.06205,1.06193,1.06195,100
2026-01-07T11:05:00+00:00,1.06195,1.06205,1.06168,1.06172,100
2026-01-07T11:10:00+00:00,1.06172,1.06172,1.06153,1.06171,100
2026-01-07T11:15:00+00:00,1.06171,1.06190,1.06155,1.06161,100
2026-01-07T11:20:00+00:00,1.06161,1.06169,1.06148,1.06151,100
2026-01-07T11:25:00+00:00,1.06151,1.06176,1.06126,1.06166,100
2026-01-07T11:30:00+00:00,1.06166,1.06170,1.06152,1.06168,100
2026-01-07T11:35:00+00:00,1.06168,1.06190,1.06160,1.06184,100
2026-01-07T11:40:00+00:00,1.06184,1.06198,1.06181,1.06195,100
2026-01-07T11:45:00+00:00,1.06195,1.06216,1.06192,1.06196,100
2026-01-07T11:50:00+00:00,1.06196,1.06206,1.06193,1.06200,100
2026-01-07T11:55:00+00:00,1.06200,1.06212,1.06199,1.06204,100
2026-01-07T12:00:00+00:00,1.06204,1.06204,1.06185,1.06199,100
2026-01-07T12:05:00+00:00,1.06199,1.06200,1.06183,1.06188,100
2026-01-07T12:10:00+00:00,1.06188,1.06224,1.06171,1.06185,100
2026-01-07T12:15:00+00:00,1.06185,1.06205,1.06169,1.06173,100
2026-01-07T12:20:00+00:00,1.06173,1.06197,1.06166,1.06185,100
2026-01-07T12:25:00+00:00,1.06185,1.06196,1.06170,1.06183,100
2026-01-07T12:30:00+00:00,1.06183,1.06216,1.06155,1.06204,100
2026-01-07T12:35:00+00:00,1.06204,1.06229,1.06202,1.06229,100
2026-01-07T12:40:00+00:00,1.06229,1.06247,1.06186,1.06203,100
2026-01-07T12:45:00+00:00,1.06203,1.06207,1.06190,1.06199,100
2026-01-07T12:50:00+00:00,1.06199,1.06214,1.06172,1.06184,100
2026-01-07T12:55:00+00:00,1.06184,1.06188,1.06158,1.06159,100
2026-01-07T13:00:00+00:00,1.06159,1.06172,1.06131,1.06142,100
2026-01-07T13:05:00+00:00,1.06142,1.06146,1.06125,1.06132,100
2026-01-07T13:10:00+00:00,1.06132,1.06178,1.06126,1.06166,100
2026-01-07T13:15:00+00:00,1.06166,1.06185,1.06158,1.06178,100
2026-01-07T13:20:00+00:00,1.06178,1.06212,1.06159,1.06205,100
2026-01-07T13:25:00+00:00,1.06205,1.06208,1.06184,1.06185,100
2026-01-07T13:30:00+00:00,1.06185,1.06194,1.06178,1.06192,100
2026-01-07T13:35:00+00:00,1.06192,1.06193,1.06163,1.06184,100
2026-01-07T13:40:00+00:00,1.06184,1.06215,1.06160,1.06199,100
2026-01-07T13:45:00+00:00,1.06199,1.06213,1.06169,1.06172,100
2026-01-07T13:50:00+00:00,1.06172,1.06178,1.06125,1.06154,100
2026-01-07T13:55:00+00:00,1.06154,1.06163,1.06144,1.06158,100
2026-01-07T14:00:00+00:00,1.06158,1.06167,1.06111,1.06137,100
2026-01-07T14:05:00+00:00,1.06137,1.06144,1.06115,1.06122,100
2026-01-07T14:10:00+00:00,1.06122,1.06126,1.06117,1.06125,100
2026-01-07T14:15:00+00:00,1.06125,1.06133,1.06086,1.06100,100
2026-01-07T14:20:00+00:00,1.06100,1.06108,1.06094,1.06101,100
2026-01-07T14:25:00+00:00,1.06101,1.06125,1.06093,1.06113,100
2026-01-07T14:30:00+00:00,1.06113,1.06138,1.06103,1.06133,100
2026-01-07T14:35:00+00:00,1.06133,1.06137,1.06117,1.06126,100
2026-01-07T14:40:00+00:00,1.06126,1.06131,1.06120,1.06127,100
2026-01-07T14:45:00+00:00,1.06127,1.06146,1.06123,1.06144,100
2026-01-07T14:50:00+00:00,1.06144,1.06183,1.06139,1.06168,100
2026-01-07T14:55:00+00:00,1.06168,1.06172,1.06153,1.06165,100
2026-01-07T15:00:00+00:00,1.06165,1.06166,1.06127,1.06143,100
2026-01-07T15:05:00+00:00,1.06143,1.06146,1.06112,1.06123,100
2026-01-07T15:10:00+00:00,1.06123,1.06124,1.06113,1.06117,100
2026-01-07T15:15:00+00:00,1.06117,1.06128,1.06116,1.06128,100
2026-01-07T15:20:00+00:00,1.06128,1.06139,1.06102,1.06120,100
2026-01-07T15:25:00+00:00,1.06120,1.06144,1.06105,1.06135,100
2026-01-07T15:30:00+00:00,1.06135,1.06141,1.06116,1.06120,100
2026-01-07T15:35:00+00:00,1.06120,1.06138,1.06100,1.06105,100
2026-01-07T15:40:00+00:00,1.06105,1.06126,1.06081,1.06095,100
2026-01-07T15:45:00+00:00,1.06095,1.06106,1.06082,1.06087,100
2026-01-07T15:50:00+00:00,1.06087,1.06107,1.06086,1.06106,100
2026-01-07T15:55:00+00:00,1.06106,1.06132,1.06103,1.06110,100
2026-01-07T16:00:00+00:00,1.06110,1.06134,1.06106,1.06112,100
2026-01-07T16:05:00+00:00,1.06112,1.06123,1.06091,1.06093,100
2026-01-07T16:10:00+00:00,1.06093,1.06097,1.06076,1.06079,100
2026-01-07T16:15:00+00:00,1.06079,1.06082,1.06068,1.06073,100
2026-01-07T16:20:00+00:00,1.06073,1.06099,1.06068,1.06097,100
2026-01-07T16:25:00+00:00,1.06097,1.06104,1.06083,1.06083,100
2026-01-07T16:30:00+00:00,1.06083,1.06101,1.06082,1.06091,100
2026-01-07T16:35:00+00:00,1.06091,1.06112,1.06078,1.06078,100
2026-01-07T16:40:00+00:00,1.06078,1.06092,1.06053,1.06066,100
2026-01-07T16:45:00+00:00,1.06066,1.06071,1.06026,1.06041,100
2026-01-07T16:50:00+00:00,1.06041,1.06042,1.06015,1.06026,100
2026-01-07T16:55:00+00:00,1.06026,1.06066,1.06005,1.06016,100
2026-01-07T17:00:00+00:00,1.06016,1.06034,1.05992,1.06015,100
2026-01-07T17:05:00+00:00,1.06015,1.06019,1.06000,1.06001,100
2026-01-07T17:10:00+00:00,1.06001,1.06006,1.05978,1.05988,100
2026-01-07T17:15:00+00:00,1.05988,1.06025,1.05964,1.06002,100
2026-01-07T17:20:00+00:00,1.06002,1.06029,1.05996,1.06014,100
2026-01-07T17:25:00+00:00,1.06014,1.06022,1.05988,1.06000,100
2026-01-07T17:30:00+00:00,1.06000,1.06029,1.05988,1.06016,100
2026-01-07T17:35:00+00:00,1.06016,1.06031,1.05992,1.06010,100
2026-01-07T17:40:00+00:00,1.06010,1.06024,1.05971,1.05996,100
2026-01-07T17:45:00+00:00,1.05996,1.06024,1.05993,1.06012,100
2026-01-07T17:50:00+00:00,1.06012,1.06039,1.06005,1.06034,100
2026-01-07T17:55:00+00:00,1.06034,1.06077,1.06025,1.06061,100
2026-01-07T18:00:00+00:00,1.06061,1.06106,1.06049,1.06103,100
2026-01-07T18:05:00+00:00,1.06103,1.06128,1.06100,1.06119,100
2026-01-07T18:10:00+00:00,1.06119,1.06129,1.06118,1.06128,100
2026-01-07T18:15:00+00:00,1.06128,1.06171,1.06107,1.06154,100
2026-01-07T18:20:00+00:00,1.06154,1.06181,1.06144,1.06179,100
2026-01-07T18:25:00+00:00,1.06179,1.06181,1.06172,1.06175,100
2026-01-07T18:30:00+00:00,1.06175,1.06205,1.06171,1.06193,100
2026-01-07T18:35:00+00:00,1.06193,1.06226,1.06178,1.06219,100
2026-01-07T18:40:00+00:00,1.06219,1.06248,1.06212,1.06247,100
2026-01-07T18:45:00+00:00,1.06247,1.06267,1.06245,1.06255,100
2026-01-07T18:50:00+00:00,1.06255,1.06275,1.06217,1.06242,100
2026-01-07T18:55:00+00:00,1.06242,1.06254,1.06231,1.06253,100
2026-01-07T19:00:00+00:00,1.06253,1.06279,1.06237,1.06266,100
2026-01-07T19:05:00+00:00,1.06266,1.06300,1.06254,1.06283,100
2026-01-07T19:10:00+00:00,1.06283,1.06297,1.06275,1.06289,100
2026-01-07T19:15:00+00:00,1.06289,1.06290,1.06285,1.06289,100
2026-01-07T19:20:00+00:00,1.06289,1.06319,1.06279,1.06315,100
2026-01-07T19:25:00+00:00,1.06315,1.06336,1.06308,1.06328,100
2026-01-07T19:30:00+00:00,1.06328,1.06341,1.06314,1.06334,100
2026-01-07T19:35:00+00:00,1.06334,1.06348,1.06313,1.06317,100
2026-01-07T19:40:00+00:00,1.06317,1.06331,1.06282,1.06299,100
2026-01-07T19:45:00+00:00,1.06299,1.06308,1.06277,1.06277,100
2026-01-07T19:50:00+00:00,1.06277,1.06290,1.06266,1.06281,100
2026-01-07T19:55:00+00:00,1.06281,1.06282,1.06256,1.06266,100
2026-01-07T20:00:00+00:00,1.06266,1.06269,1.06241,1.06257,100
2026-01-07T20:05:00+00:00,1.06257,1.06258,1.06240,1.06243,100
2026-01-07T20:10:00+00:00,1.06243,1.06249,1.06232,1.06240,100
2026-01-07T20:15:00+00:00,1.06240,1.06253,1.06221,1.06228,100
2026-01-07T20:20:00+00:00,1.06228,1.06229,1.06213,1.06228,100
2026-01-07T20:25:00+00:00,1.06228,1.06238,1.06218,1.06226,100
2026-01-07T20:30:00+00:00,1.06226,1.06229,1.06219,1.06223,100
2026-01-07T20:35:00+00:00,1.06223,1.06243,1.06200,1.06211,100
2026-01-07T20:40:00+00:00,1.06211,1.06214,1.06184,1.06194,100
2026-01-07T20:45:00+00:00,1.06194,1.06212,1.06178,1.06186,100
2026-01-07T20:50:00+00:00,1.06186,1.06198,1.06181,1.06187,100
2026-01-07T20:55:00+00:00,1.06187,1.06232,1.06165,1.06215,100
2026-01-07T21:00:00+00:00,1.06215,1.06224,1.06195,1.06206,100
2026-01-07T21:05:00+00:00,1.06206,1.06222,1.06205,1.06219,100
2026-01-07T21:10:00+00:00,1.06219,1.06219,1.06207,1.06218,100
2026-01-07T21:15:00+00:00,1.06218,1.06238,1.06218,1.06235,100
2026-01-07T21:20:00+00:00,1.06235,1.06246,1.06229,1.06231,100
2026-01-07T21:25:00+00:00,1.06231,1.06238,1.06219,1.06231,100
2026-01-07T21:30:00+00:00,1.06231,1.06234,1.06206,1.06207,100
2026-01-07T21:35:00+00:00,1.06207,1.06216,1.06193,1.06206,100
2026-01-07T21:40:00+00:00,1.06206,1.06209,1.06188,1.06195,100
2026-01-07T21:45:00+00:00,1.06195,1.06212,1.06183,1.06189,100
2026-01-07T21:50:00+00:00,1.06189,1.06209,1.06155,1.06160,100
2026-01-07T21:55:00+00:00,1.06160,1.06161,1.06128,1.06138,100
2026-01-07T22:00:00+00:00,1.06138,1.06152,1.06118,1.06133,100
2026-01-07T22:05:00+00:00,1.06133,1.06135,1.06123,1.06132,100
2026-01-07T22:10:00+00:00,1.06132,1.06136,1.06123,1.06124,100
2026-01-07T22:15:00+00:00,1.06124,1.06135,1.06094,1.06104,100
2026-01-07T22:20:00+00:00,1.06104,1.06115,1.06089,1.06107,100
2026-01-07T22:25:00+00:00,1.06107,1.06125,1.06104,1.06107,100
2026-01-07T22:30:00+00:00,1.06107,1.06126,1.06097,1.06124,100
2026-01-07T22:35:00+00:00,1.06124,1.06165,1.06117,1.06143,100
2026-01-07T22:40:00+00:00,1.06143,1.06162,1.06139,1.06151,100
2026-01-07T22:45:00+00:00,1.06151,1.06175,1.06150,1.06159,100
2026-01-07T22:50:00+00:00,1.06159,1.06187,1.06150,1.06177,100
2026-01-07T22:55:00+00:00,1.06177,1.06178,1.06157,1.06161,100
2026-01-07T23:00:00+00:00,1.06161,1.06168,1.06153,1.06157,100
2026-01-07T23:05:00+00:00,1.06157,1.06189,1.06150,1.06171,100
2026-01-07T23:10:00+00:00,1.06171,1.06184,1.06170,1.06179,100
2026-01-07T23:15:00+00:00,1.06179,1.06203,1.06177,1.06203,100
2026-01-07T23:20:00+00:00,1.06203,1.06204,1.06184,1.06185,100
2026-01-07T23:25:00+00:00,1.06185,1.06189,1.06157,1.06168,100
2026-01-07T23:30:00+00:00,1.06168,1.06179,1.06154,1.06155,100
2026-01-07T23:35:00+00:00,1.06155,1.06177,1.06144,1.06162,100
2026-01-07T23:40:00+00:00,1.06162,1.06184,1.06159,1.06169,100
2026-01-07T23:45:00+00:00,1.06169,1.06188,1.06154,1.06160,100
2026-01-07T23:50:00+00:00,1.06160,1.06161,1.06154,1.06154,100
2026-01-07T23:55:00+00:00,1.06154,1.06158,1.06136,1.06146,100
2026-01-08T00:00:00+00:00,1.06146,1.06160,1.06127,1.06132,100
2026-01-08T00:05:00+00:00,1.06132,1.06157,1.06100,1.06136,100
2026-01-08T00:10:00+00:00,1.06136,1.06144,1.06116,1.06121,100
2026-01-08T00:15:00+00:00,1.06121,1.06125,1.06087,1.06102,100
2026-01-08T00:20:00+00:00,1.06102,1.06109,1.06065,1.06078,100
2026-01-08T00:25:00+00:00,1.06078,1.06086,1.06060,1.06066,100
2026-01-08T00:30:00+00:00,1.06066,1.06087,1.06040,1.06049,100
2026-01-08T00:35:00+00:00,1.06049,1.06049,1.06014,1.06028,100
2026-01-08T00:40:00+00:00,1.06028,1.06040,1.06008,1.06021,100
2026-01-08T00:45:00+00:00,1.06021,1.06025,1.05993,1.06006,100
2026-01-08T00:50:00+00:00,1.06006,1.06018,1.05993,1.06003,100
2026-01-08T00:55:00+00:00,1.06003,1.06029,1.05996,1.06027,100
2026-01-08T01:00:00+00:00,1.06027,1.06051,1.06025,1.06033,100
2026-01-08T01:05:00+00:00,1.06033,1.06039,1.06019,1.06034,100
2026-01-08T01:10:00+00:00,1.06034,1.06047,1.06016,1.06031,100
2026-01-08T01:15:00+00:00,1.06031,1.06040,1.06006,1.06013,100
2026-01-08T01:20:00+00:00,1.06013,1.06045,1.06011,1.06033,100
2026-01-08T01:25:00+00:00,1.06033,1.06034,1.06000,1.06000,100
2026-01-08T01:30:00+00:00,1.06000,1.06013,1.05981,1.05989,100
2026-01-08T01:35:00+00:00,1.05989,1.05998,1.05965,1.05975,100
2026-01-08T01:40:00+00:00,1.05975,1.05992,1.05954,1.05975,100
2026-01-08T01:45:00+00:00,1.05975,1.06000,1.05967,1.05991,100
2026-01-08T01:50:00+00:00,1.05991,1.05999,1.05963,1.05981,100
2026-01-08T01:55:00+00:00,1.05981,1.05984,1.05948,1.05982,100
2026-01-08T02:00:00+00:00,1.05982,1.06004,1.05975,1.05995,100
2026-01-08T02:05:00+00:00,1.05995,1.05997,1.05981,1.05988,100
2026-01-08T02:10:00+00:00,1.05988,1.06001,1.05987,1.06000,100
2026-01-08T02:15:00+00:00,1.06000,1.06046,1.05988,1.06043,100
2026-01-08T02:20:00+00:00,1.06043,1.06066,1.06040,1.06051,100
2026-01-08T02:25:00+00:00,1.06051,1.06067,1.06032,1.06034,100
2026-01-08T02:30:00+00:00,1.06034,1.06047,1.06011,1.06018,100
2026-01-08T02:35:00+00:00,1.06018,1.06026,1.05999,1.06022,100
2026-01-08T02:40:00+00:00,1.06022,1.06036,1.05997,1.06020,100
2026-01-08T02:45:00+00:00,1.06020,1.06040,1.06017,1.06033,100
2026-01-08T02:50:00+00:00,1.06033,1.06050,1.06015,1.06038,100
2026-01-08T02:55:00+00:00,1.06038,1.06086,1.06031,1.06074,100
2026-01-08T03:00:00+00:00,1.06074,1.06076,1.06060,1.06066,100
2026-01-08T03:05:00+00:00,1.06066,1.06093,1.06057,1.06085,100
2026-01-08T03:10:00+00:00,1.06085,1.06096,1.06072,1.06085,100
2026-01-08T03:15:00+00:00,1.06085,1.06115,1.06083,1.06107,100
2026-01-08T03:20:00+00:00,1.06107,1.06113,1.06099,1.06104,100
2026-01-08T03:25:00+00:00,1.06104,1.06112,1.06096,1.06110,100
2026-01-08T03:30:00+00:00,1.06110,1.06113,1.06102,1.06105,100
2026-01-08T03:35:00+00:00,1.06105,1.06132,1.06084,1.06114,100
2026-01-08T03:40:00+00:00,1.06114,1.06149,1.06104,1.06134,100
2026-01-08T03:45:00+00:00,1.06134,1.06150,1.06111,1.06150,100
2026-01-08T03:50:00+00:00,1.06150,1.06166,1.06148,1.06149,100
2026-01-08T03:55:00+00:00,1.06149,1.06171,1.06139,1.06168,100
2026-01-08T04:00:00+00:00,1.06168,1.06179,1.06160,1.06177,100
2026-01-08T04:05:00+00:00,1.06177,1.06203,1.06176,1.06197,100
2026-01-08T04:10:00+00:00,1.06197,1.06202,1.06182,1.06192,100
2026-01-08T04:15:00+00:00,1.06192,1.06215,1.06172,1.06193,100
2026-01-08T04:20:00+00:00,1.06193,1.06224,1.06181,1.06211,100
2026-01-08T04:25:00+00:00,1.06211,1.06227,1.06198,1.06213,100
2026-01-08T04:30:00+00:00,1.06213,1.06228,1.06211,1.06225,100
2026-01-08T04:35:00+00:00,1.06225,1.06231,1.06216,1.06220,100
2026-01-08T04:40:00+00:00,1.06220,1.06248,1.06202,1.06244,100
2026-01-08T04:45:00+00:00,1.06244,1.06268,1.06232,1.06237,100
2026-01-08T04:50:00+00:00,1.06237,1.06272,1.06235,1.06263,100
2026-01-08T04:55:00+00:00,1.06263,1.06282,1.06252,1.06256,100
2026-01-08T05:00:00+00:00,1.06256,1.06257,1.06214,1.06234,100
2026-01-08T05:05:00+00:00,1.06234,1.06264,1.06220,1.06247,100
2026-01-08T05:10:00+00:00,1.06247,1.06293,1.06238,1.06262,100
2026-01-08T05:15:00+00:00,1.06262,1.06277,1.06261,1.06273,100
2026-01-08T05:20:00+00:00,1.06273,1.06288,1.06270,1.06275,100
2026-01-08T05:25:00+00:00,1.06275,1.06281,1.06243,1.06257,100
2026-01-08T05:30:00+00:00,1.06257,1.06261,1.06234,1.06239,100
2026-01-08T05:35:00+00:00,1.06239,1.06265,1.06234,1.06246,100
2026-01-08T05:40:00+00:00,1.06246,1.06269,1.06233,1.06255,100
2026-01-08T05:45:00+00:00,1.06255,1.06265,1.06252,1.06258,100
2026-01-08T05:50:00+00:00,1.06258,1.06259,1.06246,1.06252,100
2026-01-08T05:55:00+00:00,1.06252,1.06258,1.06217,1.06242,100
2026-01-08T06:00:00+00:00,1.06242,1.06245,1.06232,1.06232,100
2026-01-08T06:05:00+00:00,1.06232,1.06235,1.06207,1.06224,100
2026-01-08T06:10:00+00:00,1.06224,1.06234,1.06220,1.06231,100
2026-01-08T06:15:00+00:00,1.06231,1.06244,1.06206,1.06216,100
2026-01-08T06:20:00+00:00,1.06216,1.06220,1.06197,1.06199,100
2026-01-08T06:25:00+00:00,1.06199,1.06204,1.06169,1.06185,100
2026-01-08T06:30:00+00:00,1.06185,1.06199,1.06177,1.06187,100
2026-01-08T06:35:00+00:00,1.06187,1.06191,1.06167,1.06168,100
2026-01-08T06:40:00+00:00,1.06168,1.06169,1.06150,1.06167,100
2026-01-08T06:45:00+00:00,1.06167,1.06173,1.06143,1.06143,100
2026-01-08T06:50:00+00:00,1.06143,1.06177,1.06117,1.06169,100
2026-01-08T06:55:00+00:00,1.06169,1.06180,1.06136,1.06145,100
2026-01-08T07:00:00+00:00,1.06145,1.06195,1.06128,1.06171,100
2026-01-08T07:05:00+00:00,1.06171,1.06191,1.06166,1.06175,100
2026-01-08T07:10:00+00:00,1.06175,1.06176,1.06154,1.06170,100
2026-01-08T07:15:00+00:00,1.06170,1.06192,1.06147,1.06151,100
2026-01-08T07:20:00+00:00,1.06151,1.06152,1.06125,1.06142,100
2026-01-08T07:25:00+00:00,1.06142,1.06158,1.06135,1.06145,100
2026-01-08T07:30:00+00:00,1.06145,1.06146,1.06112,1.06117,100
2026-01-08T07:35:00+00:00,1.06117,1.06138,1.06117,1.06130,100
2026-01-08T07:40:00+00:00,1.06130,1.06132,1.06119,1.06131,100
2026-01-08T07:45:00+00:00,1.06131,1.06132,1.06114,1.06125,100
2026-01-08T07:50:00+00:00,1.06125,1.06134,1.06115,1.06132,100
2026-01-08T07:55:00+00:00,1.06132,1.06133,1.06130,1.06131,100
2026-01-08T08:00:00+00:00,1.06131,1.06138,1.06111,1.06120,100
2026-01-08T08:05:00+00:00,1.06120,1.06136,1.06071,1.06093,100
2026-01-08T08:10:00+00:00,1.06093,1.06114,1.06078,1.06099,100
2026-01-08T08:15:00+00:00,1.06099,1.06104,1.06086,1.06087,100
2026-01-08T08:20:00+00:00,1.06087,1.06102,1.06053,1.06058,100
2026-01-08T08:25:00+00:00,1.06058,1.06092,1.06044,1.06068,100
2026-01-08T08:30:00+00:00,1.06068,1.06069,1.06048,1.06065,100
2026-01-08T08:35:00+00:00,1.06065,1.06108,1.06053,1.06107,100
2026-01-08T08:40:00+00:00,1.06107,1.06136,1.06098,1.06114,100
2026-01-08T08:45:00+00:00,1.06114,1.06124,1.06089,1.06112,100
2026-01-08T08:50:00+00:00,1.06112,1.06127,1.06106,1.06126,100
2026-01-08T08:55:00+00:00,1.06126,1.06150,1.06104,1.06129,100
2026-01-08T09:00:00+00:00,1.06129,1.06148,1.06128,1.06132,100
2026-01-08T09:05:00+00:00,1.06132,1.06164,1.06118,1.06146,100
2026-01-08T09:10:00+00:00,1.06146,1.06179,1.06135,1.06161,100
2026-01-08T09:15:00+00:00,1.06161,1.06169,1.06155,1.06167,100
2026-01-08T09:20:00+00:00,1.06167,1.06207,1.06161,1.06206,100
2026-01-08T09:25:00+00:00,1.06206,1.06216,1.06187,1.06207,100
2026-01-08T09:30:00+00:00,1.06207,1.06221,1.06198,1.06216,100
2026-01-08T09:35:00+00:00,1.06216,1.06241,1.06207,1.06225,100
2026-01-08T09:40:00+00:00,1.06225,1.06247,1.06218,1.06242,100
2026-01-08T09:45:00+00:00,1.06242,1.06283,1.06228,1.06281,100
2026-01-08T09:50:00+00:00,1.06281,1.06307,1.06260,1.06299,100
2026-01-08T09:55:00+00:00,1.06299,1.06331,1.06283,1.06317,100
2026-01-08T10:00:00+00:00,1.06317,1.06340,1.06311,1.06333,100
2026-01-08T10:05:00+00:00,1.06333,1.06372,1.06329,1.06363,100
2026-01-08T10:10:00+00:00,1.06363,1.06374,1.06357,1.06367,100
2026-01-08T10:15:00+00:00,1.06367,1.06396,1.06358,1.06391,100
2026-01-08T10:20:00+00:00,1.06391,1.06420,1.06372,1.06402,100
2026-01-08T10:25:00+00:00,1.06402,1.06428,1.06388,1.06422,100
2026-01-08T10:30:00+00:00,1.06422,1.06467,1.06414,1.06456,100
2026-01-08T10:35:00+00:00,1.06456,1.06486,1.06445,1.06471,100
2026-01-08T10:40:00+00:00,1.06471,1.06507,1.06464,1.06500,100
2026-01-08T10:45:00+00:00,1.06500,1.06521,1.06491,1.06494,100
2026-01-08T10:50:00+00:00,1.06494,1.06508,1.06493,1.06502,100
2026-01-08T10:55:00+00:00,1.06502,1.06537,1.06482,1.06527,100
2026-01-08T11:00:00+00:00,1.06527,1.06550,1.06513,1.06522,100
2026-01-08T11:05:00+00:00,1.06522,1.06529,1.06509,1.06516,100
2026-01-08T11:10:00+00:00,1.06516,1.06531,1.06483,1.06494,100
2026-01-08T11:15:00+00:00,1.06494,1.06505,1.06434,1.06449,100
2026-01-08T11:20:00+00:00,1.06449,1.06459,1.06433,1.06437,100
2026-01-08T11:25:00+00:00,1.06437,1.06439,1.06419,1.06422,100
2026-01-08T11:30:00+00:00,1.06422,1.06432,1.06387,1.06399,100
2026-01-08T11:35:00+00:00,1.06399,1.06409,1.06350,1.06361,100
2026-01-08T11:40:00+00:00,1.06361,1.06365,1.06352,1.06353,100
2026-01-08T11:45:00+00:00,1.06353,1.06364,1.06344,1.06353,100
2026-01-08T11:50:00+00:00,1.06353,1.06390,1.06351,1.06372,100
2026-01-08T11:55:00+00:00,1.06372,1.06382,1.06362,1.06370,100
2026-01-08T12:00:00+00:00,1.06370,1.06375,1.06360,1.06365,100
2026-01-08T12:05:00+00:00,1.06365,1.06366,1.06351,1.06355,100
2026-01-08T12:10:00+00:00,1.06355,1.06364,1.06337,1.06341,100
2026-01-08T12:15:00+00:00,1.06341,1.06355,1.06324,1.06324,100
2026-01-08T12:20:00+00:00,1.06324,1.06333,1.06310,1.06316,100
2026-01-08T12:25:00+00:00,1.06316,1.06336,1.06310,1.06318,100
2026-01-08T12:30:00+00:00,1.06318,1.06322,1.06302,1.06312,100
2026-01-08T12:35:00+00:00,1.06312,1.06316,1.06291,1.06299,100
2026-01-08T12:40:00+00:00,1.06299,1.06316,1.06294,1.06304,100
2026-01-08T12:45:00+00:00,1.06304,1.06323,1.06299,1.06320,100
2026-01-08T12:50:00+00:00,1.06320,1.06350,1.06319,1.06323,100
2026-01-08T12:55:00+00:00,1.06323,1.06326,1.06314,1.06321,100
2026-01-08T13:00:00+00:00,1.06321,1.06357,1.06311,1.06348,100
2026-01-08T13:05:00+00:00,1.06348,1.06383,1.06344,1.06354,100
2026-01-08T13:10:00+00:00,1.06354,1.06384,1.06334,1.06372,100
2026-01-08T13:15:00+00:00,1.06372,1.06442,1.06371,1.06435,100
2026-01-08T13:20:00+00:00,1.06435,1.06439,1.06411,1.06435,100
2026-01-08T13:25:00+00:00,1.06435,1.06481,1.06412,1.06471,100
2026-01-08T13:30:00+00:00,1.06471,1.06489,1.06459,1.06489,100
2026-01-08T13:35:00+00:00,1.06489,1.06534,1.06487,1.06524,100
2026-01-08T13:40:00+00:00,1.06524,1.06527,1.06511,1.06519,100
2026-01-08T13:45:00+00:00,1.06519,1.06522,1.06488,1.06497,100
2026-01-08T13:50:00+00:00,1.06497,1.06521,1.06417,1.06457,100
2026-01-08T13:55:00+00:00,1.06457,1.06459,1.06418,1.06427,100
2026-01-08T14:00:00+00:00,1.06427,1.06432,1.06409,1.06410,100
2026-01-08T14:05:00+00:00,1.06410,1.06420,1.06360,1.06377,100
2026-01-08T14:10:00+00:00,1.06377,1.06381,1.06346,1.06362,100
2026-01-08T14:15:00+00:00,1.06362,1.06369,1.06313,1.06321,100
2026-01-08T14:20:00+00:00,1.06321,1.06322,1.06276,1.06286,100
2026-01-08T14:25:00+00:00,1.06286,1.06290,1.06257,1.06265,100
2026-01-08T14:30:00+00:00,1.06265,1.06276,1.06240,1.06243,100
2026-01-08T14:35:00+00:00,1.06243,1.06255,1.06219,1.06224,100
2026-01-08T14:40:00+00:00,1.06224,1.06225,1.06162,1.06171,100
2026-01-08T14:45:00+00:00,1.06171,1.06208,1.06161,1.06205,100
2026-01-08T14:50:00+00:00,1.06205,1.06260,1.06204,1.06247,100
2026-01-08T14:55:00+00:00,1.06247,1.06296,1.06246,1.06282,100
2026-01-08T15:00:00+00:00,1.06282,1.06332,1.06281,1.06315,100
2026-01-08T15:05:00+00:00,1.06315,1.06375,1.06305,1.06366,100
2026-01-08T15:10:00+00:00,1.06366,1.06404,1.06364,1.06399,100
2026-01-08T15:15:00+00:00,1.06399,1.06453,1.06397,1.06437,100
2026-01-08T15:20:00+00:00,1.06437,1.06504,1.06436,1.06497,100
2026-01-08T15:25:00+00:00,1.06497,1.06531,1.06494,1.06524,100
2026-01-08T15:30:00+00:00,1.06524,1.06581,1.06520,1.06580,100
2026-01-08T15:35:00+00:00,1.06580,1.06653,1.06575,1.06638,100
2026-01-08T15:40:00+00:00,1.06638,1.06731,1.06632,1.06704,100
2026-01-08T15:45:00+00:00,1.06704,1.06769,1.06688,1.06769,100
2026-01-08T15:50:00+00:00,1.06769,1.06814,1.06766,1.06812,100
2026-01-08T15:55:00+00:00,1.06812,1.06836,1.06807,1.06831,100
2026-01-08T16:00:00+00:00,1.06831,1.06879,1.06830,1.06878,100
2026-01-08T16:05:00+00:00,1.06878,1.06892,1.06863,1.06867,100
2026-01-08T16:10:00+00:00,1.06867,1.06869,1.06822,1.06831,100
2026-01-08T16:15:00+00:00,1.06831,1.06839,1.06779,1.06796,100
2026-01-08T16:20:00+00:00,1.06796,1.06816,1.06766,1.06766,100
2026-01-08T16:25:00+00:00,1.06766,1.06775,1.06744,1.06758,100
2026-01-08T16:30:00+00:00,1.06758,1.06784,1.06728,1.06740,100
2026-01-08T16:35:00+00:00,1.06740,1.06743,1.06716,1.06731,100
2026-01-08T16:40:00+00:00,1.06731,1.06732,1.06698,1.06701,100
2026-01-08T16:45:00+00:00,1.06701,1.06718,1.06691,1.06707,100
2026-01-08T16:50:00+00:00,1.06707,1.06724,1.06705,1.06721,100
2026-01-08T16:55:00+00:00,1.06721,1.06769,1.06720,1.06749,100
2026-01-08T17:00:00+00:00,1.06749,1.06755,1.06746,1.06749,100
2026-01-08T17:05:00+00:00,1.06749,1.06760,1.06736,1.06740,100
2026-01-08T17:10:00+00:00,1.06740,1.06744,1.06737,1.06738,100
2026-01-08T17:15:00+00:00,1.06738,1.06749,1.06691,1.06707,100
2026-01-08T17:20:00+00:00,1.06707,1.06709,1.06707,1.06707,100
2026-01-08T17:25:00+00:00,1.06707,1.06725,1.06705,1.06721,100
2026-01-08T17:30:00+00:00,1.06721,1.06737,1.06714,1.06721,100
2026-01-08T17:35:00+00:00,1.06721,1.06737,1.06699,1.06721,100
2026-01-08T17:40:00+00:00,1.06721,1.06725,1.06698,1.06713,100
2026-01-08T17:45:00+00:00,1.06713,1.06724,1.06709,1.06716,100
2026-01-08T17:50:00+00:00,1.06716,1.06733,1.06716,1.06725,100
2026-01-08T17:55:00+00:00,1.06725,1.06733,1.06717,1.06731,100
2026-01-08T18:00:00+00:00,1.06731,1.06747,1.06717,1.06734,100
2026-01-08T18:05:00+00:00,1.06734,1.06747,1.06715,1.06715,100
2026-01-08T18:10:00+00:00,1.06715,1.06749,1.06705,1.06738,100
2026-01-08T18:15:00+00:00,1.06738,1.06764,1.06733,1.06756,100
2026-01-08T18:20:00+00:00,1.06756,1.06769,1.06750,1.06763,100
2026-01-08T18:25:00+00:00,1.06763,1.06786,1.06755,1.06782,100
2026-01-08T18:30:00+00:00,1.06782,1.06786,1.06758,1.06771,100
2026-01-08T18:35:00+00:00,1.06771,1.06787,1.06770,1.06772,100
2026-01-08T18:40:00+00:00,1.06772,1.06783,1.06765,1.06775,100
2026-01-08T18:45:00+00:00,1.06775,1.06804,1.06760,1.06797,100
2026-01-08T18:50:00+00:00,1.06797,1.06825,1.06791,1.06818,100
2026-01-08T18:55:00+00:00,1.06818,1.06844,1.06817,1.06842,100
2026-01-08T19:00:00+00:00,1.06842,1.06866,1.06834,1.06860,100
2026-01-08T19:05:00+00:00,1.06860,1.06872,1.06857,1.06867,100
2026-01-08T19:10:00+00:00,1.06867,1.06889,1.06864,1.06883,100
2026-01-08T19:15:00+00:00,1.06883,1.06906,1.06868,1.06889,100
2026-01-08T19:20:00+00:00,1.06889,1.06919,1.06880,1.06910,100
2026-01-08T19:25:00+00:00,1.06910,1.06927,1.06898,1.06924,100
2026-01-08T19:30:00+00:00,1.06924,1.06943,1.06912,1.06933,100
2026-01-08T19:35:00+00:00,1.06933,1.06943,1.06923,1.06941,100
2026-01-08T19:40:00+00:00,1.06941,1.06962,1.06934,1.06953,100
2026-01-08T19:45:00+00:00,1.06953,1.06978,1.06947,1.06965,100
2026-01-08T19:50:00+00:00,1.06965,1.07030,1.06956,1.06996,100
2026-01-08T19:55:00+00:00,1.06996,1.07004,1.06986,1.06989,100
2026-01-08T20:00:00+00:00,1.06989,1.06998,1.06977,1.06980,100
2026-01-08T20:05:00+00:00,1.06980,1.06998,1.06971,1.06988,100
2026-01-08T20:10:00+00:00,1.06988,1.07019,1.06985,1.07011,100
2026-01-08T20:15:00+00:00,1.07011,1.07025,1.07005,1.07024,100
2026-01-08T20:20:00+00:00,1.07024,1.07051,1.07015,1.07048,100
2026-01-08T20:25:00+00:00,1.07048,1.07078,1.07039,1.07071,100
2026-01-08T20:30:00+00:00,1.07071,1.07092,1.07064,1.07083,100
2026-01-08T20:35:00+00:00,1.07083,1.07111,1.07048,1.07099,100
2026-01-08T20:40:00+00:00,1.07099,1.07105,1.07080,1.07081,100
2026-01-08T20:45:00+00:00,1.07081,1.07083,1.07050,1.07062,100
2026-01-08T20:50:00+00:00,1.07062,1.07067,1.07046,1.07051,100
2026-01-08T20:55:00+00:00,1.07051,1.07068,1.07034,1.07061,100
2026-01-08T21:00:00+00:00,1.07061,1.07065,1.07057,1.07059,100
2026-01-08T21:05:00+00:00,1.07059,1.07063,1.07035,1.07043,100
2026-01-08T21:10:00+00:00,1.07043,1.07068,1.07000,1.07006,100
2026-01-08T21:15:00+00:00,1.07006,1.07007,1.06981,1.06990,100
2026-01-08T21:20:00+00:00,1.06990,1.06991,1.06976,1.06982,100
2026-01-08T21:25:00+00:00,1.06982,1.07001,1.06978,1.06997,100
2026-01-08T21:30:00+00:00,1.06997,1.06999,1.06986,1.06999,100
2026-01-08T21:35:00+00:00,1.06999,1.07013,1.06992,1.06994,100
2026-01-08T21:40:00+00:00,1.06994,1.06999,1.06977,1.06987,100
2026-01-08T21:45:00+00:00,1.06987,1.07015,1.06974,1.06977,100
2026-01-08T21:50:00+00:00,1.06977,1.06986,1.06953,1.06967,100
2026-01-08T21:55:00+00:00,1.06967,1.06976,1.06957,1.06961,100
2026-01-08T22:00:00+00:00,1.06961,1.06975,1.06933,1.06937,100
2026-01-08T22:05:00+00:00,1.06937,1.06956,1.06897,1.06912,100
2026-01-08T22:10:00+00:00,1.06912,1.06924,1.06895,1.06901,100
2026-01-08T22:15:00+00:00,1.06901,1.06917,1.06867,1.06877,100
2026-01-08T22:20:00+00:00,1.06877,1.06884,1.06846,1.06849,100
2026-01-08T22:25:00+00:00,1.06849,1.06854,1.06817,1.06821,100
2026-01-08T22:30:00+00:00,1.06821,1.06828,1.06810,1.06817,100
2026-01-08T22:35:00+00:00,1.06817,1.06821,1.06812,1.06816,100
2026-01-08T22:40:00+00:00,1.06816,1.06837,1.06805,1.06812,100
2026-01-08T22:45:00+00:00,1.06812,1.06832,1.06809,1.06824,100
2026-01-08T22:50:00+00:00,1.06824,1.06829,1.06780,1.06797,100
2026-01-08T22:55:00+00:00,1.06797,1.06801,1.06768,1.06775,100
2026-01-08T23:00:00+00:00,1.06775,1.06777,1.06741,1.06746,100
2026-01-08T23:05:00+00:00,1.06746,1.06754,1.06728,1.06729,100
2026-01-08T23:10:00+00:00,1.06729,1.06751,1.06717,1.06745,100
2026-01-08T23:15:00+00:00,1.06745,1.06748,1.06730,1.06734,100
2026-01-08T23:20:00+00:00,1.06734,1.06756,1.06734,1.06739,100
2026-01-08T23:25:00+00:00,1.06739,1.06742,1.06736,1.06740,100
2026-01-08T23:30:00+00:00,1.06740,1.06750,1.06726,1.06728,100
2026-01-08T23:35:00+00:00,1.06728,1.06757,1.06713,1.06751,100
2026-01-08T23:40:00+00:00,1.06751,1.06763,1.06750,1.06756,100
2026-01-08T23:45:00+00:00,1.06756,1.06773,1.06748,1.06766,100
2026-01-08T23:50:00+00:00,1.06766,1.06791,1.06751,1.06787,100
2026-01-08T23:55:00+00:00,1.06787,1.06805,1.06777,1.06798,100
2026-01-09T00:00:00+00:00,1.06798,1.06807,1.06791,1.06799,100
2026-01-09T00:05:00+00:00,1.06799,1.06823,1.06791,1.06819,100
2026-01-09T00:10:00+00:00,1.06819,1.06868,1.06802,1.06850,100
2026-01-09T00:15:00+00:00,1.06850,1.06850,1.06845,1.06845,100
2026-01-09T00:20:00+00:00,1.06845,1.06867,1.06824,1.06862,100
2026-01-09T00:25:00+00:00,1.06862,1.06896,1.06850,1.06889,100
2026-01-09T00:30:00+00:00,1.06889,1.06901,1.06889,1.06892,100
2026-01-09T00:35:00+00:00,1.06892,1.06916,1.06867,1.06907,100
2026-01-09T00:40:00+00:00,1.06907,1.06916,1.06905,1.06913,100
2026-01-09T00:45:00+00:00,1.06913,1.06952,1.06906,1.06944,100
2026-01-09T00:50:00+00:00,1.06944,1.06953,1.06917,1.06929,100
2026-01-09T00:55:00+00:00,1.06929,1.06932,1.06922,1.06927,100
2026-01-09T01:00:00+00:00,1.06927,1.06944,1.06921,1.06939,100
2026-01-09T01:05:00+00:00,1.06939,1.06964,1.06929,1.06962,100
2026-01-09T01:10:00+00:00,1.06962,1.06981,1.06933,1.06969,100
2026-01-09T01:15:00+00:00,1.06969,1.06978,1.06965,1.06971,100
2026-01-09T01:20:00+00:00,1.06971,1.06995,1.06960,1.06976,100
2026-01-09T01:25:00+00:00,1.06976,1.07008,1.06974,1.07002,100
2026-01-09T01:30:00+00:00,1.07002,1.07030,1.06997,1.07013,100
2026-01-09T01:35:00+00:00,1.07013,1.07070,1.06998,1.07064,100
2026-01-09T01:40:00+00:00,1.07064,1.07097,1.07062,1.07093,100
2026-01-09T01:45:00+00:00,1.07093,1.07116,1.07086,1.07100,100
2026-01-09T01:50:00+00:00,1.07100,1.07139,1.07093,1.07126,100
2026-01-09T01:55:00+00:00,1.07126,1.07161,1.07118,1.07142,100
2026-01-09T02:00:00+00:00,1.07142,1.07167,1.07141,1.07155,100
2026-01-09T02:05:00+00:00,1.07155,1.07160,1.07153,1.07154,100
2026-01-09T02:10:00+00:00,1.07154,1.07178,1.07150,1.07169,100
2026-01-09T02:15:00+00:00,1.07169,1.07191,1.07166,1.07190,100
2026-01-09T02:20:00+00:00,1.07190,1.07209,1.07168,1.07175,100
2026-01-09T02:25:00+00:00,1.07175,1.07186,1.07147,1.07156,100
2026-01-09T02:30:00+00:00,1.07156,1.07164,1.07124,1.07132,100
2026-01-09T02:35:00+00:00,1.07132,1.07135,1.07125,1.07128,100
2026-01-09T02:40:00+00:00,1.07128,1.07136,1.07099,1.07104,100
2026-01-09T02:45:00+00:00,1.07104,1.07107,1.07090,1.07094,100
2026-01-09T02:50:00+00:00,1.07094,1.07110,1.07091,1.07093,100
2026-01-09T02:55:00+00:00,1.07093,1.07097,1.07066,1.07070,100
2026-01-09T03:00:00+00:00,1.07070,1.07082,1.07032,1.07056,100
2026-01-09T03:05:00+00:00,1.07056,1.07065,1.07015,1.07028,100
2026-01-09T03:10:00+00:00,1.07028,1.07043,1.06973,1.06989,100
2026-01-09T03:15:00+00:00,1.06989,1.07000,1.06978,1.06979,100
2026-01-09T03:20:00+00:00,1.06979,1.06985,1.06959,1.06972,100
2026-01-09T03:25:00+00:00,1.06972,1.06974,1.06958,1.06960,100
2026-01-09T03:30:00+00:00,1.06960,1.06976,1.06922,1.06940,100
2026-01-09T03:35:00+00:00,1.06940,1.06943,1.06912,1.06915,100
2026-01-09T03:40:00+00:00,1.06915,1.06923,1.06899,1.06903,100
2026-01-09T03:45:00+00:00,1.06903,1.06904,1.06895,1.06898,100
2026-01-09T03:50:00+00:00,1.06898,1.06913,1.06835,1.06862,100
2026-01-09T03:55:00+00:00,1.06862,1.06864,1.06850,1.06856,100
2026-01-09T04:00:00+00:00,1.06856,1.06871,1.06816,1.06821,100
2026-01-09T04:05:00+00:00,1.06821,1.06835,1.06764,1.06779,100
2026-01-09T04:10:00+00:00,1.06779,1.06787,1.06742,1.06758,100
2026-01-09T04:15:00+00:00,1.06758,1.06768,1.06747,1.06752,100
2026-01-09T04:20:00+00:00,1.06752,1.06762,1.06722,1.06733,100
2026-01-09T04:25:00+00:00,1.06733,1.06735,1.06710,1.06719,100
2026-01-09T04:30:00+00:00,1.06719,1.06724,1.06692,1.06693,100
2026-01-09T04:35:00+00:00,1.06693,1.06705,1.06656,1.06665,100
2026-01-09T04:40:00+00:00,1.06665,1.06705,1.06645,1.06687,100
2026-01-09T04:45:00+00:00,1.06687,1.06738,1.06682,1.06707,100
2026-01-09T04:50:00+00:00,1.06707,1.06751,1.06700,1.06731,100
2026-01-09T04:55:00+00:00,1.06731,1.06746,1.06729,1.06745,100
2026-01-09T05:00:00+00:00,1.06745,1.06763,1.06743,1.06758,100
2026-01-09T05:05:00+00:00,1.06758,1.06795,1.06749,1.06786,100
2026-01-09T05:10:00+00:00,1.06786,1.06828,1.06781,1.06808,100
2026-01-09T05:15:00+00:00,1.06808,1.06819,1.06804,1.06808,100
2026-01-09T05:20:00+00:00,1.06808,1.06810,1.06800,1.06809,100
2026-01-09T05:25:00+00:00,1.06809,1.06826,1.06790,1.06799,100
2026-01-09T05:30:00+00:00,1.06799,1.06830,1.06788,1.06828,100
2026-01-09T05:35:00+00:00,1.06828,1.06840,1.06812,1.06834,100
2026-01-09T05:40:00+00:00,1.06834,1.06847,1.06827,1.06831,100
2026-01-09T05:45:00+00:00,1.06831,1.06867,1.06830,1.06858,100
2026-01-09T05:50:00+00:00,1.06858,1.06864,1.06842,1.06851,100
2026-01-09T05:55:00+00:00,1.06851,1.06880,1.06845,1.06873,100
2026-01-09T06:00:00+00:00,1.06873,1.06898,1.06823,1.06839,100
2026-01-09T06:05:00+00:00,1.06839,1.06858,1.06814,1.06842,100
2026-01-09T06:10:00+00:00,1.06842,1.06847,1.06827,1.06839,100
2026-01-09T06:15:00+00:00,1.06839,1.06860,1.06833,1.06858,100
2026-01-09T06:20:00+00:00,1.06858,1.06871,1.06827,1.06859,100
2026-01-09T06:25:00+00:00,1.06859,1.06873,1.06834,1.06851,100
2026-01-09T06:30:00+00:00,1.06851,1.06860,1.06838,1.06849,100
2026-01-09T06:35:00+00:00,1.06849,1.06885,1.06839,1.06876,100
2026-01-09T06:40:00+00:00,1.06876,1.06880,1.06864,1.06878,100
2026-01-09T06:45:00+00:00,1.06878,1.06897,1.06848,1.06852,100
2026-01-09T06:50:00+00:00,1.06852,1.06873,1.06837,1.06870,100
2026-01-09T06:55:00+00:00,1.06870,1.06913,1.06865,1.06904,100
2026-01-09T07:00:00+00:00,1.06904,1.06911,1.06882,1.06894,100
2026-01-09T07:05:00+00:00,1.06894,1.06903,1.06881,1.06882,100
2026-01-09T07:10:00+00:00,1.06882,1.06902,1.06877,1.06886,100
2026-01-09T07:15:00+00:00,1.06886,1.06908,1.06872,1.06902,100
2026-01-09T07:20:00+00:00,1.06902,1.06930,1.06888,1.06914,100
2026-01-09T07:25:00+00:00,1.06914,1.06920,1.06889,1.06918,100
2026-01-09T07:30:00+00:00,1.06918,1.06955,1.06903,1.06943,100
2026-01-09T07:35:00+00:00,1.06943,1.06982,1.06938,1.06960,100
2026-01-09T07:40:00+00:00,1.06960,1.06998,1.06957,1.06973,100
2026-01-09T07:45:00+00:00,1.06973,1.07003,1.06964,1.06985,100
2026-01-09T07:50:00+00:00,1.06985,1.07005,1.06983,1.06996,100
2026-01-09T07:55:00+00:00,1.06996,1.07029,1.06994,1.07016,100
2026-01-09T08:00:00+00:00,1.07016,1.07046,1.07001,1.07029,100
2026-01-09T08:05:00+00:00,1.07029,1.07060,1.07023,1.07057,100
2026-01-09T08:10:00+00:00,1.07057,1.07087,1.07033,1.07073,100
2026-01-09T08:15:00+00:00,1.07073,1.07116,1.07049,1.07098,100
2026-01-09T08:20:00+00:00,1.07098,1.07099,1.07089,1.07098,100
2026-01-09T08:25:00+00:00,1.07098,1.07099,1.07050,1.07052,100
2026-01-09T08:30:00+00:00,1.07052,1.07081,1.07016,1.07023,100
2026-01-09T08:35:00+00:00,1.07023,1.07026,1.07007,1.07024,100
2026-01-09T08:40:00+00:00,1.07024,1.07041,1.06971,1.06993,100
2026-01-09T08:45:00+00:00,1.06993,1.07000,1.06963,1.06976,100
2026-01-09T08:50:00+00:00,1.06976,1.06982,1.06919,1.06946,100
2026-01-09T08:55:00+00:00,1.06946,1.06952,1.06922,1.06922,100
2026-01-09T09:00:00+00:00,1.06922,1.06934,1.06891,1.06896,100
2026-01-09T09:05:00+00:00,1.06896,1.06896,1.06833,1.06839,100
2026-01-09T09:10:00+00:00,1.06839,1.06844,1.06802,1.06805,100
2026-01-09T09:15:00+00:00,1.06805,1.06808,1.06733,1.06751,100
2026-01-09T09:20:00+00:00,1.06751,1.06769,1.06677,1.06690,100
2026-01-09T09:25:00+00:00,1.06690,1.06711,1.06686,1.06702,100
2026-01-09T09:30:00+00:00,1.06702,1.06720,1.06692,1.06719,100
2026-01-09T09:35:00+00:00,1.06719,1.06738,1.06715,1.06716,100
2026-01-09T09:40:00+00:00,1.06716,1.06735,1.06714,1.06728,100
2026-01-09T09:45:00+00:00,1.06728,1.06742,1.06718,1.06737,100
2026-01-09T09:50:00+00:00,1.06737,1.06766,1.06731,1.06756,100
2026-01-09T09:55:00+00:00,1.06756,1.06803,1.06753,1.06798,100
2026-01-09T10:00:00+00:00,1.06798,1.06842,1.06776,1.06828,100
2026-01-09T10:05:00+00:00,1.06828,1.06839,1.06815,1.06819,100
2026-01-09T10:10:00+00:00,1.06819,1.06875,1.06819,1.06865,100
2026-01-09T10:15:00+00:00,1.06865,1.06907,1.06846,1.06902,100
2026-01-09T10:20:00+00:00,1.06902,1.06962,1.06898,1.06938,100
2026-01-09T10:25:00+00:00,1.06938,1.06972,1.06917,1.06962,100
2026-01-09T10:30:00+00:00,1.06962,1.07008,1.06962,1.07007,100
2026-01-09T10:35:00+00:00,1.07007,1.07063,1.07007,1.07053,100
2026-01-09T10:40:00+00:00,1.07053,1.07060,1.07037,1.07059,100
2026-01-09T10:45:00+00:00,1.07059,1.07096,1.07039,1.07074,100
2026-01-09T10:50:00+00:00,1.07074,1.07119,1.07064,1.07119,100
2026-01-09T10:55:00+00:00,1.07119,1.07164,1.07104,1.07155,100
2026-01-09T11:00:00+00:00,1.07155,1.07214,1.07131,1.07214,100
2026-01-09T11:05:00+00:00,1.07214,1.07254,1.07200,1.07242,100
2026-01-09T11:10:00+00:00,1.07242,1.07303,1.07229,1.07287,100
2026-01-09T11:15:00+00:00,1.07287,1.07360,1.07272,1.07335,100
2026-01-09T11:20:00+00:00,1.07335,1.07357,1.07330,1.07355,100
2026-01-09T11:25:00+00:00,1.07355,1.07380,1.07345,1.07378,100
2026-01-09T11:30:00+00:00,1.07378,1.07397,1.07342,1.07355,100
2026-01-09T11:35:00+00:00,1.07355,1.07357,1.07345,1.07347,100
2026-01-09T11:40:00+00:00,1.07347,1.07353,1.07340,1.07350,100
2026-01-09T11:45:00+00:00,1.07350,1.07355,1.07323,1.07349,100
2026-01-09T11:50:00+00:00,1.07349,1.07366,1.07346,1.07363,100
2026-01-09T11:55:00+00:00,1.07363,1.07371,1.07359,1.07365,100
2026-01-09T12:00:00+00:00,1.07365,1.07371,1.07353,1.07364,100
2026-01-09T12:05:00+00:00,1.07364,1.07371,1.07362,1.07363,100
2026-01-09T12:10:00+00:00,1.07363,1.07372,1.07345,1.07345,100
2026-01-09T12:15:00+00:00,1.07345,1.07351,1.07322,1.07333,100
2026-01-09T12:20:00+00:00,1.07333,1.07342,1.07320,1.07336,100
2026-01-09T12:25:00+00:00,1.07336,1.07346,1.07331,1.07337,100
2026-01-09T12:30:00+00:00,1.07337,1.07361,1.07334,1.07345,100
2026-01-09T12:35:00+00:00,1.07345,1.07347,1.07296,1.07309,100
2026-01-09T12:40:00+00:00,1.07309,1.07323,1.07277,1.07284,100
2026-01-09T12:45:00+00:00,1.07284,1.07291,1.07257,1.07258,100
2026-01-09T12:50:00+00:00,1.07258,1.07271,1.07245,1.07266,100
2026-01-09T12:55:00+00:00,1.07266,1.07288,1.07257,1.07284,100
2026-01-09T13:00:00+00:00,1.07284,1.07293,1.07224,1.07242,100
2026-01-09T13:05:00+00:00,1.07242,1.07253,1.07227,1.07232,100
2026-01-09T13:10:00+00:00,1.07232,1.07236,1.07225,1.07228,100
2026-01-09T13:15:00+00:00,1.07228,1.07239,1.07216,1.07223,100
2026-01-09T13:20:00+00:00,1.07223,1.07243,1.07217,1.07221,100
2026-01-09T13:25:00+00:00,1.07221,1.07238,1.07216,1.07228,100
2026-01-09T13:30:00+00:00,1.07228,1.07246,1.07203,1.07205,100
2026-01-09T13:35:00+00:00,1.07205,1.07207,1.07181,1.07202,100
2026-01-09T13:40:00+00:00,1.07202,1.07215,1.07182,1.07192,100
2026-01-09T13:45:00+00:00,1.07192,1.07199,1.07189,1.07195,100
2026-01-09T13:50:00+00:00,1.07195,1.07197,1.07177,1.07186,100
2026-01-09T13:55:00+00:00,1.07186,1.07188,1.07160,1.07175,100
2026-01-09T14:00:00+00:00,1.07175,1.07179,1.07158,1.07164,100
2026-01-09T14:05:00+00:00,1.07164,1.07166,1.07155,1.07163,100
2026-01-09T14:10:00+00:00,1.07163,1.07168,1.07146,1.07164,100
2026-01-09T14:15:00+00:00,1.07164,1.07189,1.07161,1.07186,100
2026-01-09T14:20:00+00:00,1.07186,1.07217,1.07183,1.07208,100
2026-01-09T14:25:00+00:00,1.07208,1.07212,1.07174,1.07186,100
2026-01-09T14:30:00+00:00,1.07186,1.07206,1.07174,1.07197,100
2026-01-09T14:35:00+00:00,1.07197,1.07243,1.07193,1.07235,100
2026-01-09T14:40:00+00:00,1.07235,1.07241,1.07229,1.07240,100
2026-01-09T14:45:00+00:00,1.07240,1.07274,1.07216,1.07253,100
2026-01-09T14:50:00+00:00,1.07253,1.07278,1.07251,1.07274,100
2026-01-09T14:55:00+00:00,1.07274,1.07281,1.07250,1.07271,100
2026-01-09T15:00:00+00:00,1.07271,1.07291,1.07268,1.07285,100
2026-01-09T15:05:00+00:00,1.07285,1.07289,1.07280,1.07287,100
2026-01-09T15:10:00+00:00,1.07287,1.07290,1.07279,1.07286,100
2026-01-09T15:15:00+00:00,1.07286,1.07328,1.07275,1.07327,100
2026-01-09T15:20:00+00:00,1.07327,1.07328,1.07315,1.07317,100
2026-01-09T15:25:00+00:00,1.07317,1.07321,1.07299,1.07304,100
2026-01-09T15:30:00+00:00,1.07304,1.07305,1.07290,1.07303,100
2026-01-09T15:35:00+00:00,1.07303,1.07333,1.07292,1.07305,100
2026-01-09T15:40:00+00:00,1.07305,1.07314,1.07267,1.07269,100
2026-01-09T15:45:00+00:00,1.07269,1.07287,1.07216,1.07219,100
2026-01-09T15:50:00+00:00,1.07219,1.07229,1.07210,1.07210,100
2026-01-09T15:55:00+00:00,1.07210,1.07239,1.07205,1.07227,100
2026-01-09T16:00:00+00:00,1.07227,1.07231,1.07208,1.07224,100
2026-01-09T16:05:00+00:00,1.07224,1.07241,1.07220,1.07236,100
2026-01-09T16:10:00+00:00,1.07236,1.07257,1.07228,1.07232,100
2026-01-09T16:15:00+00:00,1.07232,1.07248,1.07205,1.07216,100
2026-01-09T16:20:00+00:00,1.07216,1.07218,1.07185,1.07192,100
2026-01-09T16:25:00+00:00,1.07192,1.07203,1.07163,1.07168,100
2026-01-09T16:30:00+00:00,1.07168,1.07171,1.07136,1.07150,100
2026-01-09T16:35:00+00:00,1.07150,1.07158,1.07117,1.07130,100
2026-01-09T16:40:00+00:00,1.07130,1.07139,1.07121,1.07135,100
2026-01-09T16:45:00+00:00,1.07135,1.07137,1.07120,1.07131,100
2026-01-09T16:50:00+00:00,1.07131,1.07134,1.07102,1.07103,100
2026-01-09T16:55:00+00:00,1.07103,1.07109,1.07082,1.07089,100
2026-01-09T17:00:00+00:00,1.07089,1.07108,1.07088,1.07107,100
2026-01-09T17:05:00+00:00,1.07107,1.07120,1.07065,1.07079,100
2026-01-09T17:10:00+00:00,1.07079,1.07091,1.07032,1.07040,100
2026-01-09T17:15:00+00:00,1.07040,1.07051,1.07029,1.07043,100
2026-01-09T17:20:00+00:00,1.07043,1.07056,1.07004,1.07008,100
2026-01-09T17:25:00+00:00,1.07008,1.07018,1.06946,1.06955,100
2026-01-09T17:30:00+00:00,1.06955,1.06967,1.06897,1.06920,100
2026-01-09T17:35:00+00:00,1.06920,1.06924,1.06885,1.06910,100
2026-01-09T17:40:00+00:00,1.06910,1.06912,1.06892,1.06906,100
2026-01-09T17:45:00+00:00,1.06906,1.06927,1.06903,1.06914,100
2026-01-09T17:50:00+00:00,1.06914,1.06929,1.06903,1.06918,100
2026-01-09T17:55:00+00:00,1.06918,1.06919,1.06879,1.06888,100
2026-01-09T18:00:00+00:00,1.06888,1.06895,1.06841,1.06849,100
2026-01-09T18:05:00+00:00,1.06849,1.06871,1.06844,1.06853,100
2026-01-09T18:10:00+00:00,1.06853,1.06872,1.06828,1.06865,100
2026-01-09T18:15:00+00:00,1.06865,1.06902,1.06841,1.06848,100
2026-01-09T18:20:00+00:00,1.06848,1.06850,1.06840,1.06849,100
2026-01-09T18:25:00+00:00,1.06849,1.06865,1.06843,1.06847,100
2026-01-09T18:30:00+00:00,1.06847,1.06861,1.06832,1.06836,100
2026-01-09T18:35:00+00:00,1.06836,1.06853,1.06822,1.06840,100
2026-01-09T18:40:00+00:00,1.06840,1.06852,1.06822,1.06836,100
2026-01-09T18:45:00+00:00,1.06836,1.06848,1.06829,1.06830,100
2026-01-09T18:50:00+00:00,1.06830,1.06839,1.06820,1.06832,100
2026-01-09T18:55:00+00:00,1.06832,1.06835,1.06828,1.06834,100
2026-01-09T19:00:00+00:00,1.06834,1.06841,1.06826,1.06840,100
2026-01-09T19:05:00+00:00,1.06840,1.06858,1.06838,1.06853,100
2026-01-09T19:10:00+00:00,1.06853,1.06864,1.06836,1.06860,100
2026-01-09T19:15:00+00:00,1.06860,1.06870,1.06859,1.06860,100
2026-01-09T19:20:00+00:00,1.06860,1.06872,1.06835,1.06866,100
2026-01-09T19:25:00+00:00,1.06866,1.06881,1.06864,1.06877,100
2026-01-09T19:30:00+00:00,1.06877,1.06887,1.06869,1.06874,100
2026-01-09T19:35:00+00:00,1.06874,1.06877,1.06835,1.06863,100
2026-01-09T19:40:00+00:00,1.06863,1.06878,1.06851,1.06859,100
2026-01-09T19:45:00+00:00,1.06859,1.06869,1.06846,1.06861,100
2026-01-09T19:50:00+00:00,1.06861,1.06868,1.06833,1.06854,100
2026-01-09T19:55:00+00:00,1.06854,1.06869,1.06852,1.06864,100
2026-01-09T20:00:00+00:00,1.06864,1.06888,1.06854,1.06857,100
2026-01-09T20:05:00+00:00,1.06857,1.06876,1.06854,1.06870,100
2026-01-09T20:10:00+00:00,1.06870,1.06873,1.06870,1.06871,100
2026-01-09T20:15:00+00:00,1.06871,1.06877,1.06849,1.06862,100
2026-01-09T20:20:00+00:00,1.06862,1.06886,1.06860,1.06874,100
2026-01-09T20:25:00+00:00,1.06874,1.06890,1.06864,1.06867,100
2026-01-09T20:30:00+00:00,1.06867,1.06888,1.06866,1.06884,100
2026-01-09T20:35:00+00:00,1.06884,1.06905,1.06880,1.06890,100
2026-01-09T20:40:00+00:00,1.06890,1.06899,1.06885,1.06892,100
2026-01-09T20:45:00+00:00,1.06892,1.06899,1.06866,1.06871,100
2026-01-09T20:50:00+00:00,1.06871,1.06886,1.06867,1.06883,100
2026-01-09T20:55:00+00:00,1.06883,1.06911,1.06861,1.06901,100
2026-01-09T21:00:00+00:00,1.06901,1.06929,1.06886,1.06887,100
2026-01-09T21:05:00+00:00,1.06887,1.06888,1.06876,1.06883,100
2026-01-09T21:10:00+00:00,1.06883,1.06910,1.06867,1.06890,100
2026-01-09T21:15:00+00:00,1.06890,1.06892,1.06866,1.06874,100
2026-01-09T21:20:00+00:00,1.06874,1.06899,1.06865,1.06885,100
2026-01-09T21:25:00+00:00,1.06885,1.06894,1.06854,1.06872,100
2026-01-09T21:30:00+00:00,1.06872,1.06879,1.06850,1.06860,100
2026-01-09T21:35:00+00:00,1.06860,1.06864,1.06847,1.06852,100
2026-01-09T21:40:00+00:00,1.06852,1.06860,1.06845,1.06856,100
2026-01-09T21:45:00+00:00,1.06856,1.06867,1.06827,1.06830,100
2026-01-09T21:50:00+00:00,1.06830,1.06845,1.06823,1.06842,100
2026-01-09T21:55:00+00:00,1.06842,1.06845,1.06827,1.06834,100
2026-01-09T22:00:00+00:00,1.06834,1.06844,1.06809,1.06823,100
2026-01-09T22:05:00+00:00,1.06823,1.06836,1.06793,1.06806,100
2026-01-09T22:10:00+00:00,1.06806,1.06809,1.06798,1.06801,100
2026-01-09T22:15:00+00:00,1.06801,1.06809,1.06773,1.06777,100
2026-01-09T22:20:00+00:00,1.06777,1.06780,1.06743,1.06760,100
2026-01-09T22:25:00+00:00,1.06760,1.06761,1.06721,1.06742,100
2026-01-09T22:30:00+00:00,1.06742,1.06761,1.06737,1.06742,100
2026-01-09T22:35:00+00:00,1.06742,1.06743,1.06717,1.06724,100
2026-01-09T22:40:00+00:00,1.06724,1.06737,1.06710,1.06720,100
2026-01-09T22:45:00+00:00,1.06720,1.06723,1.06696,1.06698,100
2026-01-09T22:50:00+00:00,1.06698,1.06703,1.06676,1.06680,100
2026-01-09T22:55:00+00:00,1.06680,1.06686,1.06677,1.06684,100
2026-01-09T23:00:00+00:00,1.06684,1.06691,1.06664,1.06670,100
2026-01-09T23:05:00+00:00,1.06670,1.06701,1.06638,1.06647,100
2026-01-09T23:10:00+00:00,1.06647,1.06658,1.06639,1.06645,100
2026-01-09T23:15:00+00:00,1.06645,1.06668,1.06637,1.06639,100
2026-01-09T23:20:00+00:00,1.06639,1.06651,1.06614,1.06621,100
2026-01-09T23:25:00+00:00,1.06621,1.06634,1.06608,1.06615,100
2026-01-09T23:30:00+00:00,1.06615,1.06629,1.06585,1.06601,100
2026-01-09T23:35:00+00:00,1.06601,1.06608,1.06594,1.06595,100
2026-01-09T23:40:00+00:00,1.06595,1.06624,1.06593,1.06615,100
2026-01-09T23:45:00+00:00,1.06615,1.06622,1.06587,1.06597,100
2026-01-09T23:50:00+00:00,1.06597,1.06619,1.06551,1.06571,100
2026-01-09T23:55:00+00:00,1.06571,1.06578,1.06565,1.06568,100
2026-01-10T00:00:00+00:00,1.06568,1.06569,1.06533,1.06546,100
2026-01-10T00:05:00+00:00,1.06546,1.06557,1.06521,1.06526,100
2026-01-10T00:10:00+00:00,1.06526,1.06533,1.06507,1.06509,100
2026-01-10T00:15:00+00:00,1.06509,1.06529,1.06490,1.06497,100
2026-01-10T00:20:00+00:00,1.06497,1.06510,1.06494,1.06508,100
2026-01-10T00:25:00+00:00,1.06508,1.06522,1.06508,1.06515,100
2026-01-10T00:30:00+00:00,1.06515,1.06535,1.06510,1.06512,100
2026-01-10T00:35:00+00:00,1.06512,1.06524,1.06496,1.06520,100
2026-01-10T00:40:00+00:00,1.06520,1.06528,1.06513,1.06527,100
2026-01-10T00:45:00+00:00,1.06527,1.06537,1.06497,1.06513,100
2026-01-10T00:50:00+00:00,1.06513,1.06534,1.06512,1.06527,100
2026-01-10T00:55:00+00:00,1.06527,1.06536,1.06507,1.06520,100
2026-01-10T01:00:00+00:00,1.06520,1.06530,1.06505,1.06508,100
2026-01-10T01:05:00+00:00,1.06508,1.06525,1.06495,1.06509,100
2026-01-10T01:10:00+00:00,1.06509,1.06523,1.06500,1.06522,100
2026-01-10T01:15:00+00:00,1.06522,1.06538,1.06515,1.06519,100
2026-01-10T01:20:00+00:00,1.06519,1.06520,1.06507,1.06520,100
2026-01-10T01:25:00+00:00,1.06520,1.06529,1.06509,1.06528,100
2026-01-10T01:30:00+00:00,1.06528,1.06530,1.06514,1.06526,100
2026-01-10T01:35:00+00:00,1.06526,1.06529,1.06521,1.06527,100
2026-01-10T01:40:00+00:00,1.06527,1.06543,1.06520,1.06534,100
2026-01-10T01:45:00+00:00,1.06534,1.06550,1.06523,1.06535,100
2026-01-10T01:50:00+00:00,1.06535,1.06561,1.06519,1.06557,100
2026-01-10T01:55:00+00:00,1.06557,1.06577,1.06523,1.06534,100
2026-01-10T02:00:00+00:00,1.06534,1.06539,1.06519,1.06538,100
2026-01-10T02:05:00+00:00,1.06538,1.06612,1.06529,1.06576,100
2026-01-10T02:10:00+00:00,1.06576,1.06589,1.06567,1.06579,100
2026-01-10T02:15:00+00:00,1.06579,1.06583,1.06560,1.06571,100
2026-01-10T02:20:00+00:00,1.06571,1.06599,1.06564,1.06594,100
2026-01-10T02:25:00+00:00,1.06594,1.06614,1.06576,1.06613,100
2026-01-10T02:30:00+00:00,1.06613,1.06640,1.06594,1.06626,100
2026-01-10T02:35:00+00:00,1.06626,1.06628,1.06614,1.06621,100
2026-01-10T02:40:00+00:00,1.06621,1.06634,1.06602,1.06625,100
2026-01-10T02:45:00+00:00,1.06625,1.06643,1.06625,1.06635,100
2026-01-10T02:50:00+00:00,1.06635,1.06637,1.06602,1.06625,100
2026-01-10T02:55:00+00:00,1.06625,1.06655,1.06624,1.06643,100
2026-01-10T03:00:00+00:00,1.06643,1.06646,1.06642,1.06645,100
2026-01-10T03:05:00+00:00,1.06645,1.06686,1.06643,1.06663,100
2026-01-10T03:10:00+00:00,1.06663,1.06676,1.06646,1.06672,100
2026-01-10T03:15:00+00:00,1.06672,1.06688,1.06668,1.06677,100
2026-01-10T03:20:00+00:00,1.06677,1.06678,1.06660,1.06673,100
2026-01-10T03:25:00+00:00,1.06673,1.06701,1.06666,1.06688,100
2026-01-10T03:30:00+00:00,1.06688,1.06706,1.06686,1.06701,100
2026-01-10T03:35:00+00:00,1.06701,1.06709,1.06684,1.06688,100
2026-01-10T03:40:00+00:00,1.06688,1.06706,1.06677,1.06677,100
2026-01-10T03:45:00+00:00,1.06677,1.06700,1.06675,1.06695,100
2026-01-10T03:50:00+00:00,1.06695,1.06720,1.06694,1.06715,100
2026-01-10T03:55:00+00:00,1.06715,1.06722,1.06701,1.06706,100
2026-01-10T04:00:00+00:00,1.06706,1.06715,1.06695,1.06705,100
2026-01-10T04:05:00+00:00,1.06705,1.06729,1.06700,1.06726,100
2026-01-10T04:10:00+00:00,1.06726,1.06736,1.06700,1.06705,100
2026-01-10T04:15:00+00:00,1.06705,1.06722,1.06689,1.06716,100
2026-01-10T04:20:00+00:00,1.06716,1.06732,1.06710,1.06717,100
2026-01-10T04:25:00+00:00,1.06717,1.06731,1.06704,1.06728,100
2026-01-10T04:30:00+00:00,1.06728,1.06745,1.06726,1.06745,100
2026-01-10T04:35:00+00:00,1.06745,1.06761,1.06738,1.06745,100
2026-01-10T04:40:00+00:00,1.06745,1.06767,1.06711,1.06758,100
2026-01-10T04:45:00+00:00,1.06758,1.06783,1.06756,1.06771,100
2026-01-10T04:50:00+00:00,1.06771,1.06797,1.06765,1.06784,100
2026-01-10T04:55:00+00:00,1.06784,1.06804,1.06783,1.06795,100
2026-01-10T05:00:00+00:00,1.06795,1.06800,1.06781,1.06785,100
2026-01-10T05:05:00+00:00,1.06785,1.06792,1.06774,1.06776,100
2026-01-10T05:10:00+00:00,1.06776,1.06787,1.06762,1.06765,100
2026-01-10T05:15:00+00:00,1.06765,1.06777,1.06755,1.06773,100
2026-01-10T05:20:00+00:00,1.06773,1.06786,1.06758,1.06770,100
2026-01-10T05:25:00+00:00,1.06770,1.06773,1.06766,1.06768,100
2026-01-10T05:30:00+00:00,1.06768,1.06785,1.06748,1.06757,100
2026-01-10T05:35:00+00:00,1.06757,1.06767,1.06725,1.06730,100
2026-01-10T05:40:00+00:00,1.06730,1.06733,1.06713,1.06713,100
2026-01-10T05:45:00+00:00,1.06713,1.06717,1.06679,1.06680,100
2026-01-10T05:50:00+00:00,1.06680,1.06682,1.06636,1.06650,100
2026-01-10T05:55:00+00:00,1.06650,1.06659,1.06639,1.06647,100
2026-01-10T06:00:00+00:00,1.06647,1.06652,1.06622,1.06627,100
2026-01-10T06:05:00+00:00,1.06627,1.06649,1.06618,1.06643,100
2026-01-10T06:10:00+00:00,1.06643,1.06656,1.06632,1.06637,100
2026-01-10T06:15:00+00:00,1.06637,1.06640,1.06605,1.06634,100
2026-01-10T06:20:00+00:00,1.06634,1.06639,1.06599,1.06613,100
2026-01-10T06:25:00+00:00,1.06613,1.06626,1.06608,1.06619,100
2026-01-10T06:30:00+00:00,1.06619,1.06652,1.06619,1.06636,100
2026-01-10T06:35:00+00:00,1.06636,1.06645,1.06628,1.06644,100
2026-01-10T06:40:00+00:00,1.06644,1.06653,1.06618,1.06633,100
2026-01-10T06:45:00+00:00,1.06633,1.06659,1.06627,1.06657,100
2026-01-10T06:50:00+00:00,1.06657,1.06682,1.06647,1.06649,100
2026-01-10T06:55:00+00:00,1.06649,1.06661,1.06634,1.06635,100
2026-01-10T07:00:00+00:00,1.06635,1.06648,1.06612,1.06613,100
2026-01-10T07:05:00+00:00,1.06613,1.06617,1.06595,1.06613,100
2026-01-10T07:10:00+00:00,1.06613,1.06627,1.06611,1.06625,100
2026-01-10T07:15:00+00:00,1.06625,1.06638,1.06591,1.06630,100
2026-01-10T07:20:00+00:00,1.06630,1.06646,1.06627,1.06628,100
2026-01-10T07:25:00+00:00,1.06628,1.06664,1.06626,1.06653,100
2026-01-10T07:30:00+00:00,1.06653,1.06673,1.06641,1.06645,100
2026-01-10T07:35:00+00:00,1.06645,1.06653,1.06626,1.06638,100
2026-01-10T07:40:00+00:00,1.06638,1.06638,1.06617,1.06626,100
2026-01-10T07:45:00+00:00,1.06626,1.06642,1.06597,1.06598,100
2026-01-10T07:50:00+00:00,1.06598,1.06602,1.06562,1.06587,100
2026-01-10T07:55:00+00:00,1.06587,1.06593,1.06577,1.06582,100
2026-01-10T08:00:00+00:00,1.06582,1.06605,1.06578,1.06604,100
2026-01-10T08:05:00+00:00,1.06604,1.06606,1.06580,1.06589,100
2026-01-10T08:10:00+00:00,1.06589,1.06606,1.06567,1.06586,100
2026-01-10T08:15:00+00:00,1.06586,1.06600,1.06562,1.06572,100
2026-01-10T08:20:00+00:00,1.06572,1.06579,1.06540,1.06547,100
2026-01-10T08:25:00+00:00,1.06547,1.06548,1.06536,1.06547,100
2026-01-10T08:30:00+00:00,1.06547,1.06553,1.06514,1.06520,100
2026-01-10T08:35:00+00:00,1.06520,1.06531,1.06505,1.06510,100
2026-01-10T08:40:00+00:00,1.06510,1.06520,1.06494,1.06507,100
2026-01-10T08:45:00+00:00,1.06507,1.06524,1.06481,1.06491,100
2026-01-10T08:50:00+00:00,1.06491,1.06521,1.06482,1.06500,100
2026-01-10T08:55:00+00:00,1.06500,1.06516,1.06492,1.06513,100
2026-01-10T09:00:00+00:00,1.06513,1.06523,1.06498,1.06507,100
2026-01-10T09:05:00+00:00,1.06507,1.06509,1.06463,1.06484,100
2026-01-10T09:10:00+00:00,1.06484,1.06490,1.06478,1.06487,100
2026-01-10T09:15:00+00:00,1.06487,1.06488,1.06476,1.06483,100
2026-01-10T09:20:00+00:00,1.06483,1.06493,1.06474,1.06489,100
2026-01-10T09:25:00+00:00,1.06489,1.06506,1.06476,1.06480,100
2026-01-10T09:30:00+00:00,1.06480,1.06484,1.06471,1.06479,100
2026-01-10T09:35:00+00:00,1.06479,1.06495,1.06441,1.06453,100
2026-01-10T09:40:00+00:00,1.06453,1.06474,1.06451,1.06460,100
2026-01-10T09:45:00+00:00,1.06460,1.06487,1.06458,1.06478,100
2026-01-10T09:50:00+00:00,1.06478,1.06490,1.06476,1.06478,100
2026-01-10T09:55:00+00:00,1.06478,1.06488,1.06472,1.06483,100
2026-01-10T10:00:00+00:00,1.06483,1.06499,1.06472,1.06472,100
2026-01-10T10:05:00+00:00,1.06472,1.06476,1.06440,1.06441,100
2026-01-10T10:10:00+00:00,1.06441,1.06447,1.06411,1.06415,100
2026-01-10T10:15:00+00:00,1.06415,1.06427,1.06413,1.06423,100
2026-01-10T10:20:00+00:00,1.06423,1.06435,1.06400,1.06410,100
2026-01-10T10:25:00+00:00,1.06410,1.06414,1.06383,1.06407,100
2026-01-10T10:30:00+00:00,1.06407,1.06416,1.06394,1.06395,100
2026-01-10T10:35:00+00:00,1.06395,1.06415,1.06377,1.06401,100
2026-01-10T10:40:00+00:00,1.06401,1.06406,1.06387,1.06388,100
2026-01-10T10:45:00+00:00,1.06388,1.06404,1.06368,1.06375,100
2026-01-10T10:50:00+00:00,1.06375,1.06382,1.06369,1.06372,100
2026-01-10T10:55:00+00:00,1.06372,1.06373,1.06344,1.06350,100
2026-01-10T11:00:00+00:00,1.06350,1.06385,1.06348,1.06355,100
2026-01-10T11:05:00+00:00,1.06355,1.06364,1.06324,1.06336,100
2026-01-10T11:10:00+00:00,1.06336,1.06367,1.06332,1.06364,100
2026-01-10T11:15:00+00:00,1.06364,1.06376,1.06356,1.06370,100
2026-01-10T11:20:00+00:00,1.06370,1.06402,1.06368,1.06377,100
2026-01-10T11:25:00+00:00,1.06377,1.06420,1.06371,1.06408,100
2026-01-10T11:30:00+00:00,1.06408,1.06422,1.06395,1.06417,100
2026-01-10T11:35:00+00:00,1.06417,1.06468,1.06408,1.06461,100
2026-01-10T11:40:00+00:00,1.06461,1.06513,1.06450,1.06489,100
2026-01-10T11:45:00+00:00,1.06489,1.06490,1.06477,1.06487,100
2026-01-10T11:50:00+00:00,1.06487,1.06516,1.06483,1.06515,100
2026-01-10T11:55:00+00:00,1.06515,1.06545,1.06511,1.06535,100
2026-01-10T12:00:00+00:00,1.06535,1.06555,1.06529,1.06543,100
2026-01-10T12:05:00+00:00,1.06543,1.06583,1.06524,1.06571,100
2026-01-10T12:10:00+00:00,1.06571,1.06595,1.06563,1.06588,100
2026-01-10T12:15:00+00:00,1.06588,1.06626,1.06577,1.06624,100
2026-01-10T12:20:00+00:00,1.06624,1.06659,1.06623,1.06651,100
2026-01-10T12:25:00+00:00,1.06651,1.06695,1.06643,1.06670,100
2026-01-10T12:30:00+00:00,1.06670,1.06723,1.06639,1.06718,100
2026-01-10T12:35:00+00:00,1.06718,1.06733,1.06681,1.06708,100
2026-01-10T12:40:00+00:00,1.06708,1.06757,1.06693,1.06751,100
2026-01-10T12:45:00+00:00,1.06751,1.06772,1.06751,1.06770,100
2026-01-10T12:50:00+00:00,1.06770,1.06790,1.06757,1.06783,100
2026-01-10T12:55:00+00:00,1.06783,1.06799,1.06783,1.06799,100
2026-01-10T13:00:00+00:00,1.06799,1.06805,1.06722,1.06752,100
2026-01-10T13:05:00+00:00,1.06752,1.06759,1.06712,1.06723,100
2026-01-10T13:10:00+00:00,1.06723,1.06731,1.06682,1.06699,100
2026-01-10T13:15:00+00:00,1.06699,1.06703,1.06655,1.06662,100
2026-01-10T13:20:00+00:00,1.06662,1.06670,1.06614,1.06622,100
2026-01-10T13:25:00+00:00,1.06622,1.06638,1.06591,1.06604,100
2026-01-10T13:30:00+00:00,1.06604,1.06617,1.06522,1.06541,100
2026-01-10T13:35:00+00:00,1.06541,1.06552,1.06489,1.06492,100
2026-01-10T13:40:00+00:00,1.06492,1.06501,1.06412,1.06429,100
2026-01-10T13:45:00+00:00,1.06429,1.06434,1.06363,1.06375,100
2026-01-10T13:50:00+00:00,1.06375,1.06378,1.06310,1.06317,100
2026-01-10T13:55:00+00:00,1.06317,1.06332,1.06303,1.06330,100
2026-01-10T14:00:00+00:00,1.06330,1.06365,1.06317,1.06363,100
2026-01-10T14:05:00+00:00,1.06363,1.06369,1.06351,1.06352,100
2026-01-10T14:10:00+00:00,1.06352,1.06364,1.06321,1.06330,100
2026-01-10T14:15:00+00:00,1.06330,1.06334,1.06313,1.06317,100
2026-01-10T14:20:00+00:00,1.06317,1.06336,1.06307,1.06326,100
2026-01-10T14:25:00+00:00,1.06326,1.06331,1.06322,1.06329,100
2026-01-10T14:30:00+00:00,1.06329,1.06362,1.06326,1.06347,100
2026-01-10T14:35:00+00:00,1.06347,1.06348,1.06340,1.06348,100
2026-01-10T14:40:00+00:00,1.06348,1.06380,1.06322,1.06373,100
2026-01-10T14:45:00+00:00,1.06373,1.06410,1.06371,1.06404,100
2026-01-10T14:50:00+00:00,1.06404,1.06428,1.06384,1.06416,100
2026-01-10T14:55:00+00:00,1.06416,1.06438,1.06409,1.06432,100
2026-01-10T15:00:00+00:00,1.06432,1.06443,1.06425,1.06428,100
2026-01-10T15:05:00+00:00,1.06428,1.06451,1.06414,1.06434,100
2026-01-10T15:10:00+00:00,1.06434,1.06447,1.06418,1.06420,100
2026-01-10T15:15:00+00:00,1.06420,1.06451,1.06413,1.06435,100
2026-01-10T15:20:00+00:00,1.06435,1.06456,1.06417,1.06449,100
2026-01-10T15:25:00+00:00,1.06449,1.06453,1.06433,1.06442,100
2026-01-10T15:30:00+00:00,1.06442,1.06443,1.06425,1.06432,100
2026-01-10T15:35:00+00:00,1.06432,1.06466,1.06429,1.06460,100
2026-01-10T15:40:00+00:00,1.06460,1.06467,1.06448,1.06459,100
2026-01-10T15:45:00+00:00,1.06459,1.06471,1.06449,1.06470,100
2026-01-10T15:50:00+00:00,1.06470,1.06489,1.06462,1.06465,100
2026-01-10T15:55:00+00:00,1.06465,1.06469,1.06450,1.06456,100
2026-01-10T16:00:00+00:00,1.06456,1.06477,1.06453,1.06459,100
2026-01-10T16:05:00+00:00,1.06459,1.06476,1.06452,1.06470,100
2026-01-10T16:10:00+00:00,1.06470,1.06490,1.06464,1.06487,100
2026-01-10T16:15:00+00:00,1.06487,1.06525,1.06487,1.06507,100
2026-01-10T16:20:00+00:00,1.06507,1.06509,1.06491,1.06498,100
2026-01-10T16:25:00+00:00,1.06498,1.06500,1.06483,1.06495,100
2026-01-10T16:30:00+00:00,1.06495,1.06498,1.06494,1.06498,100
2026-01-10T16:35:00+00:00,1.06498,1.06517,1.06495,1.06510,100
2026-01-10T16:40:00+00:00,1.06510,1.06515,1.06500,1.06511,100
2026-01-10T16:45:00+00:00,1.06511,1.06521,1.06480,1.06489,100
2026-01-10T16:50:00+00:00,1.06489,1.06512,1.06487,1.06497,100
2026-01-10T16:55:00+00:00,1.06497,1.06523,1.06491,1.06514,100
2026-01-10T17:00:00+00:00,1.06514,1.06519,1.06483,1.06496,100
2026-01-10T17:05:00+00:00,1.06496,1.06512,1.06489,1.06510,100
2026-01-10T17:10:00+00:00,1.06510,1.06511,1.06484,1.06493,100
2026-01-10T17:15:00+00:00,1.06493,1.06496,1.06453,1.06470,100
2026-01-10T17:20:00+00:00,1.06470,1.06473,1.06458,1.06465,100
2026-01-10T17:25:00+00:00,1.06465,1.06468,1.06438,1.06449,100
2026-01-10T17:30:00+00:00,1.06449,1.06462,1.06439,1.06461,100
2026-01-10T17:35:00+00:00,1.06461,1.06468,1.06446,1.06449,100
2026-01-10T17:40:00+00:00,1.06449,1.06453,1.06435,1.06444,100
2026-01-10T17:45:00+00:00,1.06444,1.06460,1.06405,1.06416,100
2026-01-10T17:50:00+00:00,1.06416,1.06420,1.06410,1.06417,100
2026-01-10T17:55:00+00:00,1.06417,1.06436,1.06399,1.06431,100
2026-01-10T18:00:00+00:00,1.06431,1.06439,1.06426,1.06430,100
2026-01-10T18:05:00+00:00,1.06430,1.06438,1.06386,1.06409,100
2026-01-10T18:10:00+00:00,1.06409,1.06422,1.06404,1.06407,100
2026-01-10T18:15:00+00:00,1.06407,1.06426,1.06392,1.06418,100
2026-01-10T18:20:00+00:00,1.06418,1.06429,1.06401,1.06409,100
2026-01-10T18:25:00+00:00,1.06409,1.06411,1.06395,1.06409,100
2026-01-10T18:30:00+00:00,1.06409,1.06411,1.06389,1.06393,100
2026-01-10T18:35:00+00:00,1.06393,1.06395,1.06388,1.06393,100
2026-01-10T18:40:00+00:00,1.06393,1.06399,1.06374,1.06378,100
2026-01-10T18:45:00+00:00,1.06378,1.06384,1.06324,1.06348,100
2026-01-10T18:50:00+00:00,1.06348,1.06376,1.06334,1.06370,100
2026-01-10T18:55:00+00:00,1.06370,1.06375,1.06332,1.06337,100
2026-01-10T19:00:00+00:00,1.06337,1.06364,1.06334,1.06353,100
2026-01-10T19:05:00+00:00,1.06353,1.06354,1.06344,1.06350,100
2026-01-10T19:10:00+00:00,1.06350,1.06360,1.06333,1.06341,100
2026-01-10T19:15:00+00:00,1.06341,1.06349,1.06328,1.06329,100
2026-01-10T19:20:00+00:00,1.06329,1.06331,1.06309,1.06314,100
2026-01-10T19:25:00+00:00,1.06314,1.06323,1.06274,1.06274,100
2026-01-10T19:30:00+00:00,1.06274,1.06305,1.06269,1.06283,100
2026-01-10T19:35:00+00:00,1.06283,1.06288,1.06277,1.06287,100
2026-01-10T19:40:00+00:00,1.06287,1.06315,1.06276,1.06299,100
2026-01-10T19:45:00+00:00,1.06299,1.06331,1.06298,1.06327,100
2026-01-10T19:50:00+00:00,1.06327,1.06344,1.06319,1.06334,100
2026-01-10T19:55:00+00:00,1.06334,1.06348,1.06325,1.06327,100
2026-01-10T20:00:00+00:00,1.06327,1.06335,1.06281,1.06296,100
2026-01-10T20:05:00+00:00,1.06296,1.06302,1.06285,1.06295,100
2026-01-10T20:10:00+00:00,1.06295,1.06315,1.06278,1.06286,100
2026-01-10T20:15:00+00:00,1.06286,1.06303,1.06276,1.06277,100
2026-01-10T20:20:00+00:00,1.06277,1.06290,1.06251,1.06269,100
2026-01-10T20:25:00+00:00,1.06269,1.06274,1.06260,1.06272,100
2026-01-10T20:30:00+00:00,1.06272,1.06279,1.06245,1.06248,100
2026-01-10T20:35:00+00:00,1.06248,1.06256,1.06211,1.06222,100
2026-01-10T20:40:00+00:00,1.06222,1.06227,1.06198,1.06208,100
2026-01-10T20:45:00+00:00,1.06208,1.06225,1.06180,1.06197,100
2026-01-10T20:50:00+00:00,1.06197,1.06198,1.06193,1.06195,100
2026-01-10T20:55:00+00:00,1.06195,1.06199,1.06179,1.06185,100
2026-01-10T21:00:00+00:00,1.06185,1.06194,1.06163,1.06179,100
2026-01-10T21:05:00+00:00,1.06179,1.06183,1.06152,1.06156,100
2026-01-10T21:10:00+00:00,1.06156,1.06174,1.06144,1.06172,100
2026-01-10T21:15:00+00:00,1.06172,1.06182,1.06132,1.06158,100
2026-01-10T21:20:00+00:00,1.06158,1.06165,1.06135,1.06151,100
2026-01-10T21:25:00+00:00,1.06151,1.06178,1.06137,1.06174,100
2026-01-10T21:30:00+00:00,1.06174,1.06184,1.06147,1.06158,100
2026-01-10T21:35:00+00:00,1.06158,1.06159,1.06147,1.06158,100
2026-01-10T21:40:00+00:00,1.06158,1.06190,1.06134,1.06175,100
2026-01-10T21:45:00+00:00,1.06175,1.06220,1.06173,1.06220,100
2026-01-10T21:50:00+00:00,1.06220,1.06229,1.06211,1.06214,100
2026-01-10T21:55:00+00:00,1.06214,1.06225,1.06192,1.06203,100
2026-01-10T22:00:00+00:00,1.06203,1.06236,1.06194,1.06226,100
2026-01-10T22:05:00+00:00,1.06226,1.06246,1.06226,1.06239,100
2026-01-10T22:10:00+00:00,1.06239,1.06266,1.06236,1.06257,100
2026-01-10T22:15:00+00:00,1.06257,1.06275,1.06238,1.06260,100
2026-01-10T22:20:00+00:00,1.06260,1.06276,1.06241,1.06254,100
2026-01-10T22:25:00+00:00,1.06254,1.06282,1.06244,1.06275,100
2026-01-10T22:30:00+00:00,1.06275,1.06291,1.06269,1.06289,100
2026-01-10T22:35:00+00:00,1.06289,1.06303,1.06271,1.06279,100
2026-01-10T22:40:00+00:00,1.06279,1.06298,1.06274,1.06291,100
2026-01-10T22:45:00+00:00,1.06291,1.06317,1.06277,1.06305,100
2026-01-10T22:50:00+00:00,1.06305,1.06312,1.06301,1.06304,100
2026-01-10T22:55:00+00:00,1.06304,1.06311,1.06292,1.06297,100
2026-01-10T23:00:00+00:00,1.06297,1.06321,1.06260,1.06312,100
2026-01-10T23:05:00+00:00,1.06312,1.06327,1.06304,1.06318,100
2026-01-10T23:10:00+00:00,1.06318,1.06332,1.06311,1.06325,100
2026-01-10T23:15:00+00:00,1.06325,1.06329,1.06318,1.06319,100
2026-01-10T23:20:00+00:00,1.06319,1.06353,1.06310,1.06342,100
2026-01-10T23:25:00+00:00,1.06342,1.06359,1.06338,1.06340,100
2026-01-10T23:30:00+00:00,1.06340,1.06350,1.06321,1.06325,100
2026-01-10T23:35:00+00:00,1.06325,1.06348,1.06303,1.06332,100
2026-01-10T23:40:00+00:00,1.06332,1.06355,1.06323,1.06341,100
2026-01-10T23:45:00+00:00,1.06341,1.06366,1.06332,1.06355,100
2026-01-10T23:50:00+00:00,1.06355,1.06386,1.06344,1.06380,100
2026-01-10T23:55:00+00:00,1.06380,1.06387,1.06371,1.06374,100
2026-01-11T00:00:00+00:00,1.06374,1.06375,1.06346,1.06369,100
2026-01-11T00:05:00+00:00,1.06369,1.06387,1.06353,1.06379,100
2026-01-11T00:10:00+00:00,1.06379,1.06389,1.06367,1.06387,100
2026-01-11T00:15:00+00:00,1.06387,1.06411,1.06387,1.06404,100
2026-01-11T00:20:00+00:00,1.06404,1.06440,1.06403,1.06437,100
2026-01-11T00:25:00+00:00,1.06437,1.06462,1.06432,1.06457,100
2026-01-11T00:30:00+00:00,1.06457,1.06472,1.06440,1.06464,100
2026-01-11T00:35:00+00:00,1.06464,1.06508,1.06456,1.06507,100
2026-01-11T00:40:00+00:00,1.06507,1.06552,1.06488,1.06543,100
2026-01-11T00:45:00+00:00,1.06543,1.06568,1.06520,1.06559,100
2026-01-11T00:50:00+00:00,1.06559,1.06564,1.06532,1.06556,100
2026-01-11T00:55:00+00:00,1.06556,1.06572,1.06551,1.06571,100
2026-01-11T01:00:00+00:00,1.06571,1.06582,1.06548,1.06558,100
2026-01-11T01:05:00+00:00,1.06558,1.06560,1.06524,1.06524,100
2026-01-11T01:10:00+00:00,1.06524,1.06539,1.06505,1.06509,100
2026-01-11T01:15:00+00:00,1.06509,1.06513,1.06478,1.06498,100
2026-01-11T01:20:00+00:00,1.06498,1.06516,1.06471,1.06484,100
2026-01-11T01:25:00+00:00,1.06484,1.06484,1.06463,1.06466,100
2026-01-11T01:30:00+00:00,1.06466,1.06475,1.06448,1.06458,100
2026-01-11T01:35:00+00:00,1.06458,1.06458,1.06452,1.06453,100
2026-01-11T01:40:00+00:00,1.06453,1.06464,1.06414,1.06421,100
2026-01-11T01:45:00+00:00,1.06421,1.06426,1.06387,1.06396,100
2026-01-11T01:50:00+00:00,1.06396,1.06415,1.06370,1.06380,100
2026-01-11T01:55:00+00:00,1.06380,1.06385,1.06351,1.06357,100
2026-01-11T02:00:00+00:00,1.06357,1.06369,1.06332,1.06342,100
2026-01-11T02:05:00+00:00,1.06342,1.06349,1.06325,1.06326,100
2026-01-11T02:10:00+00:00,1.06326,1.06328,1.06280,1.06300,100
2026-01-11T02:15:00+00:00,1.06300,1.06311,1.06263,1.06280,100
2026-01-11T02:20:00+00:00,1.06280,1.06282,1.06246,1.06251,100
2026-01-11T02:25:00+00:00,1.06251,1.06268,1.06227,1.06232,100
2026-01-11T02:30:00+00:00,1.06232,1.06249,1.06206,1.06208,100
2026-01-11T02:35:00+00:00,1.06208,1.06213,1.06165,1.06172,100
2026-01-11T02:40:00+00:00,1.06172,1.06198,1.06119,1.06140,100
2026-01-11T02:45:00+00:00,1.06140,1.06155,1.06083,1.06101,100
2026-01-11T02:50:00+00:00,1.06101,1.06113,1.06046,1.06065,100
2026-01-11T02:55:00+00:00,1.06065,1.06070,1.06033,1.06050,100
2026-01-11T03:00:00+00:00,1.06050,1.06065,1.05992,1.05997,100
2026-01-11T03:05:00+00:00,1.05997,1.06007,1.05990,1.05993,100
2026-01-11T03:10:00+00:00,1.05993,1.06003,1.05961,1.05973,100
2026-01-11T03:15:00+00:00,1.05973,1.05974,1.05942,1.05955,100
2026-01-11T03:20:00+00:00,1.05955,1.05955,1.05922,1.05923,100
2026-01-11T03:25:00+00:00,1.05923,1.05926,1.05883,1.05895,100
2026-01-11T03:30:00+00:00,1.05895,1.05896,1.05853,1.05859,100
2026-01-11T03:35:00+00:00,1.05859,1.05875,1.05859,1.05871,100
2026-01-11T03:40:00+00:00,1.05871,1.05890,1.05867,1.05886,100
2026-01-11T03:45:00+00:00,1.05886,1.05894,1.05868,1.05874,100
2026-01-11T03:50:00+00:00,1.05874,1.05889,1.05868,1.05886,100
2026-01-11T03:55:00+00:00,1.05886,1.05894,1.05858,1.05877,100
2026-01-11T04:00:00+00:00,1.05877,1.05913,1.05871,1.05909,100
2026-01-11T04:05:00+00:00,1.05909,1.05927,1.05900,1.05906,100
2026-01-11T04:10:00+00:00,1.05906,1.05931,1.05903,1.05904,100
2026-01-11T04:15:00+00:00,1.05904,1.05925,1.05900,1.05912,100
2026-01-11T04:20:00+00:00,1.05912,1.05931,1.05901,1.05926,100
2026-01-11T04:25:00+00:00,1.05926,1.05930,1.05920,1.05923,100
2026-01-11T04:30:00+00:00,1.05923,1.05949,1.05915,1.05939,100
2026-01-11T04:35:00+00:00,1.05939,1.05961,1.05938,1.05952,100
2026-01-11T04:40:00+00:00,1.05952,1.05972,1.05942,1.05968,100
2026-01-11T04:45:00+00:00,1.05968,1.06013,1.05964,1.06008,100
2026-01-11T04:50:00+00:00,1.06008,1.06008,1.05994,1.06003,100
2026-01-11T04:55:00+00:00,1.06003,1.06006,1.06001,1.06002,100
2026-01-11T05:00:00+00:00,1.06002,1.06006,1.05981,1.05999,100
2026-01-11T05:05:00+00:00,1.05999,1.06032,1.05969,1.06029,100
2026-01-11T05:10:00+00:00,1.06029,1.06029,1.06016,1.06017,100
2026-01-11T05:15:00+00:00,1.06017,1.06018,1.05990,1.06006,100
2026-01-11T05:20:00+00:00,1.06006,1.06009,1.05997,1.06007,100
2026-01-11T05:25:00+00:00,1.06007,1.06022,1.05993,1.06010,100
2026-01-11T05:30:00+00:00,1.06010,1.06032,1.06007,1.06023,100
2026-01-11T05:35:00+00:00,1.06023,1.06027,1.06009,1.06024,100
2026-01-11T05:40:00+00:00,1.06024,1.06027,1.06002,1.06023,100
2026-01-11T05:45:00+00:00,1.06023,1.06048,1.06023,1.06036,100
2026-01-11T05:50:00+00:00,1.06036,1.06059,1.06035,1.06046,100
2026-01-11T05:55:00+00:00,1.06046,1.06048,1.06037,1.06046,100
2026-01-11T06:00:00+00:00,1.06046,1.06053,1.06029,1.06050,100
2026-01-11T06:05:00+00:00,1.06050,1.06066,1.06044,1.06045,100
2026-01-11T06:10:00+00:00,1.06045,1.06051,1.06018,1.06036,100
2026-01-11T06:15:00+00:00,1.06036,1.06051,1.06019,1.06029,100
2026-01-11T06:20:00+00:00,1.06029,1.06054,1.06012,1.06041,100
2026-01-11T06:25:00+00:00,1.06041,1.06047,1.06033,1.06039,100
2026-01-11T06:30:00+00:00,1.06039,1.06048,1.06025,1.06031,100
2026-01-11T06:35:00+00:00,1.06031,1.06038,1.06024,1.06031,100
2026-01-11T06:40:00+00:00,1.06031,1.06046,1.06026,1.06026,100
2026-01-11T06:45:00+00:00,1.06026,1.06052,1.06026,1.06040,100
2026-01-11T06:50:00+00:00,1.06040,1.06048,1.06012,1.06018,100
2026-01-11T06:55:00+00:00,1.06018,1.06037,1.06013,1.06025,100
2026-01-11T07:00:00+00:00,1.06025,1.06035,1.06021,1.06031,100
2026-01-11T07:05:00+00:00,1.06031,1.06038,1.06000,1.06011,100
2026-01-11T07:10:00+00:00,1.06011,1.06028,1.05989,1.06001,100
2026-01-11T07:15:00+00:00,1.06001,1.06020,1.05993,1.06013,100
2026-01-11T07:20:00+00:00,1.06013,1.06028,1.06004,1.06010,100
2026-01-11T07:25:00+00:00,1.06010,1.06031,1.06004,1.06017,100
2026-01-11T07:30:00+00:00,1.06017,1.06044,1.06010,1.06030,100
2026-01-11T07:35:00+00:00,1.06030,1.06035,1.06007,1.06021,100
2026-01-11T07:40:00+00:00,1.06021,1.06038,1.06011,1.06036,100
2026-01-11T07:45:00+00:00,1.06036,1.06052,1.06019,1.06026,100
2026-01-11T07:50:00+00:00,1.06026,1.06038,1.06019,1.06037,100
2026-01-11T07:55:00+00:00,1.06037,1.06041,1.06022,1.06032,100
2026-01-11T08:00:00+00:00,1.06032,1.06053,1.06020,1.06043,100
2026-01-11T08:05:00+00:00,1.06043,1.06049,1.06018,1.06044,100
2026-01-11T08:10:00+00:00,1.06044,1.06079,1.06032,1.06051,100
2026-01-11T08:15:00+00:00,1.06051,1.06066,1.06036,1.06038,100
2026-01-11T08:20:00+00:00,1.06038,1.06061,1.06021,1.06031,100
2026-01-11T08:25:00+00:00,1.06031,1.06052,1.06027,1.06039,100
2026-01-11T08:30:00+00:00,1.06039,1.06046,1.06025,1.06034,100
2026-01-11T08:35:00+00:00,1.06034,1.06039,1.06018,1.06036,100
2026-01-11T08:40:00+00:00,1.06036,1.06056,1.06028,1.06031,100
2026-01-11T08:45:00+00:00,1.06031,1.06036,1.06023,1.06027,100
2026-01-11T08:50:00+00:00,1.06027,1.06040,1.05996,1.06027,100
2026-01-11T08:55:00+00:00,1.06027,1.06063,1.06022,1.06044,100
2026-01-11T09:00:00+00:00,1.06044,1.06063,1.06035,1.06035,100
2026-01-11T09:05:00+00:00,1.06035,1.06039,1.06005,1.06006,100
2026-01-11T09:10:00+00:00,1.06006,1.06009,1.05990,1.05993,100
2026-01-11T09:15:00+00:00,1.05993,1.06016,1.05969,1.06016,100
2026-01-11T09:20:00+00:00,1.06016,1.06046,1.06003,1.06035,100
2026-01-11T09:25:00+00:00,1.06035,1.06061,1.06025,1.06046,100
2026-01-11T09:30:00+00:00,1.06046,1.06072,1.06031,1.06068,100
2026-01-11T09:35:00+00:00,1.06068,1.06107,1.06061,1.06100,100
2026-01-11T09:40:00+00:00,1.06100,1.06121,1.06094,1.06110,100
2026-01-11T09:45:00+00:00,1.06110,1.06152,1.06105,1.06138,100
2026-01-11T09:50:00+00:00,1.06138,1.06165,1.06136,1.06157,100
2026-01-11T09:55:00+00:00,1.06157,1.06178,1.06149,1.06167,100
2026-01-11T10:00:00+00:00,1.06167,1.06190,1.06166,1.06190,100
2026-01-11T10:05:00+00:00,1.06190,1.06230,1.06180,1.06223,100
2026-01-11T10:10:00+00:00,1.06223,1.06229,1.06211,1.06218,100
2026-01-11T10:15:00+00:00,1.06218,1.06263,1.06202,1.06262,100
2026-01-11T10:20:00+00:00,1.06262,1.06302,1.06254,1.06290,100
2026-01-11T10:25:00+00:00,1.06290,1.06330,1.06284,1.06323,100
2026-01-11T10:30:00+00:00,1.06323,1.06361,1.06318,1.06359,100
2026-01-11T10:35:00+00:00,1.06359,1.06388,1.06356,1.06383,100
2026-01-11T10:40:00+00:00,1.06383,1.06429,1.06373,1.06413,100
2026-01-11T10:45:00+00:00,1.06413,1.06438,1.06401,1.06422,100
2026-01-11T10:50:00+00:00,1.06422,1.06435,1.06419,1.06432,100
2026-01-11T10:55:00+00:00,1.06432,1.06453,1.06430,1.06447,100
2026-01-11T11:00:00+00:00,1.06447,1.06464,1.06439,1.06446,100
2026-01-11T11:05:00+00:00,1.06446,1.06453,1.06408,1.06413,100
2026-01-11T11:10:00+00:00,1.06413,1.06422,1.06387,1.06392,100
2026-01-11T11:15:00+00:00,1.06392,1.06429,1.06382,1.06422,100
2026-01-11T11:20:00+00:00,1.06422,1.06449,1.06414,1.06420,100
2026-01-11T11:25:00+00:00,1.06420,1.06420,1.06378,1.06381,100
2026-01-11T11:30:00+00:00,1.06381,1.06400,1.06366,1.06374,100
2026-01-11T11:35:00+00:00,1.06374,1.06380,1.06357,1.06362,100
2026-01-11T11:40:00+00:00,1.06362,1.06367,1.06329,1.06350,100
2026-01-11T11:45:00+00:00,1.06350,1.06377,1.06328,1.06360,100
2026-01-11T11:50:00+00:00,1.06360,1.06369,1.06340,1.06354,100
2026-01-11T11:55:00+00:00,1.06354,1.06355,1.06330,1.06343,100
2026-01-11T12:00:00+00:00,1.06343,1.06350,1.06341,1.06350,100
2026-01-11T12:05:00+00:00,1.06350,1.06372,1.06346,1.06366,100
2026-01-11T12:10:00+00:00,1.06366,1.06390,1.06341,1.06369,100
2026-01-11T12:15:00+00:00,1.06369,1.06371,1.06355,1.06362,100
2026-01-11T12:20:00+00:00,1.06362,1.06372,1.06362,1.06372,100
2026-01-11T12:25:00+00:00,1.06372,1.06386,1.06366,1.06382,100
2026-01-11T12:30:00+00:00,1.06382,1.06394,1.06372,1.06387,100
2026-01-11T12:35:00+00:00,1.06387,1.06387,1.06355,1.06362,100
2026-01-11T12:40:00+00:00,1.06362,1.06376,1.06350,1.06357,100
2026-01-11T12:45:00+00:00,1.06357,1.06370,1.06346,1.06360,100
2026-01-11T12:50:00+00:00,1.06360,1.06370,1.06354,1.06369,100
2026-01-11T12:55:00+00:00,1.06369,1.06379,1.06362,1.06378,100
2026-01-11T13:00:00+00:00,1.06378,1.06385,1.06352,1.06358,100
2026-01-11T13:05:00+00:00,1.06358,1.06368,1.06344,1.06347,100
2026-01-11T13:10:00+00:00,1.06347,1.06385,1.06342,1.06383,100
2026-01-11T13:15:00+00:00,1.06383,1.06395,1.06374,1.06378,100
2026-01-11T13:20:00+00:00,1.06378,1.06399,1.06369,1.06372,100
2026-01-11T13:25:00+00:00,1.06372,1.06395,1.06355,1.06393,100
2026-01-11T13:30:00+00:00,1.06393,1.06396,1.06370,1.06380,100
2026-01-11T13:35:00+00:00,1.06380,1.06395,1.06367,1.06387,100
2026-01-11T13:40:00+00:00,1.06387,1.06396,1.06351,1.06359,100
2026-01-11T13:45:00+00:00,1.06359,1.06362,1.06350,1.06360,100
2026-01-11T13:50:00+00:00,1.06360,1.06382,1.06358,1.06359,100
2026-01-11T13:55:00+00:00,1.06359,1.06374,1.06351,1.06371,100
2026-01-11T14:00:00+00:00,1.06371,1.06388,1.06366,1.06383,100
2026-01-11T14:05:00+00:00,1.06383,1.06407,1.06374,1.06407,100
2026-01-11T14:10:00+00:00,1.06407,1.06443,1.06404,1.06441,100
2026-01-11T14:15:00+00:00,1.06441,1.06469,1.06435,1.06446,100
2026-01-11T14:20:00+00:00,1.06446,1.06486,1.06433,1.06467,100
2026-01-11T14:25:00+00:00,1.06467,1.06479,1.06461,1.06473,100
2026-01-11T14:30:00+00:00,1.06473,1.06500,1.06458,1.06480,100
2026-01-11T14:35:00+00:00,1.06480,1.06523,1.06476,1.06513,100
2026-01-11T14:40:00+00:00,1.06513,1.06540,1.06497,1.06533,100
2026-01-11T14:45:00+00:00,1.06533,1.06554,1.06529,1.06547,100
2026-01-11T14:50:00+00:00,1.06547,1.06568,1.06529,1.06559,100
2026-01-11T14:55:00+00:00,1.06559,1.06590,1.06555,1.06580,100
2026-01-11T15:00:00+00:00,1.06580,1.06628,1.06574,1.06615,100
2026-01-11T15:05:00+00:00,1.06615,1.06622,1.06604,1.06606,100
2026-01-11T15:10:00+00:00,1.06606,1.06658,1.06594,1.06646,100
2026-01-11T15:15:00+00:00,1.06646,1.06668,1.06625,1.06667,100
2026-01-11T15:20:00+00:00,1.06667,1.06677,1.06655,1.06675,100
2026-01-11T15:25:00+00:00,1.06675,1.06718,1.06671,1.06704,100
2026-01-11T15:30:00+00:00,1.06704,1.06734,1.06701,1.06734,100
2026-01-11T15:35:00+00:00,1.06734,1.06777,1.06718,1.06764,100
2026-01-11T15:40:00+00:00,1.06764,1.06800,1.06763,1.06789,100
2026-01-11T15:45:00+00:00,1.06789,1.06837,1.06780,1.06829,100
2026-01-11T15:50:00+00:00,1.06829,1.06862,1.06813,1.06861,100
2026-01-11T15:55:00+00:00,1.06861,1.06889,1.06853,1.06872,100
2026-01-11T16:00:00+00:00,1.06872,1.06913,1.06866,1.06908,100
2026-01-11T16:05:00+00:00,1.06908,1.06950,1.06883,1.06949,100
2026-01-11T16:10:00+00:00,1.06949,1.06981,1.06944,1.06976,100
2026-01-11T16:15:00+00:00,1.06976,1.07005,1.06968,1.07004,100
2026-01-11T16:20:00+00:00,1.07004,1.07025,1.06999,1.07004,100
2026-01-11T16:25:00+00:00,1.07004,1.07024,1.06988,1.07019,100
2026-01-11T16:30:00+00:00,1.07019,1.07036,1.06957,1.06976,100
2026-01-11T16:35:00+00:00,1.06976,1.06981,1.06936,1.06944,100
2026-01-11T16:40:00+00:00,1.06944,1.06947,1.06940,1.06946,100
2026-01-11T16:45:00+00:00,1.06946,1.06949,1.06912,1.06920,100
2026-01-11T16:50:00+00:00,1.06920,1.06928,1.06889,1.06906,100
2026-01-11T16:55:00+00:00,1.06906,1.06919,1.06881,1.06895,100
2026-01-11T17:00:00+00:00,1.06895,1.06903,1.06862,1.06878,100
2026-01-11T17:05:00+00:00,1.06878,1.06882,1.06865,1.06882,100
2026-01-11T17:10:00+00:00,1.06882,1.06895,1.06835,1.06854,100
2026-01-11T17:15:00+00:00,1.06854,1.06865,1.06837,1.06845,100
2026-01-11T17:20:00+00:00,1.06845,1.06857,1.06829,1.06838,100
2026-01-11T17:25:00+00:00,1.06838,1.06840,1.06811,1.06814,100
2026-01-11T17:30:00+00:00,1.06814,1.06826,1.06801,1.06819,100
2026-01-11T17:35:00+00:00,1.06819,1.06829,1.06810,1.06810,100
2026-01-11T17:40:00+00:00,1.06810,1.06822,1.06777,1.06789,100
2026-01-11T17:45:00+00:00,1.06789,1.06799,1.06768,1.06778,100
2026-01-11T17:50:00+00:00,1.06778,1.06782,1.06751,1.06757,100
2026-01-11T17:55:00+00:00,1.06757,1.06762,1.06724,1.06730,100
2026-01-11T18:00:00+00:00,1.06730,1.06741,1.06707,1.06710,100
2026-01-11T18:05:00+00:00,1.06710,1.06722,1.06692,1.06697,100
2026-01-11T18:10:00+00:00,1.06697,1.06697,1.06642,1.06654,100
2026-01-11T18:15:00+00:00,1.06654,1.06658,1.06632,1.06633,100
2026-01-11T18:20:00+00:00,1.06633,1.06637,1.06612,1.06619,100
2026-01-11T18:25:00+00:00,1.06619,1.06626,1.06596,1.06605,100
2026-01-11T18:30:00+00:00,1.06605,1.06613,1.06577,1.06586,100
2026-01-11T18:35:00+00:00,1.06586,1.06591,1.06529,1.06539,100
2026-01-11T18:40:00+00:00,1.06539,1.06550,1.06512,1.06521,100
2026-01-11T18:45:00+00:00,1.06521,1.06541,1.06507,1.06534,100
2026-01-11T18:50:00+00:00,1.06534,1.06549,1.06519,1.06542,100
2026-01-11T18:55:00+00:00,1.06542,1.06554,1.06530,1.06550,100
2026-01-11T19:00:00+00:00,1.06550,1.06572,1.06542,1.06569,100
2026-01-11T19:05:00+00:00,1.06569,1.06584,1.06567,1.06577,100
2026-01-11T19:10:00+00:00,1.06577,1.06583,1.06566,1.06582,100
2026-01-11T19:15:00+00:00,1.06582,1.06595,1.06568,1.06586,100
2026-01-11T19:20:00+00:00,1.06586,1.06623,1.06552,1.06615,100
2026-01-11T19:25:00+00:00,1.06615,1.06635,1.06600,1.06632,100
2026-01-11T19:30:00+00:00,1.06632,1.06639,1.06626,1.06636,100
2026-01-11T19:35:00+00:00,1.06636,1.06674,1.06634,1.06646,100
2026-01-11T19:40:00+00:00,1.06646,1.06681,1.06632,1.06664,100
2026-01-11T19:45:00+00:00,1.06664,1.06688,1.06656,1.06685,100
2026-01-11T19:50:00+00:00,1.06685,1.06694,1.06676,1.06676,100
2026-01-11T19:55:00+00:00,1.06676,1.06686,1.06674,1.06682,100
2026-01-11T20:00:00+00:00,1.06682,1.06700,1.06673,1.06697,100
2026-01-11T20:05:00+00:00,1.06697,1.06719,1.06684,1.06712,100
2026-01-11T20:10:00+00:00,1.06712,1.06717,1.06706,1.06717,100
2026-01-11T20:15:00+00:00,1.06717,1.06746,1.06712,1.06739,100
2026-01-11T20:20:00+00:00,1.06739,1.06749,1.06725,1.06734,100
2026-01-11T20:25:00+00:00,1.06734,1.06738,1.06731,1.06733,100
2026-01-11T20:30:00+00:00,1.06733,1.06747,1.06728,1.06743,100
2026-01-11T20:35:00+00:00,1.06743,1.06764,1.06736,1.06751,100
2026-01-11T20:40:00+00:00,1.06751,1.06763,1.06746,1.06757,100
2026-01-11T20:45:00+00:00,1.06757,1.06769,1.06754,1.06769,100
2026-01-11T20:50:00+00:00,1.06769,1.06810,1.06768,1.06803,100
2026-01-11T20:55:00+00:00,1.06803,1.06822,1.06789,1.06793,100
2026-01-11T21:00:00+00:00,1.06793,1.06813,1.06790,1.06810,100
2026-01-11T21:05:00+00:00,1.06810,1.06813,1.06774,1.06792,100
2026-01-11T21:10:00+00:00,1.06792,1.06819,1.06785,1.06816,100
2026-01-11T21:15:00+00:00,1.06816,1.06849,1.06808,1.06842,100
2026-01-11T21:20:00+00:00,1.06842,1.06869,1.06837,1.06865,100
2026-01-11T21:25:00+00:00,1.06865,1.06932,1.06841,1.06917,100
2026-01-11T21:30:00+00:00,1.06917,1.06941,1.06896,1.06934,100
2026-01-11T21:35:00+00:00,1.06934,1.06952,1.06916,1.06931,100
2026-01-11T21:40:00+00:00,1.06931,1.06939,1.06917,1.06937,100
2026-01-11T21:45:00+00:00,1.06937,1.06951,1.06927,1.06946,100
2026-01-11T21:50:00+00:00,1.06946,1.06968,1.06931,1.06953,100
2026-01-11T21:55:00+00:00,1.06953,1.06965,1.06943,1.06964,100
2026-01-11T22:00:00+00:00,1.06964,1.06977,1.06945,1.06946,100
2026-01-11T22:05:00+00:00,1.06946,1.06950,1.06919,1.06928,100
2026-01-11T22:10:00+00:00,1.06928,1.06948,1.06921,1.06943,100
2026-01-11T22:15:00+00:00,1.06943,1.06956,1.06931,1.06936,100
2026-01-11T22:20:00+00:00,1.06936,1.06945,1.06912,1.06940,100
2026-01-11T22:25:00+00:00,1.06940,1.06964,1.06894,1.06911,100
2026-01-11T22:30:00+00:00,1.06911,1.06952,1.06901,1.06924,100
2026-01-11T22:35:00+00:00,1.06924,1.06946,1.06910,1.06941,100
2026-01-11T22:40:00+00:00,1.06941,1.06953,1.06930,1.06949,100
2026-01-11T22:45:00+00:00,1.06949,1.06951,1.06928,1.06930,100
2026-01-11T22:50:00+00:00,1.06930,1.06958,1.06924,1.06950,100
2026-01-11T22:55:00+00:00,1.06950,1.06973,1.06946,1.06971,100
2026-01-11T23:00:00+00:00,1.06971,1.07025,1.06965,1.07010,100
2026-01-11T23:05:00+00:00,1.07010,1.07021,1.06994,1.06999,100
2026-01-11T23:10:00+00:00,1.06999,1.07030,1.06987,1.07017,100
2026-01-11T23:15:00+00:00,1.07017,1.07070,1.07015,1.07051,100
2026-01-11T23:20:00+00:00,1.07051,1.07084,1.07038,1.07072,100
2026-01-11T23:25:00+00:00,1.07072,1.07112,1.07068,1.07110,100
2026-01-11T23:30:00+00:00,1.07110,1.07134,1.07106,1.07127,100
2026-01-11T23:35:00+00:00,1.07127,1.07166,1.07118,1.07159,100
2026-01-11T23:40:00+00:00,1.07159,1.07171,1.07158,1.07160,100
2026-01-11T23:45:00+00:00,1.07160,1.07192,1.07156,1.07183,100
2026-01-11T23:50:00+00:00,1.07183,1.07226,1.07180,1.07217,100
2026-01-11T23:55:00+00:00,1.07217,1.07254,1.07196,1.07242,100
2026-01-12T00:00:00+00:00,1.07242,1.07281,1.07235,1.07266,100
2026-01-12T00:05:00+00:00,1.07266,1.07298,1.07259,1.07277,100
2026-01-12T00:10:00+00:00,1.07277,1.07332,1.07276,1.07326,100
2026-01-12T00:15:00+00:00,1.07326,1.07340,1.07319,1.07339,100
2026-01-12T00:20:00+00:00,1.07339,1.07358,1.07329,1.07354,100
2026-01-12T00:25:00+00:00,1.07354,1.07409,1.07339,1.07399,100
2026-01-12T00:30:00+00:00,1.07399,1.07440,1.07387,1.07426,100
2026-01-12T00:35:00+00:00,1.07426,1.07431,1.07415,1.07423,100
2026-01-12T00:40:00+00:00,1.07423,1.07444,1.07411,1.07436,100
2026-01-12T00:45:00+00:00,1.07436,1.07492,1.07432,1.07487,100
2026-01-12T00:50:00+00:00,1.07487,1.07526,1.07470,1.07523,100
2026-01-12T00:55:00+00:00,1.07523,1.07542,1.07496,1.07537,100
2026-01-12T01:00:00+00:00,1.07537,1.07551,1.07532,1.07533,100
2026-01-12T01:05:00+00:00,1.07533,1.07549,1.07512,1.07515,100
2026-01-12T01:10:00+00:00,1.07515,1.07537,1.07513,1.07533,100
2026-01-12T01:15:00+00:00,1.07533,1.07577,1.07530,1.07555,100
2026-01-12T01:20:00+00:00,1.07555,1.07556,1.07512,1.07526,100
2026-01-12T01:25:00+00:00,1.07526,1.07536,1.07510,1.07521,100
2026-01-12T01:30:00+00:00,1.07521,1.07538,1.07489,1.07498,100
2026-01-12T01:35:00+00:00,1.07498,1.07505,1.07469,1.07480,100
2026-01-12T01:40:00+00:00,1.07480,1.07501,1.07469,1.07478,100
2026-01-12T01:45:00+00:00,1.07478,1.07480,1.07474,1.07479,100
2026-01-12T01:50:00+00:00,1.07479,1.07493,1.07465,1.07466,100
2026-01-12T01:55:00+00:00,1.07466,1.07486,1.07464,1.07479,100
2026-01-12T02:00:00+00:00,1.07479,1.07499,1.07475,1.07480,100
2026-01-12T02:05:00+00:00,1.07480,1.07482,1.07475,1.07479,100
2026-01-12T02:10:00+00:00,1.07479,1.07481,1.07465,1.07475,100
2026-01-12T02:15:00+00:00,1.07475,1.07488,1.07438,1.07455,100
2026-01-12T02:20:00+00:00,1.07455,1.07471,1.07446,1.07451,100
2026-01-12T02:25:00+00:00,1.07451,1.07468,1.07436,1.07437,100
2026-01-12T02:30:00+00:00,1.07437,1.07461,1.07433,1.07449,100
2026-01-12T02:35:00+00:00,1.07449,1.07462,1.07438,1.07461,100
2026-01-12T02:40:00+00:00,1.07461,1.07469,1.07433,1.07440,100
2026-01-12T02:45:00+00:00,1.07440,1.07454,1.07424,1.07427,100
2026-01-12T02:50:00+00:00,1.07427,1.07433,1.07400,1.07417,100
2026-01-12T02:55:00+00:00,1.07417,1.07426,1.07394,1.07394,100
2026-01-12T03:00:00+00:00,1.07394,1.07397,1.07382,1.07384,100
2026-01-12T03:05:00+00:00,1.07384,1.07397,1.07371,1.07372,100
2026-01-12T03:10:00+00:00,1.07372,1.07380,1.07354,1.07356,100
2026-01-12T03:15:00+00:00,1.07356,1.07381,1.07350,1.07378,100
2026-01-12T03:20:00+00:00,1.07378,1.07414,1.07372,1.07406,100
2026-01-12T03:25:00+00:00,1.07406,1.07414,1.07398,1.07404,100
2026-01-12T03:30:00+00:00,1.07404,1.07411,1.07388,1.07396,100
2026-01-12T03:35:00+00:00,1.07396,1.07415,1.07396,1.07407,100
2026-01-12T03:40:00+00:00,1.07407,1.07415,1.07394,1.07401,100
2026-01-12T03:45:00+00:00,1.07401,1.07416,1.07388,1.07412,100
2026-01-12T03:50:00+00:00,1.07412,1.07419,1.07405,1.07411,100
2026-01-12T03:55:00+00:00,1.07411,1.07416,1.07402,1.07407,100
2026-01-12T04:00:00+00:00,1.07407,1.07430,1.07404,1.07420,100
2026-01-12T04:05:00+00:00,1.07420,1.07446,1.07420,1.07432,100
2026-01-12T04:10:00+00:00,1.07432,1.07460,1.07425,1.07452,100
2026-01-12T04:15:00+00:00,1.07452,1.07473,1.07445,1.07468,100
2026-01-12T04:20:00+00:00,1.07468,1.07509,1.07467,1.07493,100
2026-01-12T04:25:00+00:00,1.07493,1.07530,1.07472,1.07524,100
2026-01-12T04:30:00+00:00,1.07524,1.07567,1.07512,1.07561,100
2026-01-12T04:35:00+00:00,1.07561,1.07580,1.07555,1.07573,100
2026-01-12T04:40:00+00:00,1.07573,1.07577,1.07562,1.07574,100
2026-01-12T04:45:00+00:00,1.07574,1.07586,1.07562,1.07585,100
2026-01-12T04:50:00+00:00,1.07585,1.07596,1.07562,1.07567,100
2026-01-12T04:55:00+00:00,1.07567,1.07579,1.07561,1.07577,100
2026-01-12T05:00:00+00:00,1.07577,1.07613,1.07554,1.07590,100
2026-01-12T05:05:00+00:00,1.07590,1.07632,1.07580,1.07629,100
2026-01-12T05:10:00+00:00,1.07629,1.07655,1.07615,1.07619,100
2026-01-12T05:15:00+00:00,1.07619,1.07635,1.07596,1.07622,100
2026-01-12T05:20:00+00:00,1.07622,1.07634,1.07613,1.07630,100
2026-01-12T05:25:00+00:00,1.07630,1.07630,1.07616,1.07623,100
2026-01-12T05:30:00+00:00,1.07623,1.07644,1.07603,1.07643,100
2026-01-12T05:35:00+00:00,1.07643,1.07647,1.07626,1.07639,100
2026-01-12T05:40:00+00:00,1.07639,1.07668,1.07624,1.07656,100
2026-01-12T05:45:00+00:00,1.07656,1.07660,1.07649,1.07655,100
2026-01-12T05:50:00+00:00,1.07655,1.07697,1.07653,1.07685,100
2026-01-12T05:55:00+00:00,1.07685,1.07697,1.07683,1.07689,100
2026-01-12T06:00:00+00:00,1.07689,1.07721,1.07686,1.07717,100
2026-01-12T06:05:00+00:00,1.07717,1.07747,1.07711,1.07734,100
2026-01-12T06:10:00+00:00,1.07734,1.07769,1.07726,1.07764,100
2026-01-12T06:15:00+00:00,1.07764,1.07771,1.07736,1.07770,100
2026-01-12T06:20:00+00:00,1.07770,1.07783,1.07748,1.07761,100
2026-01-12T06:25:00+00:00,1.07761,1.07788,1.07760,1.07777,100
2026-01-12T06:30:00+00:00,1.07777,1.07805,1.07762,1.07787,100
2026-01-12T06:35:00+00:00,1.07787,1.07804,1.07779,1.07804,100
2026-01-12T06:40:00+00:00,1.07804,1.07827,1.07799,1.07819,100
2026-01-12T06:45:00+00:00,1.07819,1.07852,1.07815,1.07841,100
2026-01-12T06:50:00+00:00,1.07841,1.07872,1.07828,1.07865,100
2026-01-12T06:55:00+00:00,1.07865,1.07869,1.07861,1.07865,100
2026-01-12T07:00:00+00:00,1.07865,1.07904,1.07856,1.07899,100
2026-01-12T07:05:00+00:00,1.07899,1.07921,1.07891,1.07919,100
2026-01-12T07:10:00+00:00,1.07919,1.07956,1.07919,1.07944,100
2026-01-12T07:15:00+00:00,1.07944,1.07959,1.07936,1.07958,100
2026-01-12T07:20:00+00:00,1.07958,1.07987,1.07953,1.07980,100
2026-01-12T07:25:00+00:00,1.07980,1.07994,1.07948,1.07952,100
2026-01-12T07:30:00+00:00,1.07952,1.07962,1.07944,1.07961,100
2026-01-12T07:35:00+00:00,1.07961,1.07966,1.07937,1.07946,100
2026-01-12T07:40:00+00:00,1.07946,1.07951,1.07925,1.07943,100
2026-01-12T07:45:00+00:00,1.07943,1.07963,1.07919,1.07922,100
2026-01-12T07:50:00+00:00,1.07922,1.07929,1.07903,1.07916,100
2026-01-12T07:55:00+00:00,1.07916,1.07936,1.07914,1.07914,100
2026-01-12T08:00:00+00:00,1.07914,1.07918,1.07905,1.07913,100
2026-01-12T08:05:00+00:00,1.07913,1.07919,1.07900,1.07900,100
2026-01-12T08:10:00+00:00,1.07900,1.07904,1.07856,1.07868,100
2026-01-12T08:15:00+00:00,1.07868,1.07900,1.07860,1.07880,100
2026-01-12T08:20:00+00:00,1.07880,1.07896,1.07843,1.07859,100
2026-01-12T08:25:00+00:00,1.07859,1.07861,1.07829,1.07831,100
2026-01-12T08:30:00+00:00,1.07831,1.07835,1.07798,1.07823,100
2026-01-12T08:35:00+00:00,1.07823,1.07833,1.07806,1.07811,100
2026-01-12T08:40:00+00:00,1.07811,1.07838,1.07794,1.07799,100
2026-01-12T08:45:00+00:00,1.07799,1.07818,1.07796,1.07814,100
2026-01-12T08:50:00+00:00,1.07814,1.07821,1.07798,1.07808,100
2026-01-12T08:55:00+00:00,1.07808,1.07817,1.07791,1.07792,100
2026-01-12T09:00:00+00:00,1.07792,1.07800,1.07778,1.07792,100
2026-01-12T09:05:00+00:00,1.07792,1.07816,1.07757,1.07788,100
2026-01-12T09:10:00+00:00,1.07788,1.07790,1.07767,1.07773,100
2026-01-12T09:15:00+00:00,1.07773,1.07798,1.07751,1.07765,100
2026-01-12T09:20:00+00:00,1.07765,1.07765,1.07752,1.07765,100
2026-01-12T09:25:00+00:00,1.07765,1.07768,1.07738,1.07739,100
2026-01-12T09:30:00+00:00,1.07739,1.07758,1.07709,1.07715,100
2026-01-12T09:35:00+00:00,1.07715,1.07716,1.07697,1.07705,100
2026-01-12T09:40:00+00:00,1.07705,1.07718,1.07695,1.07697,100
2026-01-12T09:45:00+00:00,1.07697,1.07697,1.07668,1.07679,100
2026-01-12T09:50:00+00:00,1.07679,1.07725,1.07676,1.07700,100
2026-01-12T09:55:00+00:00,1.07700,1.07701,1.07674,1.07676,100
2026-01-12T10:00:00+00:00,1.07676,1.07681,1.07661,1.07665,100
2026-01-12T10:05:00+00:00,1.07665,1.07668,1.07632,1.07656,100
2026-01-12T10:10:00+00:00,1.07656,1.07664,1.07619,1.07647,100
2026-01-12T10:15:00+00:00,1.07647,1.07654,1.07604,1.07606,100
2026-01-12T10:20:00+00:00,1.07606,1.07616,1.07602,1.07602,100
2026-01-12T10:25:00+00:00,1.07602,1.07607,1.07586,1.07593,100
2026-01-12T10:30:00+00:00,1.07593,1.07603,1.07557,1.07578,100
2026-01-12T10:35:00+00:00,1.07578,1.07584,1.07555,1.07563,100
2026-01-12T10:40:00+00:00,1.07563,1.07570,1.07547,1.07557,100
2026-01-12T10:45:00+00:00,1.07557,1.07563,1.07537,1.07550,100
2026-01-12T10:50:00+00:00,1.07550,1.07583,1.07544,1.07575,100
2026-01-12T10:55:00+00:00,1.07575,1.07624,1.07553,1.07622,100
2026-01-12T11:00:00+00:00,1.07622,1.07692,1.07606,1.07685,100
2026-01-12T11:05:00+00:00,1.07685,1.07760,1.07685,1.07752,100
2026-01-12T11:10:00+00:00,1.07752,1.07815,1.07749,1.07813,100
2026-01-12T11:15:00+00:00,1.07813,1.07869,1.07807,1.07862,100
2026-01-12T11:20:00+00:00,1.07862,1.07904,1.07861,1.07903,100
2026-01-12T11:25:00+00:00,1.07903,1.07968,1.07881,1.07947,100
2026-01-12T11:30:00+00:00,1.07947,1.07997,1.07932,1.07995,100
2026-01-12T11:35:00+00:00,1.07995,1.08043,1.07989,1.08032,100
2026-01-12T11:40:00+00:00,1.08032,1.08077,1.08026,1.08056,100
2026-01-12T11:45:00+00:00,1.08056,1.08119,1.08043,1.08101,100
2026-01-12T11:50:00+00:00,1.08101,1.08168,1.08088,1.08166,100
2026-01-12T11:55:00+00:00,1.08166,1.08188,1.08107,1.08113,100
2026-01-12T12:00:00+00:00,1.08113,1.08122,1.08036,1.08042,100
2026-01-12T12:05:00+00:00,1.08042,1.08044,1.07966,1.07973,100
2026-01-12T12:10:00+00:00,1.07973,1.07987,1.07892,1.07894,100
2026-01-12T12:15:00+00:00,1.07894,1.07899,1.07807,1.07830,100
2026-01-12T12:20:00+00:00,1.07830,1.07839,1.07739,1.07750,100
2026-01-12T12:25:00+00:00,1.07750,1.07766,1.07634,1.07634,100
2026-01-12T12:30:00+00:00,1.07634,1.07644,1.07551,1.07551,100
2026-01-12T12:35:00+00:00,1.07551,1.07562,1.07427,1.07429,100
2026-01-12T12:40:00+00:00,1.07429,1.07458,1.07424,1.07455,100
2026-01-12T12:45:00+00:00,1.07455,1.07481,1.07444,1.07458,100
2026-01-12T12:50:00+00:00,1.07458,1.07460,1.07451,1.07457,100
2026-01-12T12:55:00+00:00,1.07457,1.07500,1.07447,1.07483,100
2026-01-12T13:00:00+00:00,1.07483,1.07498,1.07473,1.07479,100
2026-01-12T13:05:00+00:00,1.07479,1.07485,1.07465,1.07472,100
2026-01-12T13:10:00+00:00,1.07472,1.07500,1.07451,1.07496,100
2026-01-12T13:15:00+00:00,1.07496,1.07511,1.07484,1.07497,100
2026-01-12T13:20:00+00:00,1.07497,1.07503,1.07493,1.07494,100
2026-01-12T13:25:00+00:00,1.07494,1.07518,1.07486,1.07510,100
2026-01-12T13:30:00+00:00,1.07510,1.07520,1.07499,1.07517,100
2026-01-12T13:35:00+00:00,1.07517,1.07546,1.07505,1.07535,100
2026-01-12T13:40:00+00:00,1.07535,1.07544,1.07534,1.07543,100
2026-01-12T13:45:00+00:00,1.07543,1.07572,1.07542,1.07569,100
2026-01-12T13:50:00+00:00,1.07569,1.07579,1.07560,1.07578,100
2026-01-12T13:55:00+00:00,1.07578,1.07600,1.07545,1.07564,100
2026-01-12T14:00:00+00:00,1.07564,1.07575,1.07557,1.07563,100
2026-01-12T14:05:00+00:00,1.07563,1.07591,1.07530,1.07539,100
2026-01-12T14:10:00+00:00,1.07539,1.07550,1.07534,1.07539,100
2026-01-12T14:15:00+00:00,1.07539,1.07546,1.07507,1.07516,100
2026-01-12T14:20:00+00:00,1.07516,1.07535,1.07510,1.07522,100
2026-01-12T14:25:00+00:00,1.07522,1.07538,1.07507,1.07527,100
2026-01-12T14:30:00+00:00,1.07527,1.07562,1.07513,1.07546,100
2026-01-12T14:35:00+00:00,1.07546,1.07567,1.07539,1.07564,100
2026-01-12T14:40:00+00:00,1.07564,1.07589,1.07562,1.07585,100
2026-01-12T14:45:00+00:00,1.07585,1.07602,1.07554,1.07568,100
2026-01-12T14:50:00+00:00,1.07568,1.07587,1.07540,1.07584,100
2026-01-12T14:55:00+00:00,1.07584,1.07608,1.07581,1.07592,100
2026-01-12T15:00:00+00:00,1.07592,1.07622,1.07585,1.07605,100
2026-01-12T15:05:00+00:00,1.07605,1.07635,1.07595,1.07625,100
2026-01-12T15:10:00+00:00,1.07625,1.07646,1.07621,1.07640,100
2026-01-12T15:15:00+00:00,1.07640,1.07651,1.07629,1.07634,100
2026-01-12T15:20:00+00:00,1.07634,1.07644,1.07632,1.07644,100
2026-01-12T15:25:00+00:00,1.07644,1.07650,1.07631,1.07648,100
2026-01-12T15:30:00+00:00,1.07648,1.07652,1.07625,1.07640,100
2026-01-12T15:35:00+00:00,1.07640,1.07670,1.07637,1.07642,100
2026-01-12T15:40:00+00:00,1.07642,1.07675,1.07640,1.07673,100
2026-01-12T15:45:00+00:00,1.07673,1.07721,1.07648,1.07710,100
2026-01-12T15:50:00+00:00,1.07710,1.07730,1.07707,1.07729,100
2026-01-12T15:55:00+00:00,1.07729,1.07734,1.07710,1.07718,100
2026-01-12T16:00:00+00:00,1.07718,1.07729,1.07712,1.07713,100
2026-01-12T16:05:00+00:00,1.07713,1.07716,1.07694,1.07708,100
2026-01-12T16:10:00+00:00,1.07708,1.07743,1.07691,1.07742,100
2026-01-12T16:15:00+00:00,1.07742,1.07770,1.07728,1.07735,100
2026-01-12T16:20:00+00:00,1.07735,1.07735,1.07731,1.07734,100
2026-01-12T16:25:00+00:00,1.07734,1.07750,1.07734,1.07747,100
2026-01-12T16:30:00+00:00,1.07747,1.07756,1.07741,1.07749,100
2026-01-12T16:35:00+00:00,1.07749,1.07750,1.07742,1.07745,100
2026-01-12T16:40:00+00:00,1.07745,1.07760,1.07713,1.07731,100
2026-01-12T16:45:00+00:00,1.07731,1.07763,1.07724,1.07749,100
2026-01-12T16:50:00+00:00,1.07749,1.07790,1.07736,1.07766,100
2026-01-12T16:55:00+00:00,1.07766,1.07773,1.07741,1.07760,100
2026-01-12T17:00:00+00:00,1.07760,1.07776,1.07740,1.07765,100
2026-01-12T17:05:00+00:00,1.07765,1.07778,1.07764,1.07765,100
2026-01-12T17:10:00+00:00,1.07765,1.07783,1.07730,1.07753,100
2026-01-12T17:15:00+00:00,1.07753,1.07776,1.07748,1.07766,100
2026-01-12T17:20:00+00:00,1.07766,1.07775,1.07745,1.07753,100
2026-01-12T17:25:00+00:00,1.07753,1.07757,1.07724,1.07739,100
2026-01-12T17:30:00+00:00,1.07739,1.07740,1.07707,1.07724,100
2026-01-12T17:35:00+00:00,1.07724,1.07757,1.07723,1.07747,100
2026-01-12T17:40:00+00:00,1.07747,1.07768,1.07743,1.07763,100
2026-01-12T17:45:00+00:00,1.07763,1.07766,1.07759,1.07760,100
2026-01-12T17:50:00+00:00,1.07760,1.07764,1.07738,1.07747,100
2026-01-12T17:55:00+00:00,1.07747,1.07783,1.07729,1.07783,100
2026-01-12T18:00:00+00:00,1.07783,1.07794,1.07763,1.07773,100
2026-01-12T18:05:00+00:00,1.07773,1.07776,1.07757,1.07769,100
2026-01-12T18:10:00+00:00,1.07769,1.07779,1.07755,1.07771,100
2026-01-12T18:15:00+00:00,1.07771,1.07776,1.07755,1.07766,100
2026-01-12T18:20:00+00:00,1.07766,1.07778,1.07759,1.07777,100
2026-01-12T18:25:00+00:00,1.07777,1.07796,1.07761,1.07767,100
2026-01-12T18:30:00+00:00,1.07767,1.07774,1.07759,1.07760,100
2026-01-12T18:35:00+00:00,1.07760,1.07803,1.07751,1.07802,100
2026-01-12T18:40:00+00:00,1.07802,1.07804,1.07783,1.07789,100
2026-01-12T18:45:00+00:00,1.07789,1.07804,1.07759,1.07773,100
2026-01-12T18:50:00+00:00,1.07773,1.07786,1.07761,1.07785,100
2026-01-12T18:55:00+00:00,1.07785,1.07805,1.07783,1.07791,100
2026-01-12T19:00:00+00:00,1.07791,1.07798,1.07783,1.07796,100
2026-01-12T19:05:00+00:00,1.07796,1.07814,1.07795,1.07813,100
2026-01-12T19:10:00+00:00,1.07813,1.07817,1.07802,1.07803,100
2026-01-12T19:15:00+00:00,1.07803,1.07807,1.07779,1.07788,100
2026-01-12T19:20:00+00:00,1.07788,1.07790,1.07764,1.07772,100
2026-01-12T19:25:00+00:00,1.07772,1.07772,1.07750,1.07756,100
2026-01-12T19:30:00+00:00,1.07756,1.07770,1.07749,1.07768,100
2026-01-12T19:35:00+00:00,1.07768,1.07776,1.07759,1.07770,100
2026-01-12T19:40:00+00:00,1.07770,1.07775,1.07754,1.07772,100
2026-01-12T19:45:00+00:00,1.07772,1.07781,1.07769,1.07776,100
2026-01-12T19:50:00+00:00,1.07776,1.07783,1.07756,1.07770,100
2026-01-12T19:55:00+00:00,1.07770,1.07797,1.07747,1.07796,100
2026-01-12T20:00:00+00:00,1.07796,1.07825,1.07795,1.07820,100
2026-01-12T20:05:00+00:00,1.07820,1.07836,1.07818,1.07832,100
2026-01-12T20:10:00+00:00,1.07832,1.07904,1.07832,1.07891,100
2026-01-12T20:15:00+00:00,1.07891,1.07930,1.07877,1.07906,100
2026-01-12T20:20:00+00:00,1.07906,1.07914,1.07900,1.07912,100
2026-01-12T20:25:00+00:00,1.07912,1.07940,1.07908,1.07926,100
2026-01-12T20:30:00+00:00,1.07926,1.07954,1.07914,1.07948,100
2026-01-12T20:35:00+00:00,1.07948,1.07980,1.07923,1.07979,100
2026-01-12T20:40:00+00:00,1.07979,1.08001,1.07976,1.07991,100
2026-01-12T20:45:00+00:00,1.07991,1.08031,1.07984,1.08014,100
2026-01-12T20:50:00+00:00,1.08014,1.08020,1.07984,1.08004,100
2026-01-12T20:55:00+00:00,1.08004,1.08052,1.07997,1.08033,100
2026-01-12T21:00:00+00:00,1.08033,1.08074,1.08024,1.08059,100
2026-01-12T21:05:00+00:00,1.08059,1.08072,1.08042,1.08063,100
2026-01-12T21:10:00+00:00,1.08063,1.08125,1.08062,1.08102,100
2026-01-12T21:15:00+00:00,1.08102,1.08104,1.08095,1.08102,100
2026-01-12T21:20:00+00:00,1.08102,1.08150,1.08082,1.08137,100
2026-01-12T21:25:00+00:00,1.08137,1.08155,1.08135,1.08152,100
2026-01-12T21:30:00+00:00,1.08152,1.08155,1.08134,1.08140,100
2026-01-12T21:35:00+00:00,1.08140,1.08146,1.08134,1.08143,100
2026-01-12T21:40:00+00:00,1.08143,1.08148,1.08133,1.08134,100
2026-01-12T21:45:00+00:00,1.08134,1.08140,1.08120,1.08127,100
2026-01-12T21:50:00+00:00,1.08127,1.08128,1.08108,1.08108,100
2026-01-12T21:55:00+00:00,1.08108,1.08108,1.08080,1.08084,100
2026-01-12T22:00:00+00:00,1.08084,1.08091,1.08060,1.08070,100
2026-01-12T22:05:00+00:00,1.08070,1.08071,1.08035,1.08049,100
2026-01-12T22:10:00+00:00,1.08049,1.08059,1.08030,1.08042,100
2026-01-12T22:15:00+00:00,1.08042,1.08043,1.08027,1.08040,100
2026-01-12T22:20:00+00:00,1.08040,1.08058,1.08018,1.08018,100
2026-01-12T22:25:00+00:00,1.08018,1.08025,1.07983,1.07993,100
2026-01-12T22:30:00+00:00,1.07993,1.08015,1.07993,1.08000,100
2026-01-12T22:35:00+00:00,1.08000,1.08009,1.07985,1.07995,100
2026-01-12T22:40:00+00:00,1.07995,1.07996,1.07960,1.07968,100
2026-01-12T22:45:00+00:00,1.07968,1.07975,1.07948,1.07950,100
2026-01-12T22:50:00+00:00,1.07950,1.07951,1.07927,1.07930,100
2026-01-12T22:55:00+00:00,1.07930,1.07938,1.07926,1.07933,100
2026-01-12T23:00:00+00:00,1.07933,1.07942,1.07927,1.07929,100
2026-01-12T23:05:00+00:00,1.07929,1.07936,1.07865,1.07881,100
2026-01-12T23:10:00+00:00,1.07881,1.07888,1.07867,1.07868,100
2026-01-12T23:15:00+00:00,1.07868,1.07878,1.07838,1.07839,100
2026-01-12T23:20:00+00:00,1.07839,1.07866,1.07838,1.07851,100
2026-01-12T23:25:00+00:00,1.07851,1.07873,1.07839,1.07846,100
2026-01-12T23:30:00+00:00,1.07846,1.07847,1.07812,1.07833,100
2026-01-12T23:35:00+00:00,1.07833,1.07848,1.07814,1.07834,100
2026-01-12T23:40:00+00:00,1.07834,1.07846,1.07809,1.07834,100
2026-01-12T23:45:00+00:00,1.07834,1.07844,1.07813,1.07836,100
2026-01-12T23:50:00+00:00,1.07836,1.07840,1.07825,1.07833,100
2026-01-12T23:55:00+00:00,1.07833,1.07845,1.07822,1.07826,100
2026-01-13T00:00:00+00:00,1.07826,1.07831,1.07802,1.07827,100
2026-01-13T00:05:00+00:00,1.07827,1.07828,1.07812,1.07818,100
2026-01-13T00:10:00+00:00,1.07818,1.07833,1.07807,1.07830,100
2026-01-13T00:15:00+00:00,1.07830,1.07842,1.07829,1.07833,100
2026-01-13T00:20:00+00:00,1.07833,1.07847,1.07833,1.07846,100
2026-01-13T00:25:00+00:00,1.07846,1.07852,1.07834,1.07851,100
2026-01-13T00:30:00+00:00,1.07851,1.07858,1.07832,1.07857,100
2026-01-13T00:35:00+00:00,1.07857,1.07881,1.07854,1.07877,100
2026-01-13T00:40:00+00:00,1.07877,1.07901,1.07876,1.07898,100
2026-01-13T00:45:00+00:00,1.07898,1.07909,1.07882,1.07908,100
2026-01-13T00:50:00+00:00,1.07908,1.07936,1.07891,1.07918,100
2026-01-13T00:55:00+00:00,1.07918,1.07968,1.07906,1.07965,100
2026-01-13T01:00:00+00:00,1.07965,1.08018,1.07942,1.08005,100
2026-01-13T01:05:00+00:00,1.08005,1.08056,1.07995,1.08044,100
2026-01-13T01:10:00+00:00,1.08044,1.08050,1.08043,1.08044,100
2026-01-13T01:15:00+00:00,1.08044,1.08068,1.08023,1.08052,100
2026-01-13T01:20:00+00:00,1.08052,1.08063,1.08042,1.08059,100
2026-01-13T01:25:00+00:00,1.08059,1.08060,1.08049,1.08054,100
2026-01-13T01:30:00+00:00,1.08054,1.08055,1.08044,1.08044,100
2026-01-13T01:35:00+00:00,1.08044,1.08069,1.08041,1.08050,100
2026-01-13T01:40:00+00:00,1.08050,1.08056,1.08048,1.08048,100
2026-01-13T01:45:00+00:00,1.08048,1.08057,1.08013,1.08025,100
2026-01-13T01:50:00+00:00,1.08025,1.08039,1.08015,1.08032,100
2026-01-13T01:55:00+00:00,1.08032,1.08057,1.08010,1.08014,100
2026-01-13T02:00:00+00:00,1.08014,1.08052,1.08006,1.08044,100
2026-01-13T02:05:00+00:00,1.08044,1.08052,1.08022,1.08027,100
2026-01-13T02:10:00+00:00,1.08027,1.08038,1.07973,1.07997,100
2026-01-13T02:15:00+00:00,1.07997,1.08007,1.07968,1.07983,100
2026-01-13T02:20:00+00:00,1.07983,1.07984,1.07946,1.07963,100
2026-01-13T02:25:00+00:00,1.07963,1.07964,1.07941,1.07954,100
2026-01-13T02:30:00+00:00,1.07954,1.07985,1.07952,1.07970,100
2026-01-13T02:35:00+00:00,1.07970,1.08020,1.07967,1.08009,100
2026-01-13T02:40:00+00:00,1.08009,1.08022,1.08006,1.08014,100
2026-01-13T02:45:00+00:00,1.08014,1.08068,1.08006,1.08053,100
2026-01-13T02:50:00+00:00,1.08053,1.08084,1.08041,1.08070,100
2026-01-13T02:55:00+00:00,1.08070,1.08101,1.08051,1.08097,100
2026-01-13T03:00:00+00:00,1.08097,1.08136,1.08086,1.08135,100
2026-01-13T03:05:00+00:00,1.08135,1.08162,1.08128,1.08146,100
2026-01-13T03:10:00+00:00,1.08146,1.08187,1.08128,1.08181,100
2026-01-13T03:15:00+00:00,1.08181,1.08208,1.08176,1.08203,100
2026-01-13T03:20:00+00:00,1.08203,1.08247,1.08189,1.08244,100
2026-01-13T03:25:00+00:00,1.08244,1.08267,1.08225,1.08264,100
2026-01-13T03:30:00+00:00,1.08264,1.08295,1.08254,1.08283,100
2026-01-13T03:35:00+00:00,1.08283,1.08334,1.08273,1.08312,100
2026-01-13T03:40:00+00:00,1.08312,1.08318,1.08310,1.08317,100
2026-01-13T03:45:00+00:00,1.08317,1.08347,1.08308,1.08345,100
2026-01-13T03:50:00+00:00,1.08345,1.08419,1.08343,1.08405,100
2026-01-13T03:55:00+00:00,1.08405,1.08435,1.08394,1.08430,100
2026-01-13T04:00:00+00:00,1.08430,1.08481,1.08428,1.08473,100
2026-01-13T04:05:00+00:00,1.08473,1.08487,1.08464,1.08479,100
2026-01-13T04:10:00+00:00,1.08479,1.08518,1.08478,1.08512,100
2026-01-13T04:15:00+00:00,1.08512,1.08543,1.08506,1.08535,100
2026-01-13T04:20:00+00:00,1.08535,1.08580,1.08518,1.08575,100
2026-01-13T04:25:00+00:00,1.08575,1.08609,1.08538,1.08605,100
2026-01-13T04:30:00+00:00,1.08605,1.08635,1.08592,1.08628,100
2026-01-13T04:35:00+00:00,1.08628,1.08652,1.08622,1.08648,100
2026-01-13T04:40:00+00:00,1.08648,1.08669,1.08646,1.08663,100
2026-01-13T04:45:00+00:00,1.08663,1.08665,1.08639,1.08645,100
2026-01-13T04:50:00+00:00,1.08645,1.08648,1.08633,1.08645,100
2026-01-13T04:55:00+00:00,1.08645,1.08656,1.08643,1.08655,100
2026-01-13T05:00:00+00:00,1.08655,1.08665,1.08618,1.08624,100
2026-01-13T05:05:00+00:00,1.08624,1.08635,1.08600,1.08602,100
2026-01-13T05:10:00+00:00,1.08602,1.08610,1.08598,1.08601,100
2026-01-13T05:15:00+00:00,1.08601,1.08608,1.08588,1.08589,100
2026-01-13T05:20:00+00:00,1.08589,1.08607,1.08576,1.08580,100
2026-01-13T05:25:00+00:00,1.08580,1.08593,1.08560,1.08572,100
2026-01-13T05:30:00+00:00,1.08572,1.08579,1.08554,1.08558,100
2026-01-13T05:35:00+00:00,1.08558,1.08563,1.08544,1.08556,100
2026-01-13T05:40:00+00:00,1.08556,1.08557,1.08509,1.08536,100
2026-01-13T05:45:00+00:00,1.08536,1.08558,1.08521,1.08523,100
2026-01-13T05:50:00+00:00,1.08523,1.08527,1.08474,1.08493,100
2026-01-13T05:55:00+00:00,1.08493,1.08495,1.08482,1.08489,100
2026-01-13T06:00:00+00:00,1.08489,1.08502,1.08479,1.08480,100
2026-01-13T06:05:00+00:00,1.08480,1.08490,1.08454,1.08455,100
2026-01-13T06:10:00+00:00,1.08455,1.08461,1.08424,1.08436,100
2026-01-13T06:15:00+00:00,1.08436,1.08471,1.08435,1.08458,100
2026-01-13T06:20:00+00:00,1.08458,1.08465,1.08430,1.08437,100
2026-01-13T06:25:00+00:00,1.08437,1.08442,1.08426,1.08427,100
2026-01-13T06:30:00+00:00,1.08427,1.08437,1.08420,1.08434,100
2026-01-13T06:35:00+00:00,1.08434,1.08436,1.08406,1.08416,100
2026-01-13T06:40:00+00:00,1.08416,1.08433,1.08378,1.08397,100
2026-01-13T06:45:00+00:00,1.08397,1.08402,1.08352,1.08360,100
2026-01-13T06:50:00+00:00,1.08360,1.08365,1.08350,1.08361,100
2026-01-13T06:55:00+00:00,1.08361,1.08387,1.08347,1.08381,100
2026-01-13T07:00:00+00:00,1.08381,1.08394,1.08377,1.08387,100
2026-01-13T07:05:00+00:00,1.08387,1.08414,1.08381,1.08398,100
2026-01-13T07:10:00+00:00,1.08398,1.08420,1.08383,1.08415,100
2026-01-13T07:15:00+00:00,1.08415,1.08418,1.08399,1.08411,100
2026-01-13T07:20:00+00:00,1.08411,1.08431,1.08406,1.08416,100
2026-01-13T07:25:00+00:00,1.08416,1.08430,1.08412,1.08420,100
2026-01-13T07:30:00+00:00,1.08420,1.08446,1.08419,1.08432,100
2026-01-13T07:35:00+00:00,1.08432,1.08468,1.08412,1.08450,100
2026-01-13T07:40:00+00:00,1.08450,1.08499,1.08444,1.08494,100
2026-01-13T07:45:00+00:00,1.08494,1.08512,1.08481,1.08509,100
2026-01-13T07:50:00+00:00,1.08509,1.08531,1.08508,1.08529,100
2026-01-13T07:55:00+00:00,1.08529,1.08563,1.08523,1.08545,100
2026-01-13T08:00:00+00:00,1.08545,1.08560,1.08527,1.08559,100
2026-01-13T08:05:00+00:00,1.08559,1.08563,1.08548,1.08550,100
2026-01-13T08:10:00+00:00,1.08550,1.08564,1.08548,1.08556,100
2026-01-13T08:15:00+00:00,1.08556,1.08566,1.08522,1.08529,100
2026-01-13T08:20:00+00:00,1.08529,1.08536,1.08512,1.08514,100
2026-01-13T08:25:00+00:00,1.08514,1.08524,1.08485,1.08498,100
2026-01-13T08:30:00+00:00,1.08498,1.08499,1.08460,1.08472,100
2026-01-13T08:35:00+00:00,1.08472,1.08484,1.08452,1.08458,100
2026-01-13T08:40:00+00:00,1.08458,1.08466,1.08452,1.08460,100
2026-01-13T08:45:00+00:00,1.08460,1.08480,1.08418,1.08432,100
2026-01-13T08:50:00+00:00,1.08432,1.08452,1.08424,1.08442,100
2026-01-13T08:55:00+00:00,1.08442,1.08450,1.08440,1.08443,100
2026-01-13T09:00:00+00:00,1.08443,1.08451,1.08426,1.08434,100
2026-01-13T09:05:00+00:00,1.08434,1.08437,1.08425,1.08427,100
2026-01-13T09:10:00+00:00,1.08427,1.08447,1.08425,1.08427,100
2026-01-13T09:15:00+00:00,1.08427,1.08451,1.08413,1.08415,100
2026-01-13T09:20:00+00:00,1.08415,1.08425,1.08403,1.08406,100
2026-01-13T09:25:00+00:00,1.08406,1.08409,1.08371,1.08392,100
2026-01-13T09:30:00+00:00,1.08392,1.08400,1.08374,1.08380,100
2026-01-13T09:35:00+00:00,1.08380,1.08412,1.08375,1.08395,100
2026-01-13T09:40:00+00:00,1.08395,1.08405,1.08368,1.08392,100
2026-01-13T09:45:00+00:00,1.08392,1.08434,1.08383,1.08424,100
2026-01-13T09:50:00+00:00,1.08424,1.08456,1.08409,1.08421,100
2026-01-13T09:55:00+00:00,1.08421,1.08430,1.08404,1.08430,100
2026-01-13T10:00:00+00:00,1.08430,1.08456,1.08428,1.08449,100
2026-01-13T10:05:00+00:00,1.08449,1.08458,1.08422,1.08453,100
2026-01-13T10:10:00+00:00,1.08453,1.08477,1.08441,1.08475,100
2026-01-13T10:15:00+00:00,1.08475,1.08496,1.08444,1.08490,100
2026-01-13T10:20:00+00:00,1.08490,1.08513,1.08477,1.08498,100
2026-01-13T10:25:00+00:00,1.08498,1.08520,1.08479,1.08498,100
2026-01-13T10:30:00+00:00,1.08498,1.08508,1.08482,1.08503,100
2026-01-13T10:35:00+00:00,1.08503,1.08505,1.08488,1.08498,100
2026-01-13T10:40:00+00:00,1.08498,1.08519,1.08487,1.08500,100
2026-01-13T10:45:00+00:00,1.08500,1.08500,1.08476,1.08481,100
2026-01-13T10:50:00+00:00,1.08481,1.08486,1.08477,1.08484,100
2026-01-13T10:55:00+00:00,1.08484,1.08503,1.08478,1.08495,100
2026-01-13T11:00:00+00:00,1.08495,1.08517,1.08487,1.08490,100
2026-01-13T11:05:00+00:00,1.08490,1.08510,1.08490,1.08493,100
2026-01-13T11:10:00+00:00,1.08493,1.08495,1.08476,1.08489,100
2026-01-13T11:15:00+00:00,1.08489,1.08495,1.08455,1.08458,100
2026-01-13T11:20:00+00:00,1.08458,1.08466,1.08418,1.08427,100
2026-01-13T11:25:00+00:00,1.08427,1.08433,1.08377,1.08386,100
2026-01-13T11:30:00+00:00,1.08386,1.08402,1.08366,1.08379,100
2026-01-13T11:35:00+00:00,1.08379,1.08384,1.08333,1.08351,100
2026-01-13T11:40:00+00:00,1.08351,1.08355,1.08337,1.08344,100
2026-01-13T11:45:00+00:00,1.08344,1.08358,1.08318,1.08321,100
2026-01-13T11:50:00+00:00,1.08321,1.08329,1.08285,1.08305,100
2026-01-13T11:55:00+00:00,1.08305,1.08326,1.08298,1.08307,100
2026-01-13T12:00:00+00:00,1.08307,1.08309,1.08281,1.08282,100
2026-01-13T12:05:00+00:00,1.08282,1.08284,1.08272,1.08272,100
2026-01-13T12:10:00+00:00,1.08272,1.08289,1.08260,1.08282,100
2026-01-13T12:15:00+00:00,1.08282,1.08291,1.08227,1.08235,100
2026-01-13T12:20:00+00:00,1.08235,1.08258,1.08212,1.08221,100
2026-01-13T12:25:00+00:00,1.08221,1.08223,1.08203,1.08203,100
2026-01-13T12:30:00+00:00,1.08203,1.08213,1.08149,1.08172,100
2026-01-13T12:35:00+00:00,1.08172,1.08181,1.08151,1.08162,100
2026-01-13T12:40:00+00:00,1.08162,1.08171,1.08133,1.08139,100
2026-01-13T12:45:00+00:00,1.08139,1.08142,1.08118,1.08119,100
2026-01-13T12:50:00+00:00,1.08119,1.08124,1.08076,1.08098,100
2026-01-13T12:55:00+00:00,1.08098,1.08138,1.08087,1.08134,100
2026-01-13T13:00:00+00:00,1.08134,1.08143,1.08104,1.08111,100
2026-01-13T13:05:00+00:00,1.08111,1.08115,1.08104,1.08112,100
2026-01-13T13:10:00+00:00,1.08112,1.08154,1.08102,1.08152,100
2026-01-13T13:15:00+00:00,1.08152,1.08184,1.08144,1.08161,100
2026-01-13T13:20:00+00:00,1.08161,1.08178,1.08140,1.08175,100
2026-01-13T13:25:00+00:00,1.08175,1.08182,1.08146,1.08155,100
2026-01-13T13:30:00+00:00,1.08155,1.08184,1.08144,1.08146,100
2026-01-13T13:35:00+00:00,1.08146,1.08165,1.08142,1.08158,100
2026-01-13T13:40:00+00:00,1.08158,1.08164,1.08139,1.08153,100
2026-01-13T13:45:00+00:00,1.08153,1.08160,1.08143,1.08158,100
2026-01-13T13:50:00+00:00,1.08158,1.08198,1.08154,1.08190,100
2026-01-13T13:55:00+00:00,1.08190,1.08208,1.08187,1.08195,100
2026-01-13T14:00:00+00:00,1.08195,1.08201,1.08185,1.08192,100
2026-01-13T14:05:00+00:00,1.08192,1.08221,1.08184,1.08215,100
2026-01-13T14:10:00+00:00,1.08215,1.08226,1.08206,1.08221,100
2026-01-13T14:15:00+00:00,1.08221,1.08264,1.08210,1.08255,100
2026-01-13T14:20:00+00:00,1.08255,1.08282,1.08231,1.08269,100
2026-01-13T14:25:00+00:00,1.08269,1.08282,1.08258,1.08274,100
2026-01-13T14:30:00+00:00,1.08274,1.08308,1.08257,1.08293,100
2026-01-13T14:35:00+00:00,1.08293,1.08302,1.08276,1.08296,100
2026-01-13T14:40:00+00:00,1.08296,1.08326,1.08285,1.08286,100
2026-01-13T14:45:00+00:00,1.08286,1.08291,1.08280,1.08281,100
2026-01-13T14:50:00+00:00,1.08281,1.08298,1.08272,1.08295,100
2026-01-13T14:55:00+00:00,1.08295,1.08316,1.08290,1.08304,100
2026-01-13T15:00:00+00:00,1.08304,1.08305,1.08294,1.08299,100
2026-01-13T15:05:00+00:00,1.08299,1.08308,1.08283,1.08300,100
2026-01-13T15:10:00+00:00,1.08300,1.08302,1.08293,1.08300,100
2026-01-13T15:15:00+00:00,1.08300,1.08310,1.08298,1.08307,100
2026-01-13T15:20:00+00:00,1.08307,1.08338,1.08296,1.08334,100
2026-01-13T15:25:00+00:00,1.08334,1.08379,1.08330,1.08354,100
2026-01-13T15:30:00+00:00,1.08354,1.08361,1.08330,1.08351,100
2026-01-13T15:35:00+00:00,1.08351,1.08403,1.08345,1.08381,100
2026-01-13T15:40:00+00:00,1.08381,1.08415,1.08359,1.08411,100
2026-01-13T15:45:00+00:00,1.08411,1.08429,1.08408,1.08428,100
2026-01-13T15:50:00+00:00,1.08428,1.08449,1.08416,1.08421,100
2026-01-13T15:55:00+00:00,1.08421,1.08421,1.08416,1.08418,100
2026-01-13T16:00:00+00:00,1.08418,1.08423,1.08394,1.08395,100
2026-01-13T16:05:00+00:00,1.08395,1.08410,1.08388,1.08400,100
2026-01-13T16:10:00+00:00,1.08400,1.08414,1.08398,1.08413,100
2026-01-13T16:15:00+00:00,1.08413,1.08426,1.08413,1.08420,100
2026-01-13T16:20:00+00:00,1.08420,1.08461,1.08417,1.08439,100
2026-01-13T16:25:00+00:00,1.08439,1.08466,1.08425,1.08459,100
2026-01-13T16:30:00+00:00,1.08459,1.08499,1.08455,1.08487,100
2026-01-13T16:35:00+00:00,1.08487,1.08503,1.08464,1.08465,100
2026-01-13T16:40:00+00:00,1.08465,1.08479,1.08464,1.08478,100
2026-01-13T16:45:00+00:00,1.08478,1.08533,1.08457,1.08515,100
2026-01-13T16:50:00+00:00,1.08515,1.08543,1.08511,1.08535,100
2026-01-13T16:55:00+00:00,1.08535,1.08564,1.08531,1.08555,100
2026-01-13T17:00:00+00:00,1.08555,1.08603,1.08552,1.08593,100
2026-01-13T17:05:00+00:00,1.08593,1.08611,1.08563,1.08610,100
2026-01-13T17:10:00+00:00,1.08610,1.08658,1.08592,1.08642,100
2026-01-13T17:15:00+00:00,1.08642,1.08664,1.08632,1.08652,100
2026-01-13T17:20:00+00:00,1.08652,1.08678,1.08640,1.08667,100
2026-01-13T17:25:00+00:00,1.08667,1.08698,1.08655,1.08692,100
2026-01-13T17:30:00+00:00,1.08692,1.08706,1.08678,1.08701,100
2026-01-13T17:35:00+00:00,1.08701,1.08718,1.08700,1.08702,100
2026-01-13T17:40:00+00:00,1.08702,1.08709,1.08689,1.08690,100
2026-01-13T17:45:00+00:00,1.08690,1.08706,1.08668,1.08688,100
2026-01-13T17:50:00+00:00,1.08688,1.08693,1.08662,1.08680,100
2026-01-13T17:55:00+00:00,1.08680,1.08693,1.08670,1.08674,100
2026-01-13T18:00:00+00:00,1.08674,1.08680,1.08671,1.08676,100
2026-01-13T18:05:00+00:00,1.08676,1.08684,1.08658,1.08676,100
2026-01-13T18:10:00+00:00,1.08676,1.08686,1.08624,1.08639,100
2026-01-13T18:15:00+00:00,1.08639,1.08656,1.08610,1.08627,100
2026-01-13T18:20:00+00:00,1.08627,1.08639,1.08615,1.08617,100
2026-01-13T18:25:00+00:00,1.08617,1.08645,1.08593,1.08602,100
2026-01-13T18:30:00+00:00,1.08602,1.08613,1.08602,1.08605,100
2026-01-13T18:35:00+00:00,1.08605,1.08625,1.08590,1.08597,100
2026-01-13T18:40:00+00:00,1.08597,1.08638,1.08593,1.08619,100
2026-01-13T18:45:00+00:00,1.08619,1.08635,1.08604,1.08613,100
2026-01-13T18:50:00+00:00,1.08613,1.08624,1.08611,1.08614,100
2026-01-13T18:55:00+00:00,1.08614,1.08640,1.08611,1.08638,100
2026-01-13T19:00:00+00:00,1.08638,1.08641,1.08611,1.08621,100
2026-01-13T19:05:00+00:00,1.08621,1.08647,1.08602,1.08641,100
2026-01-13T19:10:00+00:00,1.08641,1.08668,1.08626,1.08655,100
2026-01-13T19:15:00+00:00,1.08655,1.08687,1.08652,1.08675,100
2026-01-13T19:20:00+00:00,1.08675,1.08698,1.08660,1.08686,100
2026-01-13T19:25:00+00:00,1.08686,1.08710,1.08683,1.08695,100
2026-01-13T19:30:00+00:00,1.08695,1.08719,1.08686,1.08708,100
2026-01-13T19:35:00+00:00,1.08708,1.08738,1.08690,1.08725,100
2026-01-13T19:40:00+00:00,1.08725,1.08747,1.08719,1.08745,100
2026-01-13T19:45:00+00:00,1.08745,1.08750,1.08736,1.08739,100
2026-01-13T19:50:00+00:00,1.08739,1.08756,1.08730,1.08755,100
2026-01-13T19:55:00+00:00,1.08755,1.08780,1.08738,1.08780,100
2026-01-13T20:00:00+00:00,1.08780,1.08803,1.08779,1.08793,100
2026-01-13T20:05:00+00:00,1.08793,1.08805,1.08782,1.08794,100
2026-01-13T20:10:00+00:00,1.08794,1.08811,1.08779,1.08804,100
2026-01-13T20:15:00+00:00,1.08804,1.08824,1.08796,1.08811,100
2026-01-13T20:20:00+00:00,1.08811,1.08852,1.08792,1.08846,100
2026-01-13T20:25:00+00:00,1.08846,1.08848,1.08816,1.08832,100
2026-01-13T20:30:00+00:00,1.08832,1.08853,1.08799,1.08810,100
2026-01-13T20:35:00+00:00,1.08810,1.08877,1.08795,1.08844,100
2026-01-13T20:40:00+00:00,1.08844,1.08848,1.08843,1.08847,100
2026-01-13T20:45:00+00:00,1.08847,1.08881,1.08846,1.08855,100
2026-01-13T20:50:00+00:00,1.08855,1.08865,1.08839,1.08840,100
2026-01-13T20:55:00+00:00,1.08840,1.08851,1.08834,1.08849,100
2026-01-13T21:00:00+00:00,1.08849,1.08877,1.08834,1.08867,100
2026-01-13T21:05:00+00:00,1.08867,1.08903,1.08866,1.08888,100
2026-01-13T21:10:00+00:00,1.08888,1.08927,1.08887,1.08919,100
2026-01-13T21:15:00+00:00,1.08919,1.08919,1.08906,1.08917,100
2026-01-13T21:20:00+00:00,1.08917,1.08931,1.08915,1.08931,100
2026-01-13T21:25:00+00:00,1.08931,1.08945,1.08928,1.08941,100
2026-01-13T21:30:00+00:00,1.08941,1.08960,1.08931,1.08943,100
2026-01-13T21:35:00+00:00,1.08943,1.08952,1.08922,1.08950,100
2026-01-13T21:40:00+00:00,1.08950,1.08967,1.08941,1.08955,100
2026-01-13T21:45:00+00:00,1.08955,1.08984,1.08955,1.08966,100
2026-01-13T21:50:00+00:00,1.08966,1.09012,1.08947,1.09003,100
2026-01-13T21:55:00+00:00,1.09003,1.09040,1.08993,1.09007,100
2026-01-13T22:00:00+00:00,1.09007,1.09014,1.08971,1.08986,100
2026-01-13T22:05:00+00:00,1.08986,1.08992,1.08983,1.08986,100
2026-01-13T22:10:00+00:00,1.08986,1.09001,1.08986,1.08989,100
2026-01-13T22:15:00+00:00,1.08989,1.09003,1.08985,1.08992,100
2026-01-13T22:20:00+00:00,1.08992,1.09016,1.08978,1.08993,100
2026-01-13T22:25:00+00:00,1.08993,1.08996,1.08976,1.08987,100
2026-01-13T22:30:00+00:00,1.08987,1.08993,1.08975,1.08978,100
2026-01-13T22:35:00+00:00,1.08978,1.08999,1.08977,1.08983,100
2026-01-13T22:40:00+00:00,1.08983,1.08998,1.08974,1.08991,100
2026-01-13T22:45:00+00:00,1.08991,1.09002,1.08983,1.08987,100
2026-01-13T22:50:00+00:00,1.08987,1.09020,1.08965,1.09011,100
2026-01-13T22:55:00+00:00,1.09011,1.09018,1.08980,1.08982,100
2026-01-13T23:00:00+00:00,1.08982,1.08999,1.08980,1.08981,100
2026-01-13T23:05:00+00:00,1.08981,1.08990,1.08960,1.08961,100
2026-01-13T23:10:00+00:00,1.08961,1.08962,1.08923,1.08930,100
2026-01-13T23:15:00+00:00,1.08930,1.08932,1.08903,1.08906,100
2026-01-13T23:20:00+00:00,1.08906,1.08912,1.08881,1.08892,100
2026-01-13T23:25:00+00:00,1.08892,1.08893,1.08866,1.08867,100
2026-01-13T23:30:00+00:00,1.08867,1.08886,1.08844,1.08846,100
2026-01-13T23:35:00+00:00,1.08846,1.08856,1.08844,1.08853,100
2026-01-13T23:40:00+00:00,1.08853,1.08867,1.08845,1.08850,100
2026-01-13T23:45:00+00:00,1.08850,1.08851,1.08843,1.08847,100
2026-01-13T23:50:00+00:00,1.08847,1.08852,1.08842,1.08843,100
2026-01-13T23:55:00+00:00,1.08843,1.08850,1.08811,1.08816,100
2026-01-14T00:00:00+00:00,1.08816,1.08830,1.08780,1.08810,100
2026-01-14T00:05:00+00:00,1.08810,1.08841,1.08809,1.08823,100
2026-01-14T00:10:00+00:00,1.08823,1.08828,1.08801,1.08803,100
2026-01-14T00:15:00+00:00,1.08803,1.08832,1.08771,1.08785,100
2026-01-14T00:20:00+00:00,1.08785,1.08796,1.08769,1.08794,100
2026-01-14T00:25:00+00:00,1.08794,1.08808,1.08780,1.08797,100
2026-01-14T00:30:00+00:00,1.08797,1.08816,1.08770,1.08779,100
2026-01-14T00:35:00+00:00,1.08779,1.08793,1.08767,1.08790,100
2026-01-14T00:40:00+00:00,1.08790,1.08796,1.08778,1.08786,100
2026-01-14T00:45:00+00:00,1.08786,1.08800,1.08764,1.08773,100
2026-01-14T00:50:00+00:00,1.08773,1.08784,1.08760,1.08777,100
2026-01-14T00:55:00+00:00,1.08777,1.08779,1.08770,1.08771,100
2026-01-14T01:00:00+00:00,1.08771,1.08810,1.08756,1.08785,100
2026-01-14T01:05:00+00:00,1.08785,1.08809,1.08781,1.08803,100
2026-01-14T01:10:00+00:00,1.08803,1.08817,1.08802,1.08803,100
2026-01-14T01:15:00+00:00,1.08803,1.08817,1.08796,1.08799,100
2026-01-14T01:20:00+00:00,1.08799,1.08802,1.08778,1.08788,100
2026-01-14T01:25:00+00:00,1.08788,1.08792,1.08780,1.08785,100
2026-01-14T01:30:00+00:00,1.08785,1.08789,1.08772,1.08779,100
2026-01-14T01:35:00+00:00,1.08779,1.08803,1.08769,1.08794,100
2026-01-14T01:40:00+00:00,1.08794,1.08822,1.08785,1.08813,100
2026-01-14T01:45:00+00:00,1.08813,1.08845,1.08809,1.08824,100
2026-01-14T01:50:00+00:00,1.08824,1.08826,1.08815,1.08824,100
2026-01-14T01:55:00+00:00,1.08824,1.08840,1.08823,1.08836,100
2026-01-14T02:00:00+00:00,1.08836,1.08854,1.08830,1.08853,100
2026-01-14T02:05:00+00:00,1.08853,1.08855,1.08843,1.08847,100
2026-01-14T02:10:00+00:00,1.08847,1.08874,1.08837,1.08856,100
2026-01-14T02:15:00+00:00,1.08856,1.08881,1.08849,1.08869,100
2026-01-14T02:20:00+00:00,1.08869,1.08872,1.08854,1.08867,100
2026-01-14T02:25:00+00:00,1.08867,1.08904,1.08862,1.08886,100
2026-01-14T02:30:00+00:00,1.08886,1.08920,1.08869,1.08882,100
2026-01-14T02:35:00+00:00,1.08882,1.08888,1.08875,1.08880,100
2026-01-14T02:40:00+00:00,1.08880,1.08896,1.08871,1.08886,100
2026-01-14T02:45:00+00:00,1.08886,1.08909,1.08881,1.08906,100
2026-01-14T02:50:00+00:00,1.08906,1.08916,1.08871,1.08875,100
2026-01-14T02:55:00+00:00,1.08875,1.08926,1.08871,1.08911,100
2026-01-14T03:00:00+00:00,1.08911,1.08912,1.08891,1.08901,100
2026-01-14T03:05:00+00:00,1.08901,1.08910,1.08884,1.08890,100
2026-01-14T03:10:00+00:00,1.08890,1.08901,1.08874,1.08894,100
2026-01-14T03:15:00+00:00,1.08894,1.08910,1.08871,1.08893,100
2026-01-14T03:20:00+00:00,1.08893,1.08916,1.08892,1.08906,100
2026-01-14T03:25:00+00:00,1.08906,1.08914,1.08877,1.08889,100
2026-01-14T03:30:00+00:00,1.08889,1.08912,1.08877,1.08907,100
2026-01-14T03:35:00+00:00,1.08907,1.08925,1.08900,1.08922,100
2026-01-14T03:40:00+00:00,1.08922,1.08942,1.08912,1.08936,100
2026-01-14T03:45:00+00:00,1.08936,1.08947,1.08926,1.08927,100
2026-01-14T03:50:00+00:00,1.08927,1.08938,1.08913,1.08924,100
2026-01-14T03:55:00+00:00,1.08924,1.08934,1.08897,1.08923,100
2026-01-14T04:00:00+00:00,1.08923,1.08933,1.08921,1.08932,100
2026-01-14T04:05:00+00:00,1.08932,1.08942,1.08922,1.08924,100
2026-01-14T04:10:00+00:00,1.08924,1.08947,1.08915,1.08935,100
2026-01-14T04:15:00+00:00,1.08935,1.08954,1.08927,1.08947,100
2026-01-14T04:20:00+00:00,1.08947,1.08948,1.08929,1.08935,100
2026-01-14T04:25:00+00:00,1.08935,1.08949,1.08934,1.08947,100
2026-01-14T04:30:00+00:00,1.08947,1.08969,1.08932,1.08960,100
2026-01-14T04:35:00+00:00,1.08960,1.08966,1.08955,1.08964,100
2026-01-14T04:40:00+00:00,1.08964,1.08972,1.08958,1.08972,100
2026-01-14T04:45:00+00:00,1.08972,1.08991,1.08948,1.08990,100
2026-01-14T04:50:00+00:00,1.08990,1.08995,1.08984,1.08995,100
2026-01-14T04:55:00+00:00,1.08995,1.09016,1.08973,1.08988,100
2026-01-14T05:00:00+00:00,1.08988,1.09013,1.08986,1.08994,100
2026-01-14T05:05:00+00:00,1.08994,1.09020,1.08983,1.09018,100
2026-01-14T05:10:00+00:00,1.09018,1.09019,1.08996,1.09016,100
2026-01-14T05:15:00+00:00,1.09016,1.09039,1.09002,1.09014,100
2026-01-14T05:20:00+00:00,1.09014,1.09016,1.09005,1.09012,100
2026-01-14T05:25:00+00:00,1.09012,1.09049,1.09005,1.09048,100
2026-01-14T05:30:00+00:00,1.09048,1.09068,1.09022,1.09025,100
2026-01-14T05:35:00+00:00,1.09025,1.09025,1.09002,1.09010,100
2026-01-14T05:40:00+00:00,1.09010,1.09028,1.08977,1.08998,100
2026-01-14T05:45:00+00:00,1.08998,1.09023,1.08978,1.08986,100
2026-01-14T05:50:00+00:00,1.08986,1.08990,1.08976,1.08977,100
2026-01-14T05:55:00+00:00,1.08977,1.08989,1.08972,1.08981,100
2026-01-14T06:00:00+00:00,1.08981,1.08996,1.08967,1.08967,100
2026-01-14T06:05:00+00:00,1.08967,1.08982,1.08945,1.08948,100
2026-01-14T06:10:00+00:00,1.08948,1.08956,1.08915,1.08932,100
2026-01-14T06:15:00+00:00,1.08932,1.08935,1.08884,1.08905,100
2026-01-14T06:20:00+00:00,1.08905,1.08909,1.08900,1.08907,100
2026-01-14T06:25:00+00:00,1.08907,1.08909,1.08853,1.08859,100
2026-01-14T06:30:00+00:00,1.08859,1.08859,1.08815,1.08818,100
2026-01-14T06:35:00+00:00,1.08818,1.08832,1.08800,1.08819,100
2026-01-14T06:40:00+00:00,1.08819,1.08823,1.08778,1.08808,100
2026-01-14T06:45:00+00:00,1.08808,1.08826,1.08782,1.08784,100
2026-01-14T06:50:00+00:00,1.08784,1.08784,1.08735,1.08738,100
2026-01-14T06:55:00+00:00,1.08738,1.08768,1.08711,1.08724,100
2026-01-14T07:00:00+00:00,1.08724,1.08731,1.08694,1.08711,100
2026-01-14T07:05:00+00:00,1.08711,1.08722,1.08685,1.08695,100
2026-01-14T07:10:00+00:00,1.08695,1.08701,1.08661,1.08679,100
2026-01-14T07:15:00+00:00,1.08679,1.08685,1.08637,1.08660,100
2026-01-14T07:20:00+00:00,1.08660,1.08663,1.08646,1.08648,100
2026-01-14T07:25:00+00:00,1.08648,1.08655,1.08629,1.08629,100
2026-01-14T07:30:00+00:00,1.08629,1.08644,1.08607,1.08612,100
2026-01-14T07:35:00+00:00,1.08612,1.08639,1.08608,1.08632,100
2026-01-14T07:40:00+00:00,1.08632,1.08646,1.08616,1.08616,100
2026-01-14T07:45:00+00:00,1.08616,1.08629,1.08594,1.08598,100
2026-01-14T07:50:00+00:00,1.08598,1.08638,1.08597,1.08615,100
2026-01-14T07:55:00+00:00,1.08615,1.08625,1.08602,1.08602,100
2026-01-14T08:00:00+00:00,1.08602,1.08613,1.08594,1.08606,100
2026-01-14T08:05:00+00:00,1.08606,1.08611,1.08588,1.08594,100
2026-01-14T08:10:00+00:00,1.08594,1.08604,1.08555,1.08560,100
2026-01-14T08:15:00+00:00,1.08560,1.08573,1.08556,1.08563,100
2026-01-14T08:20:00+00:00,1.08563,1.08573,1.08521,1.08540,100
2026-01-14T08:25:00+00:00,1.08540,1.08551,1.08513,1.08529,100
2026-01-14T08:30:00+00:00,1.08529,1.08539,1.08502,1.08515,100
2026-01-14T08:35:00+00:00,1.08515,1.08526,1.08487,1.08495,100
2026-01-14T08:40:00+00:00,1.08495,1.08511,1.08436,1.08443,100
2026-01-14T08:45:00+00:00,1.08443,1.08468,1.08395,1.08417,100
2026-01-14T08:50:00+00:00,1.08417,1.08423,1.08387,1.08389,100
2026-01-14T08:55:00+00:00,1.08389,1.08392,1.08366,1.08386,100
2026-01-14T09:00:00+00:00,1.08386,1.08400,1.08375,1.08380,100
2026-01-14T09:05:00+00:00,1.08380,1.08412,1.08376,1.08385,100
2026-01-14T09:10:00+00:00,1.08385,1.08407,1.08366,1.08373,100
2026-01-14T09:15:00+00:00,1.08373,1.08381,1.08338,1.08351,100
2026-01-14T09:20:00+00:00,1.08351,1.08363,1.08325,1.08342,100
2026-01-14T09:25:00+00:00,1.08342,1.08344,1.08308,1.08316,100
2026-01-14T09:30:00+00:00,1.08316,1.08333,1.08310,1.08320,100
2026-01-14T09:35:00+00:00,1.08320,1.08327,1.08312,1.08322,100
2026-01-14T09:40:00+00:00,1.08322,1.08339,1.08321,1.08338,100
2026-01-14T09:45:00+00:00,1.08338,1.08356,1.08325,1.08353,100
2026-01-14T09:50:00+00:00,1.08353,1.08354,1.08336,1.08336,100
2026-01-14T09:55:00+00:00,1.08336,1.08361,1.08327,1.08359,100
2026-01-14T10:00:00+00:00,1.08359,1.08373,1.08335,1.08373,100
2026-01-14T10:05:00+00:00,1.08373,1.08374,1.08355,1.08355,100
2026-01-14T10:10:00+00:00,1.08355,1.08372,1.08351,1.08360,100
2026-01-14T10:15:00+00:00,1.08360,1.08379,1.08350,1.08372,100
2026-01-14T10:20:00+00:00,1.08372,1.08411,1.08365,1.08403,100
2026-01-14T10:25:00+00:00,1.08403,1.08426,1.08397,1.08415,100
2026-01-14T10:30:00+00:00,1.08415,1.08444,1.08414,1.08435,100
2026-01-14T10:35:00+00:00,1.08435,1.08474,1.08426,1.08463,100
2026-01-14T10:40:00+00:00,1.08463,1.08502,1.08458,1.08486,100
2026-01-14T10:45:00+00:00,1.08486,1.08498,1.08455,1.08464,100
2026-01-14T10:50:00+00:00,1.08464,1.08473,1.08452,1.08472,100
2026-01-14T10:55:00+00:00,1.08472,1.08485,1.08420,1.08424,100
2026-01-14T11:00:00+00:00,1.08424,1.08432,1.08396,1.08396,100
2026-01-14T11:05:00+00:00,1.08396,1.08409,1.08374,1.08378,100
2026-01-14T11:10:00+00:00,1.08378,1.08395,1.08337,1.08358,100
2026-01-14T11:15:00+00:00,1.08358,1.08364,1.08342,1.08344,100
2026-01-14T11:20:00+00:00,1.08344,1.08376,1.08323,1.08333,100
2026-01-14T11:25:00+00:00,1.08333,1.08344,1.08296,1.08297,100
2026-01-14T11:30:00+00:00,1.08297,1.08314,1.08257,1.08263,100
2026-01-14T11:35:00+00:00,1.08263,1.08271,1.08246,1.08254,100
2026-01-14T11:40:00+00:00,1.08254,1.08268,1.08237,1.08241,100
2026-01-14T11:45:00+00:00,1.08241,1.08241,1.08200,1.08209,100
2026-01-14T11:50:00+00:00,1.08209,1.08224,1.08176,1.08178,100
2026-01-14T11:55:00+00:00,1.08178,1.08197,1.08160,1.08163,100
2026-01-14T12:00:00+00:00,1.08163,1.08173,1.08113,1.08120,100
2026-01-14T12:05:00+00:00,1.08120,1.08130,1.08061,1.08080,100
2026-01-14T12:10:00+00:00,1.08080,1.08087,1.08046,1.08051,100
2026-01-14T12:15:00+00:00,1.08051,1.08066,1.08003,1.08017,100
2026-01-14T12:20:00+00:00,1.08017,1.08039,1.07964,1.07980,100
2026-01-14T12:25:00+00:00,1.07980,1.07987,1.07923,1.07964,100
2026-01-14T12:30:00+00:00,1.07964,1.07987,1.07960,1.07975,100
2026-01-14T12:35:00+00:00,1.07975,1.07993,1.07965,1.07981,100
2026-01-14T12:40:00+00:00,1.07981,1.08019,1.07967,1.08010,100
2026-01-14T12:45:00+00:00,1.08010,1.08022,1.07976,1.07989,100
2026-01-14T12:50:00+00:00,1.07989,1.07994,1.07981,1.07990,100
2026-01-14T12:55:00+00:00,1.07990,1.08000,1.07982,1.07991,100
2026-01-14T13:00:00+00:00,1.07991,1.08029,1.07977,1.08019,100
2026-01-14T13:05:00+00:00,1.08019,1.08027,1.08011,1.08019,100
2026-01-14T13:10:00+00:00,1.08019,1.08058,1.08008,1.08053,100
2026-01-14T13:15:00+00:00,1.08053,1.08065,1.08029,1.08036,100
2026-01-14T13:20:00+00:00,1.08036,1.08064,1.08035,1.08064,100
2026-01-14T13:25:00+00:00,1.08064,1.08069,1.08030,1.08045,100
2026-01-14T13:30:00+00:00,1.08045,1.08047,1.08025,1.08040,100
2026-01-14T13:35:00+00:00,1.08040,1.08066,1.08030,1.08060,100
2026-01-14T13:40:00+00:00,1.08060,1.08073,1.08057,1.08071,100
2026-01-14T13:45:00+00:00,1.08071,1.08100,1.08067,1.08094,100
2026-01-14T13:50:00+00:00,1.08094,1.08101,1.08088,1.08100,100
2026-01-14T13:55:00+00:00,1.08100,1.08111,1.08095,1.08110,100
2026-01-14T14:00:00+00:00,1.08110,1.08117,1.08100,1.08109,100
2026-01-14T14:05:00+00:00,1.08109,1.08152,1.08104,1.08134,100
2026-01-14T14:10:00+00:00,1.08134,1.08143,1.08121,1.08132,100
2026-01-14T14:15:00+00:00,1.08132,1.08164,1.08123,1.08136,100
2026-01-14T14:20:00+00:00,1.08136,1.08162,1.08131,1.08158,100
2026-01-14T14:25:00+00:00,1.08158,1.08194,1.08153,1.08192,100
2026-01-14T14:30:00+00:00,1.08192,1.08198,1.08177,1.08182,100
2026-01-14T14:35:00+00:00,1.08182,1.08213,1.08164,1.08210,100
2026-01-14T14:40:00+00:00,1.08210,1.08264,1.08203,1.08242,100
2026-01-14T14:45:00+00:00,1.08242,1.08254,1.08194,1.08205,100
2026-01-14T14:50:00+00:00,1.08205,1.08244,1.08181,1.08235,100
2026-01-14T14:55:00+00:00,1.08235,1.08247,1.08217,1.08225,100
2026-01-14T15:00:00+00:00,1.08225,1.08254,1.08219,1.08252,100
2026-01-14T15:05:00+00:00,1.08252,1.08269,1.08226,1.08246,100
2026-01-14T15:10:00+00:00,1.08246,1.08271,1.08237,1.08257,100
2026-01-14T15:15:00+00:00,1.08257,1.08270,1.08255,1.08265,100
2026-01-14T15:20:00+00:00,1.08265,1.08283,1.08253,1.08267,100
2026-01-14T15:25:00+00:00,1.08267,1.08275,1.08263,1.08266,100
2026-01-14T15:30:00+00:00,1.08266,1.08295,1.08253,1.08285,100
2026-01-14T15:35:00+00:00,1.08285,1.08313,1.08270,1.08312,100
2026-01-14T15:40:00+00:00,1.08312,1.08325,1.08293,1.08312,100
2026-01-14T15:45:00+00:00,1.08312,1.08321,1.08285,1.08302,100
2026-01-14T15:50:00+00:00,1.08302,1.08316,1.08295,1.08309,100
2026-01-14T15:55:00+00:00,1.08309,1.08316,1.08302,1.08307,100
2026-01-14T16:00:00+00:00,1.08307,1.08326,1.08304,1.08313,100
2026-01-14T16:05:00+00:00,1.08313,1.08314,1.08287,1.08308,100
2026-01-14T16:10:00+00:00,1.08308,1.08314,1.08289,1.08308,100
2026-01-14T16:15:00+00:00,1.08308,1.08311,1.08304,1.08310,100
2026-01-14T16:20:00+00:00,1.08310,1.08352,1.08307,1.08335,100
2026-01-14T16:25:00+00:00,1.08335,1.08355,1.08326,1.08332,100
2026-01-14T16:30:00+00:00,1.08332,1.08332,1.08324,1.08327,100
2026-01-14T16:35:00+00:00,1.08327,1.08343,1.08308,1.08309,100
2026-01-14T16:40:00+00:00,1.08309,1.08312,1.08284,1.08303,100
2026-01-14T16:45:00+00:00,1.08303,1.08350,1.08279,1.08320,100
2026-01-14T16:50:00+00:00,1.08320,1.08336,1.08313,1.08327,100
2026-01-14T16:55:00+00:00,1.08327,1.08332,1.08291,1.08297,100
2026-01-14T17:00:00+00:00,1.08297,1.08319,1.08289,1.08290,100
2026-01-14T17:05:00+00:00,1.08290,1.08303,1.08275,1.08281,100
2026-01-14T17:10:00+00:00,1.08281,1.08291,1.08250,1.08276,100
2026-01-14T17:15:00+00:00,1.08276,1.08279,1.08242,1.08249,100
2026-01-14T17:20:00+00:00,1.08249,1.08265,1.08233,1.08254,100
2026-01-14T17:25:00+00:00,1.08254,1.08262,1.08247,1.08252,100
2026-01-14T17:30:00+00:00,1.08252,1.08266,1.08237,1.08259,100
2026-01-14T17:35:00+00:00,1.08259,1.08282,1.08250,1.08277,100
2026-01-14T17:40:00+00:00,1.08277,1.08282,1.08245,1.08255,100
2026-01-14T17:45:00+00:00,1.08255,1.08258,1.08237,1.08246,100
2026-01-14T17:50:00+00:00,1.08246,1.08265,1.08225,1.08231,100
2026-01-14T17:55:00+00:00,1.08231,1.08232,1.08211,1.08221,100
2026-01-14T18:00:00+00:00,1.08221,1.08248,1.08210,1.08221,100
2026-01-14T18:05:00+00:00,1.08221,1.08242,1.08190,1.08197,100
2026-01-14T18:10:00+00:00,1.08197,1.08228,1.08191,1.08207,100
2026-01-14T18:15:00+00:00,1.08207,1.08215,1.08163,1.08179,100
2026-01-14T18:20:00+00:00,1.08179,1.08190,1.08162,1.08177,100
2026-01-14T18:25:00+00:00,1.08177,1.08184,1.08133,1.08158,100
2026-01-14T18:30:00+00:00,1.08158,1.08159,1.08139,1.08143,100
2026-01-14T18:35:00+00:00,1.08143,1.08154,1.08116,1.08118,100
2026-01-14T18:40:00+00:00,1.08118,1.08121,1.08091,1.08101,100
2026-01-14T18:45:00+00:00,1.08101,1.08105,1.08069,1.08095,100
2026-01-14T18:50:00+00:00,1.08095,1.08096,1.08080,1.08082,100
2026-01-14T18:55:00+00:00,1.08082,1.08084,1.08066,1.08071,100
2026-01-14T19:00:00+00:00,1.08071,1.08074,1.08045,1.08059,100
2026-01-14T19:05:00+00:00,1.08059,1.08080,1.08050,1.08073,100
2026-01-14T19:10:00+00:00,1.08073,1.08120,1.08067,1.08104,100
2026-01-14T19:15:00+00:00,1.08104,1.08111,1.08099,1.08109,100
2026-01-14T19:20:00+00:00,1.08109,1.08118,1.08107,1.08117,100
2026-01-14T19:25:00+00:00,1.08117,1.08137,1.08115,1.08125,100
2026-01-14T19:30:00+00:00,1.08125,1.08135,1.08115,1.08134,100
2026-01-14T19:35:00+00:00,1.08134,1.08145,1.08126,1.08145,100
2026-01-14T19:40:00+00:00,1.08145,1.08164,1.08133,1.08135,100
2026-01-14T19:45:00+00:00,1.08135,1.08161,1.08114,1.08139,100
2026-01-14T19:50:00+00:00,1.08139,1.08141,1.08138,1.08141,100
2026-01-14T19:55:00+00:00,1.08141,1.08162,1.08130,1.08150,100
2026-01-14T20:00:00+00:00,1.08150,1.08154,1.08147,1.08150,100
2026-01-14T20:05:00+00:00,1.08150,1.08189,1.08143,1.08171,100
2026-01-14T20:10:00+00:00,1.08171,1.08200,1.08166,1.08189,100
2026-01-14T20:15:00+00:00,1.08189,1.08210,1.08187,1.08202,100
2026-01-14T20:20:00+00:00,1.08202,1.08235,1.08199,1.08230,100
2026-01-14T20:25:00+00:00,1.08230,1.08245,1.08225,1.08241,100
2026-01-14T20:30:00+00:00,1.08241,1.08292,1.08236,1.08269,100
2026-01-14T20:35:00+00:00,1.08269,1.08292,1.08263,1.08291,100
2026-01-14T20:40:00+00:00,1.08291,1.08306,1.08289,1.08298,100
2026-01-14T20:45:00+00:00,1.08298,1.08309,1.08292,1.08299,100
2026-01-14T20:50:00+00:00,1.08299,1.08313,1.08289,1.08307,100
2026-01-14T20:55:00+00:00,1.08307,1.08338,1.08299,1.08331,100
2026-01-14T21:00:00+00:00,1.08331,1.08362,1.08327,1.08344,100
2026-01-14T21:05:00+00:00,1.08344,1.08348,1.08307,1.08321,100
2026-01-14T21:10:00+00:00,1.08321,1.08347,1.08318,1.08346,100
2026-01-14T21:15:00+00:00,1.08346,1.08398,1.08328,1.08388,100
2026-01-14T21:20:00+00:00,1.08388,1.08413,1.08374,1.08403,100
2026-01-14T21:25:00+00:00,1.08403,1.08446,1.08393,1.08422,100
2026-01-14T21:30:00+00:00,1.08422,1.08463,1.08407,1.08444,100
2026-01-14T21:35:00+00:00,1.08444,1.08458,1.08436,1.08443,100
2026-01-14T21:40:00+00:00,1.08443,1.08457,1.08430,1.08449,100
2026-01-14T21:45:00+00:00,1.08449,1.08468,1.08432,1.08466,100
2026-01-14T21:50:00+00:00,1.08466,1.08467,1.08452,1.08457,100
2026-01-14T21:55:00+00:00,1.08457,1.08479,1.08436,1.08475,100
2026-01-14T22:00:00+00:00,1.08475,1.08476,1.08469,1.08471,100
2026-01-14T22:05:00+00:00,1.08471,1.08510,1.08464,1.08504,100
2026-01-14T22:10:00+00:00,1.08504,1.08538,1.08498,1.08530,100
2026-01-14T22:15:00+00:00,1.08530,1.08552,1.08526,1.08547,100
2026-01-14T22:20:00+00:00,1.08547,1.08571,1.08541,1.08558,100
2026-01-14T22:25:00+00:00,1.08558,1.08560,1.08533,1.08546,100
2026-01-14T22:30:00+00:00,1.08546,1.08558,1.08535,1.08555,100
2026-01-14T22:35:00+00:00,1.08555,1.08568,1.08549,1.08564,100
2026-01-14T22:40:00+00:00,1.08564,1.08582,1.08563,1.08571,100
2026-01-14T22:45:00+00:00,1.08571,1.08606,1.08563,1.08595,100
2026-01-14T22:50:00+00:00,1.08595,1.08606,1.08583,1.08604,100
2026-01-14T22:55:00+00:00,1.08604,1.08625,1.08583,1.08625,100
2026-01-14T23:00:00+00:00,1.08625,1.08627,1.08602,1.08607,100
2026-01-14T23:05:00+00:00,1.08607,1.08609,1.08570,1.08574,100
2026-01-14T23:10:00+00:00,1.08574,1.08580,1.08528,1.08546,100
2026-01-14T23:15:00+00:00,1.08546,1.08552,1.08496,1.08512,100
2026-01-14T23:20:00+00:00,1.08512,1.08534,1.08474,1.08476,100
2026-01-14T23:25:00+00:00,1.08476,1.08483,1.08451,1.08457,100
2026-01-14T23:30:00+00:00,1.08457,1.08464,1.08437,1.08447,100
2026-01-14T23:35:00+00:00,1.08447,1.08449,1.08418,1.08419,100
2026-01-14T23:40:00+00:00,1.08419,1.08423,1.08385,1.08399,100
2026-01-14T23:45:00+00:00,1.08399,1.08407,1.08328,1.08328,100
2026-01-14T23:50:00+00:00,1.08328,1.08331,1.08295,1.08300,100
2026-01-14T23:55:00+00:00,1.08300,1.08305,1.08247,1.08257,100
2026-01-15T00:00:00+00:00,1.08257,1.08294,1.08224,1.08225,100
2026-01-15T00:05:00+00:00,1.08225,1.08242,1.08178,1.08179,100
2026-01-15T00:10:00+00:00,1.08179,1.08187,1.08116,1.08128,100
2026-01-15T00:15:00+00:00,1.08128,1.08137,1.08073,1.08081,100
2026-01-15T00:20:00+00:00,1.08081,1.08085,1.08049,1.08057,100
2026-01-15T00:25:00+00:00,1.08057,1.08067,1.07997,1.08011,100
2026-01-15T00:30:00+00:00,1.08011,1.08014,1.07967,1.07980,100
2026-01-15T00:35:00+00:00,1.07980,1.08028,1.07971,1.08016,100
2026-01-15T00:40:00+00:00,1.08016,1.08045,1.08016,1.08043,100
2026-01-15T00:45:00+00:00,1.08043,1.08094,1.08037,1.08091,100
2026-01-15T00:50:00+00:00,1.08091,1.08101,1.08086,1.08094,100
2026-01-15T00:55:00+00:00,1.08094,1.08099,1.08077,1.08098,100
2026-01-15T01:00:00+00:00,1.08098,1.08116,1.08087,1.08096,100
2026-01-15T01:05:00+00:00,1.08096,1.08098,1.08081,1.08092,100
2026-01-15T01:10:00+00:00,1.08092,1.08094,1.08073,1.08086,100
2026-01-15T01:15:00+00:00,1.08086,1.08100,1.08079,1.08094,100
2026-01-15T01:20:00+00:00,1.08094,1.08120,1.08079,1.08118,100
2026-01-15T01:25:00+00:00,1.08118,1.08141,1.08113,1.08140,100
2026-01-15T01:30:00+00:00,1.08140,1.08170,1.08135,1.08168,100
2026-01-15T01:35:00+00:00,1.08168,1.08184,1.08149,1.08182,100
2026-01-15T01:40:00+00:00,1.08182,1.08201,1.08169,1.08200,100
2026-01-15T01:45:00+00:00,1.08200,1.08233,1.08182,1.08226,100
2026-01-15T01:50:00+00:00,1.08226,1.08243,1.08219,1.08239,100
2026-01-15T01:55:00+00:00,1.08239,1.08271,1.08225,1.08267,100
2026-01-15T02:00:00+00:00,1.08267,1.08283,1.08259,1.08271,100
2026-01-15T02:05:00+00:00,1.08271,1.08296,1.08267,1.08287,100
2026-01-15T02:10:00+00:00,1.08287,1.08319,1.08278,1.08311,100
2026-01-15T02:15:00+00:00,1.08311,1.08321,1.08293,1.08308,100
2026-01-15T02:20:00+00:00,1.08308,1.08317,1.08284,1.08286,100
2026-01-15T02:25:00+00:00,1.08286,1.08299,1.08255,1.08262,100
2026-01-15T02:30:00+00:00,1.08262,1.08278,1.08216,1.08246,100
2026-01-15T02:35:00+00:00,1.08246,1.08267,1.08234,1.08234,100
2026-01-15T02:40:00+00:00,1.08234,1.08244,1.08226,1.08227,100
2026-01-15T02:45:00+00:00,1.08227,1.08231,1.08202,1.08204,100
2026-01-15T02:50:00+00:00,1.08204,1.08226,1.08171,1.08190,100
2026-01-15T02:55:00+00:00,1.08190,1.08195,1.08163,1.08178,100
2026-01-15T03:00:00+00:00,1.08178,1.08189,1.08129,1.08137,100
2026-01-15T03:05:00+00:00,1.08137,1.08147,1.08078,1.08090,100
2026-01-15T03:10:00+00:00,1.08090,1.08103,1.08064,1.08082,100
2026-01-15T03:15:00+00:00,1.08082,1.08086,1.08042,1.08045,100
2026-01-15T03:20:00+00:00,1.08045,1.08062,1.08010,1.08019,100
2026-01-15T03:25:00+00:00,1.08019,1.08042,1.07973,1.07974,100
2026-01-15T03:30:00+00:00,1.07974,1.07996,1.07957,1.07969,100
2026-01-15T03:35:00+00:00,1.07969,1.07997,1.07956,1.07992,100
2026-01-15T03:40:00+00:00,1.07992,1.08027,1.07991,1.07998,100
2026-01-15T03:45:00+00:00,1.07998,1.08003,1.07988,1.07997,100
2026-01-15T03:50:00+00:00,1.07997,1.08027,1.07985,1.08015,100
2026-01-15T03:55:00+00:00,1.08015,1.08041,1.08015,1.08033,100
2026-01-15T04:00:00+00:00,1.08033,1.08058,1.08028,1.08057,100
2026-01-15T04:05:00+00:00,1.08057,1.08102,1.08056,1.08102,100
2026-01-15T04:10:00+00:00,1.08102,1.08152,1.08096,1.08149,100
2026-01-15T04:15:00+00:00,1.08149,1.08176,1.08146,1.08174,100
2026-01-15T04:20:00+00:00,1.08174,1.08209,1.08163,1.08207,100
2026-01-15T04:25:00+00:00,1.08207,1.08232,1.08190,1.08219,100
2026-01-15T04:30:00+00:00,1.08219,1.08293,1.08216,1.08287,100
2026-01-15T04:35:00+00:00,1.08287,1.08330,1.08281,1.08317,100
2026-01-15T04:40:00+00:00,1.08317,1.08369,1.08298,1.08369,100
2026-01-15T04:45:00+00:00,1.08369,1.08416,1.08362,1.08414,100
2026-01-15T04:50:00+00:00,1.08414,1.08431,1.08412,1.08413,100
2026-01-15T04:55:00+00:00,1.08413,1.08425,1.08397,1.08408,100
2026-01-15T05:00:00+00:00,1.08408,1.08411,1.08400,1.08409,100
2026-01-15T05:05:00+00:00,1.08409,1.08414,1.08400,1.08406,100
2026-01-15T05:10:00+00:00,1.08406,1.08422,1.08405,1.08414,100
2026-01-15T05:15:00+00:00,1.08414,1.08431,1.08382,1.08396,100
2026-01-15T05:20:00+00:00,1.08396,1.08398,1.08389,1.08395,100
2026-01-15T05:25:00+00:00,1.08395,1.08417,1.08392,1.08417,100
2026-01-15T05:30:00+00:00,1.08417,1.08428,1.08361,1.08392,100
2026-01-15T05:35:00+00:00,1.08392,1.08397,1.08383,1.08387,100
2026-01-15T05:40:00+00:00,1.08387,1.08403,1.08362,1.08368,100
2026-01-15T05:45:00+00:00,1.08368,1.08389,1.08360,1.08387,100
2026-01-15T05:50:00+00:00,1.08387,1.08397,1.08377,1.08393,100
2026-01-15T05:55:00+00:00,1.08393,1.08429,1.08390,1.08415,100
2026-01-15T06:00:00+00:00,1.08415,1.08417,1.08395,1.08397,100
2026-01-15T06:05:00+00:00,1.08397,1.08410,1.08378,1.08383,100
2026-01-15T06:10:00+00:00,1.08383,1.08396,1.08378,1.08384,100
2026-01-15T06:15:00+00:00,1.08384,1.08400,1.08363,1.08386,100
2026-01-15T06:20:00+00:00,1.08386,1.08401,1.08385,1.08389,100
2026-01-15T06:25:00+00:00,1.08389,1.08403,1.08373,1.08377,100
2026-01-15T06:30:00+00:00,1.08377,1.08389,1.08360,1.08386,100
2026-01-15T06:35:00+00:00,1.08386,1.08398,1.08354,1.08379,100
2026-01-15T06:40:00+00:00,1.08379,1.08385,1.08360,1.08362,100
2026-01-15T06:45:00+00:00,1.08362,1.08364,1.08347,1.08354,100
2026-01-15T06:50:00+00:00,1.08354,1.08387,1.08342,1.08366,100
2026-01-15T06:55:00+00:00,1.08366,1.08372,1.08341,1.08355,100
2026-01-15T07:00:00+00:00,1.08355,1.08370,1.08335,1.08341,100
2026-01-15T07:05:00+00:00,1.08341,1.08366,1.08337,1.08341,100
2026-01-15T07:10:00+00:00,1.08341,1.08359,1.08334,1.08347,100
2026-01-15T07:15:00+00:00,1.08347,1.08356,1.08325,1.08331,100
2026-01-15T07:20:00+00:00,1.08331,1.08334,1.08305,1.08325,100
2026-01-15T07:25:00+00:00,1.08325,1.08343,1.08306,1.08321,100
2026-01-15T07:30:00+00:00,1.08321,1.08323,1.08306,1.08308,100
2026-01-15T07:35:00+00:00,1.08308,1.08314,1.08301,1.08310,100
2026-01-15T07:40:00+00:00,1.08310,1.08311,1.08294,1.08303,100
2026-01-15T07:45:00+00:00,1.08303,1.08320,1.08275,1.08291,100
2026-01-15T07:50:00+00:00,1.08291,1.08302,1.08281,1.08298,100
2026-01-15T07:55:00+00:00,1.08298,1.08304,1.08273,1.08278,100
2026-01-15T08:00:00+00:00,1.08278,1.08286,1.08272,1.08275,100
2026-01-15T08:05:00+00:00,1.08275,1.08290,1.08238,1.08241,100
2026-01-15T08:10:00+00:00,1.08241,1.08259,1.08238,1.08250,100
2026-01-15T08:15:00+00:00,1.08250,1.08252,1.08214,1.08223,100
2026-01-15T08:20:00+00:00,1.08223,1.08238,1.08209,1.08214,100
2026-01-15T08:25:00+00:00,1.08214,1.08237,1.08203,1.08228,100
2026-01-15T08:30:00+00:00,1.08228,1.08249,1.08221,1.08244,100
2026-01-15T08:35:00+00:00,1.08244,1.08249,1.08204,1.08221,100
2026-01-15T08:40:00+00:00,1.08221,1.08226,1.08220,1.08224,100
2026-01-15T08:45:00+00:00,1.08224,1.08231,1.08216,1.08218,100
2026-01-15T08:50:00+00:00,1.08218,1.08225,1.08193,1.08197,100
2026-01-15T08:55:00+00:00,1.08197,1.08222,1.08185,1.08200,100
2026-01-15T09:00:00+00:00,1.08200,1.08207,1.08190,1.08199,100
2026-01-15T09:05:00+00:00,1.08199,1.08205,1.08180,1.08181,100
2026-01-15T09:10:00+00:00,1.08181,1.08187,1.08170,1.08171,100
2026-01-15T09:15:00+00:00,1.08171,1.08183,1.08161,1.08168,100
2026-01-15T09:20:00+00:00,1.08168,1.08177,1.08163,1.08164,100
2026-01-15T09:25:00+00:00,1.08164,1.08181,1.08157,1.08164,100
2026-01-15T09:30:00+00:00,1.08164,1.08170,1.08145,1.08166,100
2026-01-15T09:35:00+00:00,1.08166,1.08211,1.08156,1.08202,100
2026-01-15T09:40:00+00:00,1.08202,1.08236,1.08200,1.08230,100
2026-01-15T09:45:00+00:00,1.08230,1.08235,1.08209,1.08233,100
2026-01-15T09:50:00+00:00,1.08233,1.08257,1.08209,1.08254,100
2026-01-15T09:55:00+00:00,1.08254,1.08293,1.08242,1.08282,100
